id,source,title,company,primary_location,locations,remote,salary_status,salary_min,salary_max,salary_currency,salary_period,sap_focus,role_family,seniority,modules,skills,posted_at,url,description_excerpt
5ef2dacbbdea9b22,arbeitnow,Junior Manager Treasury (m/w/d),ANGEHEUERT GmbH Personalberatung,Trier,Trier,False,Not disclosed,,,,,SAP mentioned,Other SAP-Related,Junior,Unspecified SAP,English,2026-08-27T08:01:08,https://www.arbeitnow.com/jobs/companies/angeheuert-gmbh-personalberatung/junior-manager-treasury-trier-484779,"Du möchtest einen Treasury Bereich nicht nur operativ betreuen, sondern Strukturen und Prozesse von Grund auf mitgestalten und weiterentwickeln? Dann könnte diese neu geschaffene Position genau das Richtige für dich sein. Unser Kunde ist ein familiengeführtes Unternehmen mit rund 370 Mitarbeitenden und gestaltet seit vielen Jahren die Energiewende aktiv mit. Das Leistungsspektrum reicht von Photovoltaik über Batterie"
7cad6a74ab0e560b,arbeitnow,Director of ERP Integrations,BLP Digital AG,Remote Europe (Other),Remote Europe (Other),False,Not disclosed,,,,,SAP mentioned,Technical / Development,Lead / Manager,Unspecified SAP,English; German,2026-09-02T02:40:08,https://www.arbeitnow.com/jobs/companies/blp-digital-ag/director-of-erp-integrations-munich-402793,"Join BLP Digital — The #1 Solution for ERP Automation BLP Digital is redefining ERP automation with agentic AI. Spun out of ETH Zurich and HSG, we build AI agents that automate finance, procurement, logistics, sales, and more for some of the world's largest enterprises. We solve real enterprise problems with cutting-edge technology and a strong sense of ownership. Our solution is live in 40+ countries, used by 550+ c"
be472ce380c1e02d,arbeitnow,"Leiter Controlling (a) - Produktion | 100% | Raum: Bodenseeregion, AU",CONCAPE,Lindau,Lindau,False,Not disclosed,,,,,SAP module/technical requirement,Data / Analytics,Mid / Unspecified,FI / CO / FICO,English; German,2026-08-27T20:17:25,https://www.arbeitnow.com/jobs/companies/concape/leitung-controlling-a-produktion-100-raum-bodenseeregion-au-lindau-466803,"Du willst Controlling nicht verwalten, sondern gestalten? In dieser Rolle verantwortest du das Produktionscontrolling eines mittelständischen Fertigungsunternehmens, führst ein kleines Team und bist zugleich die controllingseitige Klammer für die Tochtergesellschaften. Aufgaben Deine Aufgaben Du durchleuchtest Fertigungskosten und -abläufe, entwickelst die relevanten Kennzahlen weiter und leitest daraus konkrete Hand"
114e912d461e51f6,arbeitnow,"Leiter Produktionscontrolling (a) | 100% | Raum: Bodenseeregion, AU",CONCAPE,Ulm,Ulm,False,Not disclosed,,,,,SAP module/technical requirement,Data / Analytics,Mid / Unspecified,FI / CO / FICO,German,2026-08-31T08:00:52,https://www.arbeitnow.com/jobs/companies/concape/leiter-produktionscontrolling-a-100-raum-bodenseeregion-au-ulm-243177,"Du willst Controlling nicht verwalten, sondern gestalten? In dieser Rolle verantwortest du das Produktionscontrolling eines mittelständischen Fertigungsunternehmens, führst ein kleines Team und bist zugleich die controllingseitige Klammer für die Tochtergesellschaften. Aufgaben Deine Aufgaben Du durchleuchtest Fertigungskosten und -abläufe, entwickelst die relevanten Kennzahlen weiter und leitest daraus konkrete Hand"
8287da53c54a41a8,arbeitnow,Teamleiter Backoffice (m/w/d),CURRENTA GRUPPE,Leverkusen,Leverkusen; Nordrhein-Westfalen; Deutschland,False,Not disclosed,,,,,SAP mentioned,Support / Operations,Mid / Unspecified,Unspecified SAP,German,2026-08-29T11:30:08,https://www.arbeitnow.com/jobs/companies/currenta-gruppe/teamleiter-backoffice-leverkusen-150981,"Lern uns kennen Die Chemion Logistik GmbH ist ein Logistikdienstleister, der auf die Bedürfnisse der Chemie und chemienahen Geschäftszweige spezialisiert ist. Wir beschäftigen an den drei CHEMPARK-Standorten (Leverkusen, Dormagen und Krefeld-Uerdingen) insgesamt ca. 900 Mitarbeiter*innen in den Bereichen Transport, Lagerung, Umschlag, Expedition, Equipment und Schulung. #Traumjob, #TeamChemion, #neueChancen Unterstüt"
648945a0a3778bc3,arbeitnow,Teamleiter Disposition Bahn (m/w/d),CURRENTA GRUPPE,Dormagen,Dormagen; Nordrhein-Westfalen; Deutschland,False,Not disclosed,,,,,SAP mentioned,Other SAP-Related,Mid / Unspecified,Unspecified SAP,English,2026-08-29T11:30:08,https://www.arbeitnow.com/jobs/companies/currenta-gruppe/teamleiter-disposition-bahn-dormagen-424978,"Lern uns kennen Die Chemion Logistik GmbH ist ein Logistikdienstleister, der auf die Bedürfnisse der Chemie und chemienahen Geschäftszweige spezialisiert ist. Wir beschäftigen an den drei CHEMPARK-Standorten (Leverkusen, Dormagen und Krefeld-Uerdingen) insgesamt ca. 900 Mitarbeiter*innen in den Bereichen Transport, Lagerung, Umschlag, Expedition, Equipment und Schulung. #Traumjob, #TeamChemion, #neueChancen Unterstüt"
ca8d8c1931e31d1c,arbeitnow,Teamleiter Technical Support & Project (m/w/d),CURRENTA GRUPPE,Leverkusen,Leverkusen; Nordrhein-Westfalen; Deutschland,False,Not disclosed,,,,,SAP mentioned,Support / Operations,Mid / Unspecified,Unspecified SAP,English; German,2026-08-29T11:30:08,https://www.arbeitnow.com/jobs/companies/currenta-gruppe/teamleiter-technical-support-project-leverkusen-237818,"Lern uns kennen Die Chemion Logistik GmbH ist ein Logistikdienstleister, der auf die Bedürfnisse der Chemie und chemienahen Geschäftszweige spezialisiert ist. Wir beschäftigen an den drei CHEMPARK-Standorten (Leverkusen, Dormagen und Krefeld-Uerdingen) insgesamt ca. 900 Mitarbeiter*innen in den Bereichen Transport, Lagerung, Umschlag, Expedition, Equipment und Schulung. #Traumjob, #TeamChemion, #neueChancen Unterstüt"
b63c7a5ed4b0e1de,arbeitnow,Senior Accountant / Bilanzbuchhalter (m/w/d),Cube Green Energy Topco Ltd,Berlin Office,Berlin Office,False,Not disclosed,,,,,SAP mentioned,Support / Operations,Senior,Unspecified SAP,English; German,2026-09-02T08:09:55,https://www.arbeitnow.com/jobs/companies/cube-green-energy-topco-ltd/senior-accountant-bilanzbuchhalter-berlin-office-374674,"Your mission Als Senior Accountant / Bilanzbuchhalter wirst Du Teil unseres zentralen Accounting-Teams. Du übernimmst die fachliche Führung der AP/AR-Accou ntants und arbeitest eng mit Controlling, Treasury, Steuerberatern und Wirtschaftsprüfern zusammen. Darüber hinaus unterstützt Du den weiteren Aufbau einer modernen, internationalen Finanzorganisation. Erstellung von Monats-, Quartals- und Jahresabschlüssen nach H"
5804403c73d50bce,arbeitnow,Senior Bilanzbuchhalter (m/w/d)- hybrid,Datwyler IT Infra,Hattersheim am Main,Hattersheim am Main,False,Not disclosed,,,,,SAP module/technical requirement,Other SAP-Related,Senior,HCM / SuccessFactors,,2026-08-31T08:30:43,https://www.arbeitnow.com/jobs/companies/datwyler-it-infra/senior-bilanzbuchhalter-hybrid-hattersheim-am-main-177854,"Wir schaffen Kundennutzen mit maßgeschneiderten IT-Infrastruktur-Lösungen und herausragender Fachkompetenz. Dätwyler IT Infra ist ein international etabliertes Unternehmen mit Hauptsitz in der Schweiz und Niederlassungen in Europa, dem Nahen Osten und Asien. Unser Unternehmen liefert erstklassige IT-Systemlösungen, Produkte und Dienstleistungen für Rechenzentren, Glasfasernetzwerke (Campus, FTTx) und intelligente Geb"
9397e874b0f80034,arbeitnow,Teamleiter (m/w/d) Produktionscontrolling,Deutsche Extrakt Kaffee GmbH,Hamburg,Hamburg,False,Not disclosed,,,,,SAP mentioned,Other SAP-Related,Mid / Unspecified,Unspecified SAP,English,2026-09-02T13:20:11,https://www.arbeitnow.com/jobs/companies/deutsche-extrakt-kaffee-gmbh/teamleiter-produktionscontrolling-hamburg-212801,"Ihre neue Herausforderung als Teamleiter (m/w/d) Produktionscontrolling Sie kennen die Zahlen hinter einer Produktion und möchten künftig nicht nur analysieren, was passiert ist, sondern gemeinsam mit Ihrem Team mitgestalten, was als Nächstes kommt? Dann könnte diese Position gut zu Ihnen passen. Als erfahrene:r Produktionscontroller (m/w/d) übernehmen Sie die fachliche Verantwortung für ein kleines, erfahrenes Team "
e07a4dd339961808,arbeitnow,Staff Backend Engineer,Develocity,Germany,Germany,False,Not disclosed,,,,,SAP mentioned,Technical / Development,Lead / Manager,Unspecified SAP,English,2026-08-27T23:45:23,https://www.arbeitnow.com/jobs/companies/develocity/staff-backend-engineer-germany-71024,"Who We Are AI is changing how software gets built. Code production is becoming a commodity. The focus is shifting from writing code to specifying, orchestrating, verifying, and governing change – and the toolchain is the new constraint. We are at the center of this shift. We build Develocity, a toolchain observability and intelligence platform used by some of the world's leading software organizations – Netflix, Airb"
55e287fe9cdc1410,arbeitnow,Management Consultant Enterprise Architecture (all genders),Eraneos,Hamburg,Hamburg; München; Germany; remote,False,Not disclosed,,,,,SAP mentioned,Technical / Development,Lead / Manager,Unspecified SAP,Agile / Scrum; English; German,2026-08-30T20:09:47,https://www.arbeitnow.com/jobs/companies/eraneos/remote-management-consultant-enterprise-architecture-all-genders-134969,"What you can expect from us As part of our Sourcing & IT Advisory team, you will help clients shape and deliver complex business and IT transformations across industries. Our tasks focus on complex transformation projects: Enterprise Architecture & Strategy: Define enterprise architecture strategies, governance models, target architectures, and roadmaps aligned with business objectives and value streams Business & Ap"
fde801de3d57c9b6,arbeitnow,Senior SAP BTP Consultant (m/w/d),Fairconsult 247 Gmbh,Germany,Germany,False,Not disclosed,,,,,Core SAP delivery role,Technical / Development,Senior,S/4HANA; ABAP / Development; BTP / Integration; Fiori / UI5,S/4HANA; SAP BTP; SAP Fiori; CPI / Integration Suite; OData; RAP / CAP; German,2026-09-01T17:09:19,https://www.arbeitnow.com/jobs/companies/fairconsult-247-gmbh/senior-sap-btp-consultant-heidelberg-145957,"Deine Aufgaben Beratung unserer Kunden bei der Konzeption, Einführung und Weiterentwicklung von Lösungen auf der SAP Business Technology Platform (BTP) Analyse bestehender Geschäftsprozesse und Entwicklung innovativer Cloud-Lösungen auf Basis der SAP BTP Konzeption und Umsetzung von Side- by -Side- Extensions für SAP S/4HANA und weitere SAP-Lösungen Entwicklung und Implementierung von Anwendungen mit SAP Build , SAP "
deafe7aefeb96fa6,arbeitnow,Senior/Principal Consultant SAP Security & Berechtigungen (m/w/d),Gambit,Deutschland,Deutschland,False,Not disclosed,,,,,Core SAP delivery role,Basis / Security,Lead / Manager,S/4HANA; BTP / Integration; Basis / Security,S/4HANA; SAP BTP; GRC / Security,2026-08-31T08:09:06,https://www.arbeitnow.com/jobs/companies/gambit/senior-principal-consultant-sap-security-berechtigungen-deutschland-287210,"Deine Aufgaben Diese Aufgaben erwarten Dich: Du konzipierst, implementierst und optimierst SAP Berechtigungskonzepte – sowohl On-Premise als auch in Cloud-Umgebungen. Du berätst Kunden zu SAP Security- und Compliance-Themen, inklusive Governance, Risk & Compliance. Du führst Kundengespräche, Workshops und Presales-Termine eigenständig durch – von der Anforderungsaufnahme bis zur Lösungspräsentation. Du unterstützt be"
683dae147eb7e5ab,arbeitnow,SAP Account Executive (m/w/d),Implico Gmbh,Hamburg,Hamburg,False,Not disclosed,,,,,SAP-titled role,Support / Operations,Mid / Unspecified,Unspecified SAP,English; German,2026-08-30T20:09:15,https://www.arbeitnow.com/jobs/companies/implico-gmbh/sap-account-executive-hamburg-4761,"Deine Aufgaben Du weißt, dass du zu den Besten gehörst. Dein Umfeld weiß es auch. Aber deine aktuelle Rolle gibt dir nicht mehr den Raum, den du verdienst. Du hast in den letzten Jahren Deals geschlossen, die andere für unmöglich hielten. Du kennst das SAP-Ökosystem nicht aus Präsentationen – sondern aus echten Co-Sell-Gesprächen, aus Partnerverhandlungen, aus Abschlüssen, die du persönlich über die Linie gebracht ha"
fddf155da4986e59,arbeitnow,Bilanzbuchhalter (m/w/d) Fonds-Immobiliengesellschaft,Jobbusters® GmbH,Germany,Germany,False,Not disclosed,,,,,SAP mentioned,Other SAP-Related,Mid / Unspecified,Unspecified SAP,English,2026-08-30T10:30:31,https://www.arbeitnow.com/jobs/companies/jobbusters-gmbh/bilanzbuchhalter-fonds-immobiliengesellschaft-munich-363850,"Für ein etabliertes und professionelles Unternehmen am Standort München suchen wir im Rahmen der exklusiven Direktvermittlung einen Bilanzbuchhalter oder Steuerfachangestellten (m/w/d) mit Erfahrung in der Betreuung von Gesellschaften aus dem Fonds- und Immobilienumfeld. Aufgaben Sie übernehmen die laufende buchhalterische Betreuung mehrerer Gesellschaften aus dem Fonds- und Immobilienbereich, insbesondere in den Rec"
31fa52d2b3c75373,arbeitnow,IT-Administrator (m|w|d),LeySelect GmbH,Frankfurt am Main,Frankfurt am Main,False,Not disclosed,,,,,SAP mentioned,Support / Operations,Mid / Unspecified,Unspecified SAP,English,2026-08-28T13:00:53,https://www.arbeitnow.com/jobs/companies/leyselect-gmbh/it-administrator-mwd-frankfurt-am-main-207982,"Unser Mandant ist ein auf Cyber Security spezialisiertes Beratungsunternehmen. Als SAP Silber Partner orientiert sich unser Mandant an den Bedürfnissen seiner Kunden und bietet innovative und nachhaltige Lösungen. So baut unser Mandant langfristige, vertrauensvolle, offene und ehrliche Kundenbeziehungen auf. Mit seiner langjährigen Erfahrung in den Bereichen Security Incident Response, IT-Forensik und Krisenmanagemen"
97f8ce1324f5514d,arbeitnow,Projektleiter (m/w/d) Modernisierung,Lödige Industries GmbH,Hanau,Hanau,False,Not disclosed,,,,,SAP module/technical requirement,Other SAP-Related,Mid / Unspecified,S/4HANA,S/4HANA,2026-09-01T08:30:46,https://www.arbeitnow.com/jobs/companies/lodige-industries-gmbh/projektleiter-modernisierung-hanau-146690,"Zur Verstärkung unseres Teams suchen wir für unseren Standort in Hanau einen engagierten und qualifizierten Projektleiter (m/w/d) Modernisierung in den Produktbereichen Aufzugstechnik, fördertechnischen Maschinen und Serviceprodukten. Lödige Industries mit Hauptsitz in Paderborn (NRW) ist mit mehr als 1.400 Mitarbeitern und Tochterunternehmen in Europa, Asien, Amerika, Australien und dem Nahen Osten einer der weltwei"
9fbfc61c159b8ce3,arbeitnow,Projektleiter (m/w/d) Modernisierung,Lödige Industries GmbH,Germany,Germany,False,Not disclosed,,,,,SAP module/technical requirement,Other SAP-Related,Mid / Unspecified,S/4HANA,S/4HANA,2026-09-01T08:30:46,https://www.arbeitnow.com/jobs/companies/lodige-industries-gmbh/projektleiter-modernisierung-berlin-168535,"Zur Verstärkung unseres Teams suchen wir für unseren Standort in Berlin einen engagierten und qualifizierten Projektleiter (m/w/d) Modernisierung in den Produktbereichen Aufzugstechnik, fördertechnischen Maschinen und Serviceprodukten. Lödige Industries mit Hauptsitz in Paderborn (NRW) ist mit mehr als 1.400 Mitarbeitern und Tochterunternehmen in Europa, Asien, Amerika, Australien und dem Nahen Osten einer der weltwe"
8ec543eb6696cf50,arbeitnow,Anlagenbuchhalter (m/w/d) Assetmanagement,MY Humancapital GmbH,Germany,Germany,False,Not disclosed,,,,,SAP mentioned,Other SAP-Related,Mid / Unspecified,Unspecified SAP,English,2026-08-28T17:00:39,https://www.arbeitnow.com/jobs/companies/my-humancapital-gmbh/anlagenbuchhalter-assetmanagement-munich-477972,"Im Auftrag unseres Partnerunternehmens in Münchner suchen wir Sie zum nächstmöglichen Zeitpunkt als „Anlagenbuchhalter (m/w/d)“. Aufgaben Als Asset Accountant (m/w/d) gestalten und optimieren Sie Prozesse im Asset Lifecycle Management und begleiten anlagenbezogene Abläufe Zudem verwalten Sie Stammdaten, erfassen komplexe Anlagenbewegungen und buchen Anlagen im Bau inklusive späterer Abrechnung Auch unterstützen Sie M"
587bef075f415081,arbeitnow,Auftragskoordinator Produktionsplanung (m/w/d),MY Humancapital GmbH,Germany,Germany,False,Not disclosed,,,,,SAP mentioned,Other SAP-Related,Mid / Unspecified,Unspecified SAP,English,2026-08-28T17:00:41,https://www.arbeitnow.com/jobs/companies/my-humancapital-gmbh/auftragskoordinator-produktionsplanung-munich-262965,Auftragskoordinator Produktionsplanung (m/w/d) - Vollzeit | München Im Auftrag unseres Partnerunternehmens in München suchen wir Sie zum nächstmöglichen Zeitpunkt als „Auftragskoordinator Produktionsplanung (m/w/d)“ . Aufgaben Als Produktionsplaner (m/w/d) erstellen und steuern Sie standortübergreifende Produktions- und Grobplanungen unter Berücksichtigung von Kapazitäten und Terminen Sie prüfen Kundenaufträge auf Re
a1f8f8fd299e8b3b,arbeitnow,Controller (m/w/d) im öffentlichen Dienst,MY Humancapital GmbH,Germany,Germany,False,Not disclosed,,,,,SAP module/technical requirement,Other SAP-Related,Mid / Unspecified,HCM / SuccessFactors,,2026-08-28T17:00:39,https://www.arbeitnow.com/jobs/companies/my-humancapital-gmbh/controller-im-offentlichen-dienst-munich-61263,"Im Auftrag unseres Partnerunternehmnes suchen wir Sie zum nächstmöglichen Zeitpunkt als „Controller (m/w/d)"". Aufgaben Als Controller (m/w/d) übernehmen Sie die Verantwortung für die Planung, Steuerung und Kontrolle sämtlicher betriebswirtschaftlicher Maßnahmen Dabei unterstützen sie die Geschäftsführung bei strategischen und operativen Entscheidungen durch fundierte Analysen Sie erstellen Forecasts, Budgetplanungen,"
94da30a910f53e4b,arbeitnow,Debitorenbuchhalter (m/w/d),MY Humancapital GmbH,Germany,Germany,False,Not disclosed,,,,,SAP mentioned,Other SAP-Related,Mid / Unspecified,Unspecified SAP,English,2026-08-28T17:00:42,https://www.arbeitnow.com/jobs/companies/my-humancapital-gmbh/debitorenbuchhalter-munich-126713,Debitorenbuchhalter (m/w/d) gesucht – Vollzeit | München | Homeoffice-Möglichkeit Im Auftrag unseres Partnerunternehmens aus dem Öffentlichen Dienst suchen wir Sie zum nächstmöglichen Zeitpunkt als „Debitorenbuchhalter (m/w/d)“. Aufgaben Sie erstellen Ausgangsrechnungen und Gutschriften und sorgen für eine termingerechte Abwicklung Sie pflegen Debitoren- und Stammdaten sowie buchhaltungsrelevante Informationen in SAP
8659ebc9d73492a7,arbeitnow,Kreditorenbuchhalter SAP (m/w/d),MY Humancapital GmbH,Germany,Germany,False,Not disclosed,,,,,SAP-titled role,Other SAP-Related,Mid / Unspecified,Unspecified SAP,English,2026-08-28T17:00:40,https://www.arbeitnow.com/jobs/companies/my-humancapital-gmbh/kreditorenbuchhalter-sap-munich-15649,"Im Auftrag unseres Kunden suchen wir Sie für den Standort München zum nächstmöglichen Zeitpunkt als „ Kreditorenbuchhalter SAP (m/w/d) “. Aufgaben Als Kreditorenbuchhalter (m/w/d) prüfen, erfassen und verbuchen Eingangsrechnungen in SAP Sie erstellen Belastungsanzeigen, Weiterberechnungen sowie Zahlläufe für nationale und internationale Lieferanten Darüber hinaus prüfen Sie Reisekostenabrechnungen und berücksichtigen"
76ff3602ab395415,arbeitnow,Personalreferent (m/w/d),MY Humancapital GmbH,Germany,Germany,False,Not disclosed,,,,,SAP mentioned,Other SAP-Related,Mid / Unspecified,Unspecified SAP,English,2026-08-28T17:00:40,https://www.arbeitnow.com/jobs/companies/my-humancapital-gmbh/personalreferent-munich-21478,Im Auftrag unseres Partnerunternehmens in München suchen wir Sie zum nächstmöglichen Zeitpunkt als „Personalreferent (m/w/d)“. Aufgaben Sie betreuen Personalprozesse über den gesamten Employee Lifecycle – von der Einstellung bis zum Austritt Als Ansprechperson beraten Sie Führungskräfte und Mitarbeitende in personalrelevanten Fragestellungen Zu Ihren Aufgaben gehört die Erstellung von Arbeitsverträgen sowie weiteren 
1a802ceeedb3ad9b,arbeitnow,Personalreferent HR Administration & Arbeitnehmerüberlassung (m/w/d),MY Humancapital GmbH,Germany,Germany,False,Not disclosed,,,,,SAP module/technical requirement,Other SAP-Related,Mid / Unspecified,HCM / SuccessFactors,English,2026-08-28T17:00:40,https://www.arbeitnow.com/jobs/companies/my-humancapital-gmbh/personalreferent-hr-administration-arbeitnehmeruberlassung-munich-148958,"Personalreferent HR Administration & Arbeitnehmerüberlassung (m/w/d) gesucht – Vollzeit | München Im Auftrag unseres Partnerunternehmens in München suchen wir Sie zum nächstmöglichen Zeitpunkt als „Personalreferent (m/w/d)“. Aufgaben Sie betreuen personaladministrative Prozesse über den gesamten Employee Lifecycle – von der Einstellung bis zum Austritt Sie begleiten personelle Einzelmaßnahmen, erstellen arbeitsrechtl"
dd93701268b61f23,arbeitnow,Personalreferent HR Administration (m/w/d),MY Humancapital GmbH,Kassel,Kassel,False,Not disclosed,,,,,SAP module/technical requirement,Other SAP-Related,Mid / Unspecified,HCM / SuccessFactors,,2026-08-28T17:00:42,https://www.arbeitnow.com/jobs/companies/my-humancapital-gmbh/personalreferent-hr-administration-kassel-372376,Personalreferent HR Administration (m/w/d) - Vollzeit | Kassel Im Auftrag unseres Partnerunternehmens in Kassel suchen wir Sie zum nächstmöglichen Zeitpunkt als „Personalreferent (m/w/d)“. Aufgaben Sie betreuen Mitarbeitende und Führungskräfte in allen personaladministrativen Themen mit Schwerpunkt Arbeitnehmerüberlassung Sie begleiten den gesamten Employee Life Cycle – vom Eintritt bis zum Austritt – und erstellen V
bdb84f2bd83a62e9,arbeitnow,Projektleiter (m/w/d) Simulationssysteme,MY Humancapital GmbH,Germany,Germany,False,Not disclosed,,,,,SAP mentioned,Other SAP-Related,Mid / Unspecified,Unspecified SAP,Agile / Scrum; German,2026-08-28T17:00:39,https://www.arbeitnow.com/jobs/companies/my-humancapital-gmbh/projektleiter-simulationssysteme-munich-204937,"Im Auftrag unseres Partnerunternehmens in München suchen wir Sie zum nächstmöglichen Zeitpunkt als „Projektleiter (m/w/d) “. Aufgaben Als Projektleiter (m/w/d) übernehmen Sie die Gesamtverantwortung für nationale und internationale Entwicklungsprojekte hinsichtlich Qualität, Terminen, Budget und Leistung Zudem steuern Sie komplexe technische Projekte und koordinieren interdisziplinäre Teams aus Entwicklung, Fertigung"
60516871d843bac5,arbeitnow,Qualitätsprüfer Wareneingang (m/w/d),MY Humancapital GmbH,Germany,Germany,False,Not disclosed,,,,,SAP mentioned,Other SAP-Related,Mid / Unspecified,Unspecified SAP,English,2026-08-28T17:00:42,https://www.arbeitnow.com/jobs/companies/my-humancapital-gmbh/qualitatsprufer-wareneingang-munich-488050,"Qualitätsprüfer Wareneingang (m/w/d) - Vollzeit | München Im Auftrag unseres Partnerunternehmens in München suchen wir Sie zum nächstmöglichen Zeitpunkt als „Qualitätsprüfer Wareneingang (m/w/d)“. Aufgaben Als Qualitätsprüfer (m/w/d) kontrollieren Sie Wareneingänge und Warenausgänge von Bauteilen und Baugruppen nach festgelegten Qualitätsstandards Sie führen Maß-, Oberflächen- und Beschichtungsprüfungen durch, setzen"
368b56e79597a123,arbeitnow,Sachbearbeiter Zoll Import & Export (m/w/d),MY Humancapital GmbH,Germany,Germany,False,Not disclosed,,,,,SAP module/technical requirement,Other SAP-Related,Mid / Unspecified,HCM / SuccessFactors,German,2026-08-28T17:00:43,https://www.arbeitnow.com/jobs/companies/my-humancapital-gmbh/sachbearbeiter-zoll-import-export-munich-492505,Sachbearbeiter Zoll Import & Export (m/w/d) - Vollzeit | 35 h/Woche | Münchner Westen Im Auftrag unseres Partnerunternehmens im Westen von München suchen wir Sie zum nächstmöglichen Zeitpunkt als „Sachbearbeiter Zoll Import & Export (m/w/d)“. Aufgaben Als Zollsachbearbeiter (m/w/d) wickeln Sie Import- und Exportvorgänge eigenständig ab und überführen Waren in die erforderlichen Zollverfahren Sie erstellen und überwac
0313bfab8924a54a,arbeitnow,Software Consultant .NET (m/w/d),MY Humancapital GmbH,Germany,Germany,False,Not disclosed,,,,,SAP mentioned,Functional Consulting,Mid / Unspecified,Unspecified SAP,English; German,2026-08-28T17:00:42,https://www.arbeitnow.com/jobs/companies/my-humancapital-gmbh/software-consultant-net-munich-436463,"Software Consultant .NET (m/w/d) - Vollzeit | München | Festanstellung | Homeoffice-Möglichkeit Im Auftrag unseres Partnerunternehmens in München suchen wir Sie zum nächstmöglichen Zeitpunkt als „Software Consultant .NET (m/w/d)“. Aufgaben Sie beraten Kunden bei der Einführung und Weiterentwicklung individueller Softwarelösungen und stehen ihnen als technischer Ansprechpartner zur Seite Sie analysieren Anforderungen,"
7fb3714c448b59be,arbeitnow,Technischer Property Manager (m/w/d),MY Humancapital GmbH,Germany,Germany,False,Not disclosed,,,,,SAP mentioned,Other SAP-Related,Lead / Manager,Unspecified SAP,English,2026-08-28T17:00:38,https://www.arbeitnow.com/jobs/companies/my-humancapital-gmbh/technischer-property-manager-munich-152862,"Im Auftrag unseres Partnerunternehmens in München suchen wir Sie zum nächstmöglichen Zeitpunkt als „Technischer Property Manager (m/w/d)“. Aufgaben Als technischer Objektmanager (m/w/d) betreuen und überwachen Sie Wohn- und Gewerbeimmobilien im laufenden Betrieb Zudem führen Sie Objektbegehungen durch, bewerten den Instandhaltungsbedarf und unterstützen die langfristige Maßnahmenplanung Auch steuern Sie Instandsetzun"
5df436c1d851d2c1,arbeitnow,Vergabemanager (m/w/d) Öffentliche Ausschreibung,MY Humancapital GmbH,Germany,Germany,False,Not disclosed,,,,,SAP mentioned,Other SAP-Related,Mid / Unspecified,Unspecified SAP,English,2026-08-28T17:00:39,https://www.arbeitnow.com/jobs/companies/my-humancapital-gmbh/vergabemanager-offentliche-ausschreibung-munich-343500,"Im Auftrag unseres Partnerunternehmens in München suchen wir Sie zum nächstmöglichen Zeitpunkt als „Vergabemanager (m/w/d) – Öffentliche Ausschreibungen“. Aufgaben Als Vergabemanager (m/w/d) steuern Sie nationale und europaweite Ausschreibungs- und Vergabeverfahren unter Einhaltung aktueller vergaberechtlicher Vorgaben Zudem beraten Sie interne Fachbereiche zu vergaberechtlichen Prozessen, geeigneten Vergabearten und"
f889ca6ed83a21df,arbeitnow,"Strategic Partner Lead, SAP",Mistral.ai,Germany,Germany,False,Not disclosed,,,,,Core SAP delivery role,Technical / Development,Lead / Manager,Unspecified SAP,,2026-08-27T23:40:17,https://www.arbeitnow.com/jobs/companies/mistralai/strategic-partner-lead-sap-munich-120527,"About Mistral Mistral provides full-stack AI solutions: from frontier models to developer tools, applications, and compute. We partner with enterprises tackling the hardest problems—across high-stakes industries like finance, manufacturing, defense, healthcare, and the public sector—co-creating customized AI systems that they can run on their terms. We are a dynamic, collaborative team passionate about AI and its pot"
c7ef8a9ccbcf9aae,arbeitnow,"Senior Partner Manager SI, Southern Europe",N8N,Berlin Office,Berlin Office,False,Mentioned in text,,,,,SAP mentioned,Technical / Development,Lead / Manager,Unspecified SAP,English; German,2026-08-28T08:40:11,https://www.arbeitnow.com/jobs/companies/n8n/senior-partner-manager-si-southern-europe-berlin-374775,"The AI orchestration of your wildest imagination. n8n is the open workflow orchestration platform built for the new era of AI. We give technical teams the freedom of code with the speed of no-code, so they can automate faster, smarter, and without limits. Backed by a fiercely inventive community and 500+ builder-approved integrations, we’re changing the way people bring systems together and scale ideas for impact. Si"
68f2d2c329e785f8,arbeitnow,Senior Product Manager - Core Experience,N8N,Berlin Office,Berlin Office,False,Mentioned in text,,,,,SAP mentioned,Technical / Development,Lead / Manager,Unspecified SAP,English; German,2026-09-02T05:40:02,https://www.arbeitnow.com/jobs/companies/n8n/senior-product-manager-core-experience-berlin-120518,"The AI orchestration of your wildest imagination. n8n is the open workflow orchestration platform built for the new era of AI. We give technical teams the freedom of code with the speed of no-code, so they can automate faster, smarter, and without limits. Backed by a fiercely inventive community and 500+ builder-approved integrations, we’re changing the way people bring systems together and scale ideas for impact. Si"
38f548ea8b0d9679,arbeitnow,(Senior) SAP IS-U / SAP S/4HANA Marktkommunikation Consultant (m/w/d),Natuvion GmbH,Remote job,Remote job,True,Not disclosed,,,,,Core SAP delivery role,Technical / Development,Senior,S/4HANA; ABAP / Development,ABAP; S/4HANA; English; German,2026-09-02T05:30:19,https://www.arbeitnow.com/jobs/companies/natuvion-gmbh/remote-senior-sap-is-u-sap-s-4hana-marktkommunikation-consultant-berlin-196505,"Du fühlst dich in der Energiebranche zu Hause und willst weiter an ihrer Digitalisierung mitarbeiten? Du hast in den letzten Jahren bereits viel Erfahrung als Berater gesammelt, hast aber jetzt Lust auf neue Projekte und Kunden ? Dann passt du perfekt in unser Team! 💚 Die Umsetzung verschiedenster Themen in der Energiewirtschaft gehört seit der Gründung von Natuvion zu unseren wesentlichen Kernkompetenzen . Unser Tea"
6759358190806aa0,arbeitnow,Senior Campaign Manager DACH (m/w/d),Natuvion GmbH,München,München; Bayern; Germany,False,Not disclosed,,,,,SAP mentioned,Other SAP-Related,Lead / Manager,Unspecified SAP,English; German,2026-08-31T14:30:05,https://www.arbeitnow.com/jobs/companies/natuvion-gmbh/senior-campaign-manager-dach-munchen-205347,"Du denkst Kampagnen nicht nur strategisch, sondern bringst sie auch selbst ins Ziel? Als Senior Campaign Manager DACH (m/w/d) verantwortest du unsere B2B-Marketingkampagnen über den gesamten Lebenszyklus hinweg – von der Strategie und Zielgruppendefinition über die operative Umsetzung bis zur kontinuierlichen Optimierung. Dein Fokus liegt auf Demand & Lead Generation, Performance Marketing und messbarem Beitrag zur P"
8a0846b2e48df3ce,arbeitnow,Senior SAP IS-U Consultant (m/w/d) Energiedatenmanagement – Aufbau eines neuen EDM Teams,Natuvion GmbH,Remote job,Remote job,True,Not disclosed,,,,,Core SAP delivery role,Technical / Development,Senior,S/4HANA; ABAP / Development,ABAP; S/4HANA; English; German,2026-09-02T05:30:19,https://www.arbeitnow.com/jobs/companies/natuvion-gmbh/remote-senior-sap-is-u-consultant-energiedatenmanagement-aufbau-eines-neuen-edm-teams-berlin-346046,"Fühlst du dich in der Energiewirtschaft zu Hause und willst weiter an ihrer Digitalisierung arbeiten? Du hast in den letzten Jahren bereits viel Erfahrung als Berater gesammelt, hast aber jetzt Lust auf neue Projekte und Kunden ? Dann passt du perfekt in unser Team! Die Umsetzung verschiedenster Themen in der Energiewirtschaft gehört seit der Gründung von Natuvion zu unseren wesentlichen Kernkompetenzen . Unser Team "
b58e17ac9010d6da,arbeitnow,Managing Consultant Banking (m/w/d) - German Speaking,ON-POINT Connect GmbH,Germany,Germany,False,Not disclosed,,,,,SAP module/technical requirement,Functional Consulting,Mid / Unspecified,HCM / SuccessFactors,German,2026-08-28T09:30:31,https://www.arbeitnow.com/jobs/companies/on-point-connect-gmbh/managing-consultant-banking-german-speaking-dusseldorf-238528,"Karrierechance als Managing Consultant/Experte Banking bei ON-POINT Connect – gestalte mit uns die Zukunft des Bankings! Wir bei ON-POINT Connect suchen einen engagierten Managing Consultant/Experten im Bereich Banking, der Kundenprojekte nicht nur erfolgreich umsetzt, sondern aktiv führt, weiterentwickelt und strategisch mitgestaltet. Als Managing Consultant/Experte Banking übernimmst Du eine zentrale Rolle in anspr"
e7252ee1da63b3ff,arbeitnow,Director Public Relations (m/w/d) Consumer Electronics,Palmer Hargreaves GmbH,Germany,Germany,False,Not disclosed,,,,,SAP mentioned,Support / Operations,Lead / Manager,Unspecified SAP,,2026-09-02T16:32:31,https://www.arbeitnow.com/jobs/companies/palmer-hargreaves-gmbh/director-public-relations-consumer-electronics-cologne-238566,"palmerhargreaves ist die Agentur für komplexe Themen und Transformationsaufgaben. Inhabergeführt und international präsent, nutzen wir die Kraft von Kreativität, Beziehungen und Technologien, um für Marken und Menschen Resonanz zu erzeugen. Wie keine andere Agentur nutzt palmerhargreaves schon heute alle Möglichkeiten der generativen KI, um die Kommunikation ihrer Kunden noch effizienter und effektiver zu machen. Die"
f007a1f7331655db,arbeitnow,Senior Salesforce Developer (m/f/d) German speaking,Peakpeak,Germany,Germany,False,Not disclosed,,,,,SAP module/technical requirement,Technical / Development,Senior,BTP / Integration,CPI / Integration Suite; Agile / Scrum; English; German,2026-09-01T11:09:47,https://www.arbeitnow.com/jobs/companies/peakpeak/senior-salesforce-developer-german-speaking-berlin-germany-432152,"Why we are looking for support We are seeking an experienced Senior Salesforce Developer to join our team in Germany. You’ll be part of a delivery team working across Sales Cloud, Service Cloud, B2B Commerce, and Salesforce Consumer Goods Cloud. While you don’t need prior experience with Consumer Goods Cloud, you’ll be expected to learn and work with it as part of our core solution landscape. This is a German-speakin"
e3033a6efc0723b3,arbeitnow,SAP Data Analytics Entwickler,Pertemps ERP,Frankfurt am Main,Frankfurt am Main,True,Not disclosed,,,,,SAP-titled role,Technical / Development,Senior,ABAP / Development; HANA / Data; HCM / SuccessFactors,ABAP; SAP BW / BI; SAP Analytics Cloud; Datasphere; English; German,2026-08-28T10:00:42,https://www.arbeitnow.com/jobs/companies/pertemps-erp/sap-data-analytics-entwickler-frankfurt-am-main-103190,"Remote (Deutschland) | (Senior) SAP Data Analytics Entwickler:in (m/w/d) Anstellungsart: Festanstellung, Voll- oder Teilzeit Standort: Remote / hybrid möglich Sind Sie ein Spezialist im Bereich SAP Data Analytics? Unser Klient, ein marktführendes Beratungshaus in der Energiewirtschaft, sucht dringend nach Entwicklern für die Festanstellung. Aufgaben Entwicklung innovativer SAP-Lösungen für unsere Kunden – von der Anf"
0ab1e5551b89c63f,arbeitnow,SAP IS-U Consultant/Developer,Pertemps ERP,Leverkusen,Leverkusen,False,Not disclosed,,,,,Core SAP delivery role,Technical / Development,Mid / Unspecified,S/4HANA; HCM / SuccessFactors,S/4HANA; German,2026-08-28T10:00:41,https://www.arbeitnow.com/jobs/companies/pertemps-erp/sap-is-u-consultant-developer-leverkusen-106724,"Auf der Suche nach einer neuen Herausforderung im IS-U-Umfeld? Was dich erwartet Du arbeitest in einem Umfeld, in dem Eigeninitiative ausdrücklich erwünscht ist. Statt umfangreicher Hierarchien und langer Entscheidungswege kannst du Verantwortung übernehmen und deine fachlichen Ideen direkt einbringen. Aufgaben Du analysierst Anforderungen und entwickelst gemeinsam mit Kunden passende fachliche und technische Lösunge"
41c7e5c364568232,arbeitnow,SAP Success Factors Berater,Pertemps ERP,Frankfurt am Main,Frankfurt am Main,True,Not disclosed,,,,,SAP-titled role,Functional Consulting,Junior,HCM / SuccessFactors,SuccessFactors; English; German,2026-08-28T10:00:42,https://www.arbeitnow.com/jobs/companies/pertemps-erp/sap-success-factors-berater-frankfurt-am-main-21648,"Senior SAP SuccessFactors Consultant (m/w/d) Deutschland | 100 % Remote Festanstellung | Unbefristet Für ein etabliertes SAP-Beratungsunternehmen suche ich einen erfahrenen SAP SuccessFactors Employee Central Consultant (m/w/d) zur Verstärkung eines wachsenden HR-IT-Teams. Aufgaben Beratung, Konzeption und Implementierung von SAP SuccessFactors Employee Central Begleitung von EC-Projekten von der Konzeption bis zum G"
fc62beaa261ea556,arbeitnow,Senior SAP Integration Consultant,Pertemps ERP,Frankfurt am Main,Frankfurt am Main,True,Not disclosed,,,,,Core SAP delivery role,Technical / Development,Senior,S/4HANA; BTP / Integration; HCM / SuccessFactors,S/4HANA; SAP BTP; CPI / Integration Suite; OData; English; German,2026-08-28T10:00:42,https://www.arbeitnow.com/jobs/companies/pertemps-erp/senior-sap-integration-consultant-frankfurt-am-main-106542,"Remote (Deutschland) | Senior SAP Integration Berater:in (m/w/d) Anstellungsart: Festanstellung, Voll- oder Teilzeit Standort: Remote / hybrid möglich Sind Sie ein Spezialist im Bereich SAP Integration? Unser Klient, ein marktführendes Beratungshaus in der Energiewirtschaft, sucht dringend nach Beratern für die Festanstellung. Aufgaben Konzeption, Implementierung und Verantwortung komplexer Integrationsszenarien auf "
578b6a9a4aeb358c,arbeitnow,Projektleiter:in Logistik (m/w/d),Pixel Robotics,Germany,Germany,False,Not disclosed,,,,,SAP mentioned,Technical / Development,Mid / Unspecified,Unspecified SAP,English; German,2026-08-27T11:30:44,https://www.arbeitnow.com/jobs/companies/pixel-robotics/projektleiterin-logistik-munich-212824,"Du willst etwas bewegen – in der echten Welt? Dann werde Teil unseres Teams als Projektleiter:in! Bei uns wirst du nicht zum PowerPoint-Krieger, sondern Teil eines Teams, das mit innovativen Technologien reale Probleme löst. Bei Pixel Robotics entwickeln wir mobile Transportroboter, digitale Zwillinge, KI-gestützte Optimierung und Computer Vision, um Logistik und Produktion zu automatisieren und intelligenter zu gest"
cf16827ead977792,arbeitnow,Director of Engineering,Prior Labs,Germany,Germany,False,Not disclosed,,,,,SAP mentioned,Data / Analytics,Lead / Manager,Unspecified SAP,English,2026-08-30T20:40:09,https://www.arbeitnow.com/jobs/companies/prior-labs/director-of-engineering-berlin-307145,"Who we are Foundation models transformed text and images. Structured data - the largest and most consequential data format in the world - stayed untouched, until now. What LLMs did for language, we're doing for tables. We pioneered tabular foundation models: TabPFN v2 was a Nature cover story, has passed 3.5M+ downloads and 7,500+ GitHub stars, and runs in production from detecting lung disease with Oxford Cancer Ana"
9e8a02ea2762433b,arbeitnow,Senior Project Management Officer (m/w/d),Promos Consult Gmbh,Germany,Germany,False,Not disclosed,,,,,SAP mentioned,Other SAP-Related,Senior,Unspecified SAP,English; German,2026-09-01T08:09:46,https://www.arbeitnow.com/jobs/companies/promos-consult-gmbh/senior-project-management-officer-berlin-226920,"Your mission der eigenverantwortlichen Entlastung der Projektleitenden und des Project Office (PMO) im Tagesgeschäft, der Vorbereitung, Koordinierung, Moderation und eigenständigen Durchführung von Arbeits-, Status- und Kundenterminen sowie dem verbindlichen Nachhalten und Eskalieren offener Punkte und Maßnahmen in Projekten, der Übernahme von stellvertretenden Projektleitungstätigkeiten, ggf. auch der Projektleitung"
984e53def0473d88,arbeitnow,Senior SAP Consultant (m/w/d) - (technisches) Immobilienmanagement (SAP MM/PM/PS),Promos Consult Gmbh,Germany,Germany,False,Not disclosed,,,,,Core SAP delivery role,Functional Consulting,Senior,MM / Procurement,SAP MM; English,2026-09-01T08:09:46,https://www.arbeitnow.com/jobs/companies/promos-consult-gmbh/senior-sap-consultant-technisches-immobilienmanagement-sap-mm-pm-ps-berlin-179426,"Your mission der Beratung unserer Kundinnen und Kunden bei der SAP-Einführung in den Bereichen Instandhaltung, Bauplanung und Baucontrolling, Analyse-, Entwicklungs- und Implementierungsaufgaben in SAP-Projekten, der Qualitätssicherung unserer SAP- und PROMOS.GT-Lösungen für das technische Immobilienmanagement, der Planung und Durchführung von Schulungen und Workshops, Betreuung der Key-User, perspektivisch: der Über"
e6bf07a1346af063,arbeitnow,Deployment Lead - ERP Solutions,Rillet,Remote,Remote,True,Mentioned in text,,,,,SAP mentioned,Technical / Development,Lead / Manager,Unspecified SAP,English,2026-09-01T08:40:13,https://www.arbeitnow.com/jobs/companies/rillet/remote-deployment-lead-erp-solutions-180442,"What We Do Rillet serves accounting and finance teams, the financial brains of their companies. Our job is to help them run the numbers with impossible speed, accuracy, and insight. Rillet is the AI-native ERP built for modern finance teams. We help companies automate the most critical parts of finance, from closing the books and recognizing revenue to consolidating entities and reporting to investors. More than 600 "
ffc8c1301de77906,arbeitnow,Head of Strategic Partnerships & Ecosystem,Rohlik,Germany,Germany,False,Not disclosed,,,,,SAP module/technical requirement,Support / Operations,Lead / Manager,EWM / WM / Logistics,SAP EWM; English; German,2026-08-28T09:00:09,https://www.arbeitnow.com/jobs/companies/rohlik/head-of-strategic-partnerships-ecosystem-berlin-167692,"Veloq is the software platform powering the next generation of grocery fulfilment. Born from Rohlik Group's proprietary technology and operational excellence across five European markets, we are now a standalone technology company empowering grocers to transform their warehouse operations and scale their same day e-grocery offering. Our modular platform spans automated picking, e-commerce fulfilment, and last-mile lo"
9bd5741d54b37c96,arbeitnow,Head of Strategic Partnerships & Ecosystem,Rohlik,Germany,Germany,False,Not disclosed,,,,,SAP module/technical requirement,Support / Operations,Lead / Manager,EWM / WM / Logistics,SAP EWM; English; German,2026-08-28T09:00:09,https://www.arbeitnow.com/jobs/companies/rohlik/head-of-strategic-partnerships-ecosystem-berlin-80126,"Veloq is the software platform powering the next generation of grocery fulfilment. Born from Rohlik Group's proprietary technology and operational excellence across five European markets, we are now a standalone technology company empowering grocers to transform their warehouse operations and scale their same day e-grocery offering. Our modular platform spans automated picking, e-commerce fulfilment, and last-mile lo"
4a57f28611def393,arbeitnow,Senior Solutions Consultant,Rohlik,Germany,Germany,False,Not disclosed,,,,,SAP module/technical requirement,Technical / Development,Senior,EWM / WM / Logistics,SAP EWM; English; German,2026-08-28T09:00:09,https://www.arbeitnow.com/jobs/companies/rohlik/senior-solutions-consultant-berlin-469186,"Veloq is the software platform powering the next generation of grocery fulfilment. Born from Rohlik Group’s proprietary technology and operational excellence across five European markets, we are now a standalone technology company empowering grocers to transform their warehouse operations and scale their same day e-grocery offering. Our modular platform spans automated picking, e-commerce fulfilment, and last-mile lo"
b2117ce15a8b9787,arbeitnow,Senior Solutions Consultant,Rohlik,Germany,Germany,False,Not disclosed,,,,,SAP module/technical requirement,Technical / Development,Senior,EWM / WM / Logistics,SAP EWM; English; German,2026-08-28T09:00:09,https://www.arbeitnow.com/jobs/companies/rohlik/senior-solutions-consultant-berlin-42236,"Veloq is the software platform powering the next generation of grocery fulfilment. Born from Rohlik Group’s proprietary technology and operational excellence across five European markets, we are now a standalone technology company empowering grocers to transform their warehouse operations and scale their same day e-grocery offering. Our modular platform spans automated picking, e-commerce fulfilment, and last-mile lo"
2a721da409bef188,arbeitnow,Kaufmännischen Sachbearbeiter (m/w/d) mit Schwerpunkt Buchhaltung,Schulz GmbH,Meinerzhagen,Meinerzhagen,False,Not disclosed,,,,,SAP mentioned,Other SAP-Related,Mid / Unspecified,Unspecified SAP,,2026-08-31T13:00:44,https://www.arbeitnow.com/jobs/companies/schulz-gmbh/kaufmannischen-sachbearbeiter-mit-schwerpunkt-buchhaltung-meinerzhagen-32882,"Zahlen, Organisation und der Kontakt mit Menschen gehören für Sie zusammen? Dann erwartet Sie bei uns eine abwechslungsreiche Position mit kurzen Abstimmungswegen und viel Raum für eigenverantwortliches Arbeiten. Zur Verstärkung unseres Teams suchen wir eine zuverlässige kaufmännische Fachkraft, die unsere internen Abläufe kompetent begleitet und im Tagesgeschäft den Überblick behält. Aufgaben In dieser vielseitigen "
f158a91fb5e2624f,arbeitnow,Senior Accountant (m/w/d) (Voll- oder Teilzeit),Snke,München,München,False,Not disclosed,,,,,SAP module/technical requirement,Other SAP-Related,Senior,HCM / SuccessFactors,English; German,2026-09-01T14:09:13,https://www.arbeitnow.com/jobs/companies/snke/senior-accountant-voll-oder-teilzeit-munchen-118714,"Was dich erwartet Als Senior Accountant übernimmst du eine verantwortungsvolle Rolle im operativen und bilanziellen Tagesgeschäft mehrerer Gesellschaften innerhalb des Konzerns. Du trägst aktiv dazu bei, die finanziellen Strukturen unseres neu eigenständigen Unternehmens aufzubauen und weiterzuentwickeln. Dabei arbeitest du eng mit internen Schnittstellen sowie externen Partner:innen zusammen und sorgst für transpare"
63c1e89e1d8b1084,arbeitnow,Data Scientist with focus Bioinformatics / Diagnostics (f/m/d - part/full-time),Staburo,Germany,Germany,False,Not disclosed,,,,,SAP mentioned,Data / Analytics,Mid / Unspecified,Unspecified SAP,English; German,2026-08-31T05:09:21,https://www.arbeitnow.com/jobs/companies/staburo/data-scientist-with-focus-bioinformatics-diagnostics-part-full-time-munich-176617,"Your responsibilities will include Analysis of multiomics data (e.g., NGS, transcriptomics, metabolomics) in oncology / inflammation Support non-clinical / clinical development in all phases, analysis plan (e.g. SAP), reporting Implementation and reporting of exploratory biomarker analyses Serving clients with ad-hoc data analysis requests and statistical consulting Following quality and documentation standards in a "
dd9037e03be2071e,arbeitnow,Senior Business Controller Production (m/f/d),Swissbit,DE-Berlin,DE-Berlin,False,Not disclosed,,,,,SAP module/technical requirement,Data / Analytics,Senior,S/4HANA,S/4HANA; English,2026-09-02T11:09:20,https://www.arbeitnow.com/jobs/companies/swissbit/senior-business-controller-production-de-berlin-68670,"A Swissbit more you. Du willst nicht nur Zahlen analysieren, sondern echten Einfluss auf Produktion, Projekte und Entscheidungen haben? Bei Swissbit arbeitest du eng mit Operations, Projektmanagement und Finance zusammen und gestaltest Prozesse, Reporting und Systeme aktiv mit – in einem internationalen Hightech-Umfeld. Deine Mission Als Produktionscontroller bist du die zentrale Schnittstelle zwischen Produktion, Pr"
a6436f86c4261227,arbeitnow,Financial Accountant / Finance Coordinator (m/w/d),Tiens,Germany,Germany,False,Not disclosed,,,,,SAP mentioned,Functional Consulting,Mid / Unspecified,Unspecified SAP,English; German,2026-08-28T11:31:11,https://www.arbeitnow.com/jobs/companies/tiens/financial-accountant-finance-coordinator-berlin-350105,"The TIENS Group Co., Ltd. is a multinational conglomerate, integrating industrial capital, business capital and financial capital with its scope of business covering biotechnology, health management, hotel and tourism industry, education & training, e-commerce and finance investment, etc. With its business reaching over 224 countries, TIENS Group has set up branches in 119 countries & regions and has established stra"
c7a0cf05200d0b49,arbeitnow,Senior Accountant (w/m/d),Timetoact Group,Köln,Köln,False,Not disclosed,,,,,SAP module/technical requirement,Technical / Development,Senior,S/4HANA,S/4HANA; English; German,2026-08-30T23:09:41,https://www.arbeitnow.com/jobs/companies/timetoact-group/senior-accountant-koln-62459,"Wofür wir dich suchen Du bringst bereits fundierte Erfahrung in der Buchhaltung mit und möchtest jetzt eigenverantwortlich Themen vorantreiben? Du hast ein sicheres Gespür für Genauigkeit und Struktur, arbeitest gerne selbstständig an komplexeren Fragestellungen und bist ein geschätzter Sparringspartner für dein Team? Der Austausch mit externen Stakeholdern gehört für dich zum spannenden Tagesgeschäft dazu? Als Senio"
859fb179259f6abf,arbeitnow,"Operations Controller FP&A (m/f/d), Xylem Analytics",Xylem,Mainz,Mainz,False,Not disclosed,,,,,SAP mentioned,Technical / Development,Mid / Unspecified,Unspecified SAP,English; German,2026-08-28T14:30:35,https://www.arbeitnow.com/jobs/companies/xylem/operations-controller-fpa-xylem-analytics-mainz-74700,"Water is our most valuable resource. Help protect it for future generations. The global challenges surrounding water continue to grow. As a leading water technology company, Xylem develops innovative solutions that help communities and organizations use, treat, and reuse water more efficiently. With approximately 23,000 employees worldwide, we work every day to solve some of the world's most pressing water challenges"
77bde670f16c61f8,arbeitnow,"Operations Controller FP&A (m/f/d), Xylem Analytics",Xylem,Weilheim in Oberbayern,Weilheim in Oberbayern,False,Not disclosed,,,,,SAP mentioned,Technical / Development,Mid / Unspecified,Unspecified SAP,English; German,2026-08-28T16:17:39,https://www.arbeitnow.com/jobs/companies/xylem/senior-financial-analyst-fpa-and-operations-finance-xylem-analytics-weilheim-in-oberbayern-418180,"Water is our most valuable resource. Help protect it for future generations. The global challenges surrounding water continue to grow. As a leading water technology company, Xylem develops innovative solutions that help communities and organizations use, treat, and reuse water more efficiently. With approximately 23,000 employees worldwide, we work every day to solve some of the world's most pressing water challenges"
631fea4f6af9068d,arbeitnow,Senior ABAP Developer / Architect Produktentwicklung (m/w/d),cbs Corporate Business Solutions GmbH,Germany,Germany; Baden-Württemberg; Deutschland,False,Not disclosed,,,,,Core SAP delivery role,Architecture,Senior,S/4HANA; ABAP / Development; BTP / Integration; HANA / Data,ABAP; S/4HANA; SAP HANA; SAP BTP; CDS Views; RAP / CAP; German,2026-08-29T17:30:14,https://www.arbeitnow.com/jobs/companies/cbs-corporate-business-solutions-gmbh/senior-abap-developer-architect-produktentwicklung-heidelberg-178660,"Wir sind die Berater der Weltmarktführer: Hochmotivierte Expertinnen und Experten, die als erfolgreiches Team digitale End-to-End-Geschäftsprozesslösungen vorantreiben. Gemeinsam stärken wir die Zukunft führender Unternehmen aus Maschinen- und Anlagenbau, Automotive, Life Science, Pharma und Chemie. Unser ausgezeichneter Ruf bei Hidden Champions eröffnet Dir die Möglichkeit, innovative Softwareprodukte mitzugestalten"
e1697115363e192a,arbeitnow,Talent Acquisition Specialist (m/w/d),cbs Corporate Business Solutions GmbH,Germany,Germany; Baden-Württemberg; Deutschland,False,Not disclosed,,,,,SAP mentioned,Other SAP-Related,Mid / Unspecified,Unspecified SAP,German,2026-08-28T02:30:37,https://www.arbeitnow.com/jobs/companies/cbs-corporate-business-solutions-gmbh/talent-acquisition-specialist-heidelberg-485986,"Wir sind die Berater der Weltmarktführer: Hochmotivierte Expertinnen und Experten, die als erfolgreiches Team digitale End-to-End-Geschäftsprozesslösungen vorantreiben. Gemeinsam stärken wir die Zukunft der beeindruckendsten Unternehmen der Welt aus Maschinen- und Anlagenbau, Automotive, Life Science, Pharma und Chemie, mit denen wir viel gemeinsam haben. Unser ausgezeichneter Ruf bei Hidden Champions öffnet Dir die "
20ea757933012325,arbeitnow,Application Product Manager - AI System Transformations,celonis,Germany,Germany,False,Not disclosed,,,,,SAP mentioned,Technical / Development,Lead / Manager,Unspecified SAP,English; German,2026-08-28T17:55:37,https://www.arbeitnow.com/jobs/companies/celonis/application-product-manager-ai-system-transformations-munich-223676,"<div class=""content-intro""><p>Celonis is the trusted platform to industrialize Enterprise AI. At our core is the Celonis Context Model — which combines process data, business knowledge, and intelligence into a living digital twin of the enterprise that AI can actually understand, turning AI's operational blind spots into operational clarity. World's leading companies trust Celonis and its global ecosystem of partners"
1af14353b0e69345,arbeitnow,Sales Operations & Analytics Manager (m/w/d),everdrop GmbH,München,München; Bayern; Germany,False,Not disclosed,,,,,SAP module/technical requirement,Technical / Development,Lead / Manager,S/4HANA,S/4HANA; German,2026-08-29T20:30:13,https://www.arbeitnow.com/jobs/companies/everdrop-gmbh/sales-operations-analytics-manager-munchen-183958,"DAS IST DER JOB everdrop entwickelt sich von einer Digital-Native-Marke zu einer festen Größe im stationären Handel und gestaltet so die Zukunft der Reinigungsmittelbranche aktiv mit. Als Sales Operations & Analytics Manager (m/w/d) verantwortest Du das operative Rückgrat unseres B2B-Vertriebs: Du steuerst die Daten, Systeme und Prozesse, auf die sich unser Sales-Team täglich verlässt. Wir suchen ein Profil mit fundi"
1cac039980f63988,arbeitnow,(Senior) FP&A Manager,gropyus,Germany,Germany,False,Not disclosed,,,,,SAP module/technical requirement,Data / Analytics,Lead / Manager,HANA / Data,SAP HANA; SAP Analytics Cloud; English; German,2026-09-02T11:55:13,https://www.arbeitnow.com/jobs/companies/gropyus/senior-fpa-manager-berlin-berlin-205358,"<div class=""content-intro""><p><strong>About The Company</strong></p> <p>GROPYUS is a technology-based construction company focused on building multi-story residential buildings. Thanks to its prefabricated building system with various design options, industrial offsite construction, and fully digitalized processes, the company manufactures aspirational, sustainable, and affordable homes using timber construction meth"
fe6d49a853d8926a,arbeitnow,Krankenhaus Controller (m/w/d),imperex Consulting GmbH,Duisburg,Duisburg,False,Not disclosed,,,,,SAP mentioned,Other SAP-Related,Mid / Unspecified,Unspecified SAP,English,2026-08-31T12:30:38,https://www.arbeitnow.com/jobs/companies/imperex-consulting-gmbh/krankenhaus-controller-duisburg-102942,"Unser Kunde zählt zu den bedeutenden Gesundheitsversorgern der Region und verbindet eine moderne medizinische Versorgung mit der Stärke eines bundesweit etablierten Klinikverbunds. Mit einem breiten Leistungsspektrum, hoher fachlicher Expertise und einem klaren Fokus auf Qualität und Patientenorientierung bietet das Unternehmen ein anspruchsvolles und zugleich stabiles Arbeitsumfeld. Zur Verstärkung des Teams suchen "
42a5c0661dbfce02,arbeitnow,German Speaking Product Owner,nearshorefriends GmbH,Germany,Germany,True,Not disclosed,,,,,SAP mentioned,Project / Program,Mid / Unspecified,Unspecified SAP,Agile / Scrum; English; German,2026-08-31T09:30:53,https://www.arbeitnow.com/jobs/companies/nearshorefriends-gmbh/german-speaking-product-owner-munich-278767,"Ziel der Position Der Product Owner E-Commerce/Shopsysteme verantwortet die fachliche Weiterentwicklung unserer Shop-Plattformen. Ziel ist es, stabile, nutzerfreundliche und wirtschaftlich erfolgreiche Shopsysteme bereitzustellen, die unsere digitalen Vertriebs- und Kundenprozesse optimal unterstützen. Die Rolle bildet die zentrale Schnittstelle zwischen Business, IT, Entwicklungsteams und externen Dienstleistern. Au"
785b79cd462fdd7f,arbeitnow,EMEA Senior Product Marketing Manager,parloa,Not specified,Not specified,False,Not disclosed,,,,,SAP mentioned,Data / Analytics,Lead / Manager,Unspecified SAP,English; German,2026-09-01T23:55:09,https://www.arbeitnow.com/jobs/companies/parloa/emea-senior-product-marketing-manager-122041,"<h2><strong>About Parloa</strong></h2> <p>Parloa's mission is to make every customer conversation feel effortless for both customers and the companies serving them. As agentic AI accelerates, Parloans are shaping the foundation of a new era in customer experience, one where customer support is no longer transactions, but meaningful exchanges. It is not just a vision; Parloa has powered over one billion interactions b"
8884f813cc1a6e38,arbeitnow,SAP Integration Architect,parloa,Not specified,Not specified,False,Not disclosed,,,,,Core SAP delivery role,Architecture,Mid / Unspecified,S/4HANA; ABAP / Development; BTP / Integration; HANA / Data; CRM / CX / Commerce,ABAP; S/4HANA; SAP BTP; CPI / Integration Suite; PI/PO; OData; RAP / CAP; IDoc; SAP BW / BI; SAP Analytics Cloud; Datasphere; English; German,2026-09-01T23:55:09,https://www.arbeitnow.com/jobs/companies/parloa/sap-integration-architect-329226,"<h2><strong>About Parloa</strong></h2> <p>Parloa’s mission is to make every customer conversation feel effortless for both customers and the companies serving them. As agentic AI accelerates, Parloans are shaping the foundation of a new era in customer experience, one where customer support is no longer transactions, but meaningful exchanges. It is not just a vision; Parloa has powered over ONE BILLION interactions b"
5f91f05c3f2f1441,arbeitnow,Sr Agent Architect (Germany),parloa,Not specified,Not specified,False,Not disclosed,,,,,SAP mentioned,Architecture,Senior,Unspecified SAP,English; German,2026-08-30T23:55:18,https://www.arbeitnow.com/jobs/companies/parloa/sr-agent-architect-germany-432325,"<h2><strong>About Parloa</strong></h2> <p>Parloa’s mission is to make every customer conversation feel effortless for both customers and the companies serving them. As agentic AI accelerates, Parloans are shaping the foundation of a new era in customer experience - one where customer support is no longer transactions, but meaningful exchanges. It is not just a vision; Parloa has powered over ONE BILLION interactions "
3f9892790da1417b,arbeitnow,🚀Senior Consultant SAP Real Estate (m/w/d),solreco GmbH,Germany,Germany,False,Not disclosed,,,,,Core SAP delivery role,Functional Consulting,Lead / Manager,Unspecified SAP,English; German,2026-08-31T09:20:12,https://www.arbeitnow.com/jobs/companies/solreco-gmbh/senior-consultant-sap-real-estate-langen-147111,"Das erwartet Dich – Erfahrungen, von denen Du Dein ganzes Leben profitierst: Unser Unternehmen fokussiert sich auf die immobilienwirtschaftlichen Prozesse und deren Abbildung in den SAP-Systemen unserer Kunden – Banken, Versicherungen, Asset Manager, Wohnungsbaugesellschaften, sämtliche Bereiche der Immobilienwirtschaft. Als Beratungshaus suchen wir qualifizierte und motivierte Mitarbeiter. Du bist bereit, Dich für u"
a88dc0db3d610f90,arbeitnow,Team Lead Accounting (m/w/d),think about IT GmbH,Germany,Germany,False,Not disclosed,,,,,SAP mentioned,Other SAP-Related,Lead / Manager,Unspecified SAP,,2026-08-31T10:00:43,https://www.arbeitnow.com/jobs/companies/think-about-it-gmbh/team-lead-accounting-bochum-344000,"Die thinkGROUP ist eine erfolgreiche Systemhausgruppe, die ständig nach Innovation strebt und großen Wert auf die kontinuierliche Optimierung unserer internen Prozesse legt. Die Nutzung modernster Technologien ist kein Selbstzweck, sondern die Ausprägung unseres Innovationsgeistes und gelebter Kundenorientierung. Hervorragender IT-Service bedarf optimaler Systeme. Unser motiviertes Team gibt täglich sein Bestes, um u"
8c71694d6c9726c9,arbeitnow,Manager Compensation & Benefits (m/w/d),visionm GmbH,Frankfurt am Main,Frankfurt am Main,False,Not disclosed,,,,,SAP module/technical requirement,Data / Analytics,Lead / Manager,HCM / SuccessFactors,SuccessFactors; English; German,2026-08-27T06:30:56,https://www.arbeitnow.com/jobs/companies/visionm-gmbh/manager-compensation-benefits-frankfurt-am-main-496727,"Unser Mandant ist ein international erfolgreiches Services-Unternehmen (B2B) mit Hauptsitz in Frankfurt/Main. Das stetige Wachstum erfordert auch die stetige Weiterentwicklung der Strukturen im Bereich Total Reward. Wir suchen Persönlichkeiten, die mit Herz und Hand die Dinge konzipieren und dann auch umsetzen! Aufgaben Entwicklung, Pflege und Implementation von Vergütungsstrategien und -Richtlinien (inkl. fixer und "
73496d009e3f19e6,himalayas,Engineering Services Coordinator:,200510503Z Thermo Fisher Scientific Pte. Ltd.,United States,United States,True,Not disclosed,,,,annual,SAP module/technical requirement,Data / Analytics,Lead / Manager,MM / Procurement,Ariba; English,1787484306,https://himalayas.app/companies/200510503z-thermo-fisher-scientific-pte-ltd/jobs/engineering-services-coordinator,Work Schedule First Shift (Days) Environmental Conditions Office Job Description The Engineering Services Coordinator is responsible for providing administrative support for departmental staff. Resolves complex administrative issues requiring sensitivity and tact. Serves as departmental expert on administrative policies and procedures and interprets guidelines for other. The Coordinates activities and support the key
91823039bbe1a5ee,himalayas,"SAP ABAP Entwickler – Fokus Cloud & API Integration (REST, OData, BTP) – Vollzei",24-LOG GmbH,Germany,Germany,True,Not disclosed,,,,annual,SAP-titled role,Technical / Development,Mid / Unspecified,ABAP / Development; BTP / Integration; Fiori / UI5; HCM / SuccessFactors,ABAP; SAP BTP; SAP Fiori; OData; CDS Views; RAP / CAP; German,1788196872,https://himalayas.app/companies/24-log-gmbh/jobs/sap-abap-entwickler-fokus-cloud-api-integration-rest-odata-btp-vollzei,"ÜBER UNS: Wir sind die 24 Log GmbH, ein innovatives und wachsendes Unternehmen im Bereich der SAP Logistik. Unsere Mission ist es, die komplexen Herausforderungen der modernen Logistik mit intelligenten, zielstrebigen und benutzerfreundlichen Lösungen zu meistern. Von der Konzeption über die Realisierung und Implementierung bis hin zum flächendeckenden, internationalen Rollout und Betrieb begleiten wir Ihre Projekte "
1ec45b63763f5f96,himalayas,SAP ABAP Entwickler – Fokus Output Management & Formulare - Vollzeit (m/w/d),24-LOG GmbH,Germany,Germany,True,Not disclosed,,,,annual,SAP-titled role,Technical / Development,Mid / Unspecified,ABAP / Development; Fiori / UI5; FI / CO / FICO,ABAP; SAP Fiori; SAPUI5 / UI5; FICO,1788241200,https://himalayas.app/companies/24-log-gmbh/jobs/sap-abap-entwickler-fokus-output-management-formulare-vollzeit-m-w-d,"ÜBER UNS: Wir sind die 24 Log GmbH, ein innovatives und wachsendes Unternehmen im Bereich der SAP Logistik. Unsere Mission ist es, die komplexen Herausforderungen der modernen Logistik mit intelligenten, zielstrebigen und benutzerfreundlichen Lösungen zu meistern. Von der Konzeption über die Realisierung und Implementierung bis hin zum flächendeckenden, internationalen Rollout und Betrieb begleiten wir Ihre Projekte "
61669540675a48ee,himalayas,Senior SAP Logistics Consultant - Vollzeit (m/w/d),24-LOG GmbH,Australia,Australia; Canada; France; Germany; India; Italy; Japan; Spain; United Kingdom; United States,True,Not disclosed,,,,annual,Core SAP delivery role,Technical / Development,Senior,S/4HANA; ABAP / Development; Fiori / UI5; EWM / WM / Logistics,ABAP; S/4HANA; SAP Fiori; SAPUI5 / UI5; German,1783281206,https://himalayas.app/companies/24-log-gmbh/jobs/senior-sap-logistics-consultant-vollzeit-m-w-d,"ÜBER UNS: Wir sind die 24 Log GmbH, ein innovatives und wachsendes Unternehmen im Bereich der SAP Logistik. Unsere Mission ist es, die komplexen Herausforderungen der modernen Logistik mit intelligenten, zielstrebigen und benutzerfreundlichen Lösungen zu meistern. Von der Konzeption über die Realisierung und Implementierung bis hin zum flächendeckenden, internationalen Rollout und Betrieb begleiten wir Ihre Projekte "
c071572274078272,himalayas,Senior SAP Logistics Developer - Vollzeit (m/w/d),24-LOG GmbH,Germany,Germany,True,Not disclosed,,,,annual,Core SAP delivery role,Technical / Development,Senior,S/4HANA; ABAP / Development; Fiori / UI5; EWM / WM / Logistics,ABAP; S/4HANA; SAP Fiori; SAPUI5 / UI5; German,1788229218,https://himalayas.app/companies/24-log-gmbh/jobs/senior-sap-logistics-developer-vollzeit-m-w-d,"ÜBER UNS: Wir sind die 24 Log GmbH, ein innovatives und wachsendes Unternehmen im Bereich der SAP Logistik. Unsere Mission ist es, die komplexen Herausforderungen der modernen Logistik mit intelligenten, zielstrebigen und benutzerfreundlichen Lösungen zu meistern. Von der Konzeption über die Realisierung und Implementierung bis hin zum flächendeckenden, internationalen Rollout und Betrieb begleiten wir Ihre Projekte "
1c9d0365814b2b6d,himalayas,Werkstudent / Masterstudent Business Development Representative (BDR) (all gende,ATS Corporation,Germany,Germany,True,Not disclosed,,,,annual,SAP module/technical requirement,Technical / Development,Mid / Unspecified,S/4HANA; BTP / Integration,S/4HANA; SAP BTP,1787107985,https://himalayas.app/companies/ats-corporation/jobs/werkstudent-masterstudent-business-development-representative-bdr-all-gende,"Unlock your full potential Die Orise Digital GmbH ist Teil der Marke Orise und begleitet produzierende Unternehmen auf dem Weg der digitalen Transformation. Unsere Leistungen reichen von der Prozessplanung und -optimierung über Betriebsmodelle (SAP und Non-SAP), SAP S/4HANA-Projekte, Business Intelligence bis hin zu eigenen Add-ons und Cloud-Produkten vor allem im Hinblick auf die SAP Cloud Strategie - von SAP Cloud "
1cf49a70a0a27a01,himalayas,SAP Senior SD Functional Consultant,Abacus Consulting,United States,United States,True,Not disclosed,,,,annual,Core SAP delivery role,Technical / Development,Senior,S/4HANA; BTP / Integration; Fiori / UI5; SD / Sales; TM / GTS / Supply Chain,S/4HANA; SAP Fiori; IDoc; SAP SD; SAP TM,1785765298,https://himalayas.app/companies/abacus-consulting/jobs/sap-senior-sd-functional-consultant,"JOB DESCRIPTION Abacus Consulting | SAP Senior SD Functional Consultant WHO WE ARE At Abacus, we specialize in technology, outsourcing, and people solutions, bringing nearly 40 years of experience shaped alongside the organizations we support. As a global professional services leader, our focus remains on providing bespoke solutions that enable organizations to create the future of business and embrace change for sus"
fdee2800f1fc7ad2,himalayas,CLM Sirion Management Consultant,Accenture,United States,United States,True,Disclosed,54400,205800,USD,annual,SAP module/technical requirement,Basis / Security,Mid / Unspecified,Basis / Security; MM / Procurement,Ariba; GRC / Security,1787524828,https://himalayas.app/companies/accenture/jobs/clm-sirion-management-consultant,"CLM Sirion Management Consultant About Accenture : Accenture is a leading global professional services company that helps the world’s leading businesses, governments and other organizations build their digital core, optimize their operations, accelerate revenue growth and enhance citizen services—creating tangible value at speed and scale. We are a talent and innovation led company with 738,000 people serving clients"
a0eb42d1674a54be,himalayas,SAP Delivery Lead/Associate Director - Consumer Goods,Accenture,United States,United States,True,Disclosed,138800,413600,USD,annual,Core SAP delivery role,Basis / Security,Junior,S/4HANA; Basis / Security; MM / Procurement; HCM / SuccessFactors; CRM / CX / Commerce,S/4HANA; SuccessFactors; Ariba; Concur; GRC / Security; Agile / Scrum,1788211359,https://himalayas.app/companies/accenture/jobs/sap-delivery-lead-associate-director-consumer-goods,"We Are: Accenture ’s SAP practice, and we bring the New to life using design thinking, agile development methodologies, and the latest smart tech for SAP when it comes to automation and AI. We help our clients apply intelligence to set their business apart and make them more proactive, predictive and productive – the power of the intelligent enterprise. Ready to learn as much as you can? We put strong emphasis on tra"
6b5ce9331c0fac7f,himalayas,SAP Development Consultant - Consumer Goods,Accenture,United States,United States,True,Disclosed,54400,205800,USD,annual,Core SAP delivery role,Basis / Security,Mid / Unspecified,S/4HANA; ABAP / Development; BTP / Integration; Fiori / UI5; Basis / Security,ABAP; S/4HANA; SAP BTP; SAP Fiori; OData; CDS Views; RAP / CAP; GRC / Security; Agile / Scrum,1788052944,https://himalayas.app/companies/accenture/jobs/sap-development-consultant-consumer-goods,"We Are: Accenture 's SAP practice brings reinvention to life through Compressed Transformation - design thinking, agile delivery, and the latest SAP innovations across S/4HANA Cloud (RISE and GROW), SAP Business Technology Platform (BTP), Clean Core, and SAP Business AI (Joule, Joule Studio, Generative AI Hub). Powered by our myConcerto platform and Accenture 's GenWizard AI-assisted delivery, we help clients build t"
936bf4ea4eda840a,himalayas,SAP Development Consultant - Resources/Chemicals & Natural Resources,Accenture,United States,United States,True,Disclosed,54400,205800,USD,annual,Core SAP delivery role,Basis / Security,Mid / Unspecified,S/4HANA; ABAP / Development; BTP / Integration; Fiori / UI5; Basis / Security,ABAP; S/4HANA; SAP BTP; SAP Fiori; OData; CDS Views; RAP / CAP; GRC / Security; Agile / Scrum,1788076750,https://himalayas.app/companies/accenture/jobs/sap-development-consultant-resources-chemicals-natural-resources,"We Are: Accenture 's SAP practice brings reinvention to life through Compressed Transformation - design thinking, agile delivery, and the latest SAP innovations across S/4HANA Cloud (RISE and GROW), SAP Business Technology Platform (BTP), Clean Core, and SAP Business AI (Joule, Joule Studio, Generative AI Hub). Powered by our myConcerto platform and Accenture 's GenWizard AI-assisted delivery, we help clients build t"
e1d0d5af0d433ef9,himalayas,SAP Development Consultant - Resources/Energy,Accenture,United States,United States,True,Disclosed,54400,205800,USD,annual,Core SAP delivery role,Basis / Security,Mid / Unspecified,S/4HANA; ABAP / Development; BTP / Integration; Fiori / UI5; Basis / Security,ABAP; S/4HANA; SAP BTP; SAP Fiori; OData; CDS Views; RAP / CAP; GRC / Security; Agile / Scrum,1788070758,https://himalayas.app/companies/accenture/jobs/sap-development-consultant-resources-energy,"We Are: Accenture 's SAP practice brings reinvention to life through Compressed Transformation - design thinking, agile delivery, and the latest SAP innovations across S/4HANA Cloud (RISE and GROW), SAP Business Technology Platform (BTP), Clean Core, and SAP Business AI (Joule, Joule Studio, Generative AI Hub). Powered by our myConcerto platform and Accenture 's GenWizard AI-assisted delivery, we help clients build t"
2fb14e38e742cb6f,himalayas,SAP Development Manager/Architect - CMT,Accenture,United States,United States,True,Disclosed,87400,266300,USD,annual,Core SAP delivery role,Architecture,Lead / Manager,S/4HANA; ABAP / Development; BTP / Integration; Fiori / UI5; Basis / Security,ABAP; S/4HANA; SAP BTP; SAP Fiori; OData; CDS Views; RAP / CAP; GRC / Security; Agile / Scrum,1788082473,https://himalayas.app/companies/accenture/jobs/sap-development-manager-architect-cmt,"We Are: Accenture 's SAP practice brings reinvention to life through Compressed Transformation - design thinking, agile delivery, and the latest SAP innovations across S/4HANA Cloud (RISE and GROW), SAP Business Technology Platform (BTP), Clean Core, and SAP Business AI (Joule, Joule Studio, Generative AI Hub). Powered by our myConcerto platform and Accenture 's GenWizard AI-assisted delivery, we help clients build t"
7899d4b9702a053b,himalayas,SAP Development Manager/Architect - Chemicals & Natural Resources,Accenture,United States,United States,True,Disclosed,80400,293800,USD,annual,Core SAP delivery role,Architecture,Lead / Manager,S/4HANA; ABAP / Development; BTP / Integration; Fiori / UI5; Basis / Security,ABAP; S/4HANA; SAP BTP; SAP Fiori; OData; CDS Views; RAP / CAP; GRC / Security; Agile / Scrum,1788061042,https://himalayas.app/companies/accenture/jobs/sap-development-manager-architect-chemicals-natural-resources,"We Are: Accenture 's SAP practice brings reinvention to life through Compressed Transformation - design thinking, agile delivery, and the latest SAP innovations across S/4HANA Cloud (RISE and GROW), SAP Business Technology Platform (BTP), Clean Core, and SAP Business AI (Joule, Joule Studio, Generative AI Hub). Powered by our myConcerto platform and Accenture 's GenWizard AI-assisted delivery, we help clients build t"
fadb46b07c000785,himalayas,SAP Development Manager/Architect - Industrial,Accenture,United States,United States,True,Disclosed,80400,293800,USD,annual,Core SAP delivery role,Architecture,Lead / Manager,S/4HANA; ABAP / Development; BTP / Integration; Fiori / UI5; Basis / Security,ABAP; S/4HANA; SAP BTP; SAP Fiori; OData; CDS Views; RAP / CAP; GRC / Security; Agile / Scrum,1788047692,https://himalayas.app/companies/accenture/jobs/sap-development-manager-architect-industrial,"We Are: Accenture 's SAP practice brings reinvention to life through Compressed Transformation - design thinking, agile delivery, and the latest SAP innovations across S/4HANA Cloud (RISE and GROW), SAP Business Technology Platform (BTP), Clean Core, and SAP Business AI (Joule, Joule Studio, Generative AI Hub). Powered by our myConcerto platform and Accenture 's GenWizard AI-assisted delivery, we help clients build t"
727d0b90fecba5c1,himalayas,SAP Integration Manager - Consumer Goods,Accenture,United States,United States,True,Disclosed,80400,293800,USD,annual,Core SAP delivery role,Basis / Security,Lead / Manager,S/4HANA; BTP / Integration; Basis / Security,S/4HANA; SAP BTP; CPI / Integration Suite; PI/PO; GRC / Security; Agile / Scrum,1788226214,https://himalayas.app/companies/accenture/jobs/sap-integration-manager-consumer-goods,"We Are: Accenture ’s SAP practice brings “Compressed Transformation” to life using new design thinking, agile development methodologies, and the latest smart tech like BTP, IoT, Cloud automation, ML and AI. We built myConcerto platform, which serves as a repository of Industry Best Practices, Business Process Hierarchies, Solution Templates, Business Process Documents, Strategic and Foundation decisions, our tools, a"
2c21f776e89264b1,himalayas,SAP MM/S4 Procurement Lead - Consumer Goods,Accenture,United States,United States,True,Disclosed,63800,177800,USD,annual,Core SAP delivery role,Basis / Security,Lead / Manager,S/4HANA; Basis / Security; MM / Procurement; TM / GTS / Supply Chain,S/4HANA; SAP MM; Ariba; GRC / Security,1788054601,https://himalayas.app/companies/accenture/jobs/sap-mm-s4-procurement-lead-consumer-goods,"We Are: Accenture is a global professional services company with leading capabilities in digital, cloud and security. Combining unmatched experience and specialized skills across more than 40 industries, we offer Strategy and Consulting, Interactive, Technology and Operations services—all powered by the world’s largest network of Advanced Technology and Intelligent Operations centers. Over 500,000 people deliver on t"
67d65ba19b5eaf21,himalayas,SAP Quality Manager - Life Sciences,Accenture,United States,United States,True,Disclosed,87400,293800,USD,annual,Core SAP delivery role,Basis / Security,Lead / Manager,S/4HANA; Fiori / UI5; Basis / Security; MM / Procurement; PP / QM / Manufacturing,S/4HANA; SAP Fiori; SAP QM; GRC / Security,1788061168,https://himalayas.app/companies/accenture/jobs/sap-quality-manager-life-sciences,"We Are: Accenture is a global professional services company with leading capabilities in digital, cloud and security. Combining unmatched experience and specialized skills across more than 40 industries, we offer Strategy and Consulting, Interactive, Technology and Operations services—all powered by the world’s largest network of Advanced Technology and Intelligent Operations centers. Over 500,000 people deliver on t"
87c2bccc77b4bca1,himalayas,SAP RISE Technical Senior Manager - Consumer Goods,Accenture,United States,United States,True,Disclosed,112900,338300,USD,annual,Core SAP delivery role,Basis / Security,Lead / Manager,S/4HANA; BTP / Integration; Basis / Security,S/4HANA; SAP BTP; GRC / Security; Agile / Scrum,1788210919,https://himalayas.app/companies/accenture/jobs/sap-rise-technical-senior-manager-consumer-goods,"We Are: Accenture ’s SAP practice brings “Compressed Transformation” to life using new design thinking, agile development methodologies, and the latest smart tech like BTP, IoT, Cloud automation, ML and AI. We built myConcerto platform, which serves as a repository of Industry Best Practices, Business Process Hierarchies, Solution Templates, Business Process Documents, Strategic and Foundation decisions, our tools, a"
f5e23673e65611d4,himalayas,SAP SAP Digital Manufacturing Manger - Products,Accenture,United States,United States,True,Disclosed,80400,293800,USD,annual,SAP-titled role,Basis / Security,Lead / Manager,S/4HANA; BTP / Integration; Basis / Security; HANA / Data; PP / QM / Manufacturing; EWM / WM / Logistics; TM / GTS / Supply Chain,S/4HANA; SAP BTP; CPI / Integration Suite; IDoc; SAP PP; SAP QM; SAP EWM; SAP Analytics Cloud; GRC / Security,1788060180,https://himalayas.app/companies/accenture/jobs/sap-sap-digital-manufacturing-manger-products,"We Are: Accenture is a global professional services company with leading capabilities in digital, cloud and security. Combining unmatched experience and specialized skills across more than 40 industries, we offer Strategy and Consulting, Interactive, Technology and Operations services—all powered by the world’s largest network of Advanced Technology and Intelligent Operations centers. Over 500,000 people deliver on t"
a359dd33f4234d16,himalayas,SAP Smartfield Senior Manager - CMT,Accenture,United States,United States,True,Disclosed,112900,338300,USD,annual,Core SAP delivery role,Basis / Security,Lead / Manager,S/4HANA; BTP / Integration; Basis / Security,S/4HANA; SAP BTP; PI/PO; GRC / Security; Agile / Scrum,1788082298,https://himalayas.app/companies/accenture/jobs/sap-smartfield-senior-manager-cmt,"We Are: Accenture ’s SAP practice brings “Compressed Transformation” to life using new design thinking, agile development methodologies, and the latest smart tech like BTP, IoT, Cloud automation, ML and AI. We built myConcerto platform, which serves as a repository of Industry Best Practices, Business Process Hierarchies, Solution Templates, Business Process Documents, Strategic and Foundation decisions, our tools, a"
5fd942ccb1f51bd7,himalayas,SAP Smartfield Senior Manager - Consumer Goods,Accenture,United States,United States,True,Disclosed,122700,338300,USD,annual,Core SAP delivery role,Basis / Security,Lead / Manager,S/4HANA; BTP / Integration; Basis / Security,S/4HANA; SAP BTP; PI/PO; GRC / Security; Agile / Scrum,1788067826,https://himalayas.app/companies/accenture/jobs/sap-smartfield-senior-manager-consumer-goods,"We Are: Accenture ’s SAP practice brings “Compressed Transformation” to life using new design thinking, agile development methodologies, and the latest smart tech like BTP, IoT, Cloud automation, ML and AI. We built myConcerto platform, which serves as a repository of Industry Best Practices, Business Process Hierarchies, Solution Templates, Business Process Documents, Strategic and Foundation decisions, our tools, a"
29cb475d5c323ba0,himalayas,SAP SuccessFactors Senior Manager,Accenture,United Kingdom,United Kingdom,True,Not disclosed,,,,annual,Core SAP delivery role,Data / Analytics,Lead / Manager,HCM / SuccessFactors,SuccessFactors,1788076744,https://himalayas.app/companies/accenture/jobs/sap-successfactors-senior-manager-172519671,"Accenture is a leading global professional services company, providing a broad range of services in strategy and consulting, interactive, technology and operations, with digital capabilities across all of these services. With our thought leadership and culture of innovation, we apply industry expertise, diverse skill sets and next-generation technology to each business challenge. We believe in inclusion and diversity"
ebc7be995b17d47a,himalayas,Source to Pay Ecosystem Business Development Senior Manager,Accenture,United States,United States,True,Disclosed,112900,302400,USD,annual,SAP module/technical requirement,Basis / Security,Lead / Manager,Basis / Security; MM / Procurement,Ariba; GRC / Security,1787174553,https://himalayas.app/companies/accenture/jobs/source-to-pay-ecosystem-business-development-senior-manager,"As the S2P Market Activation Director, you are responsible for driving internal pipeline growth across Accenture ’s Source-to-Pay (S2P) practice by identifying, qualifying, and advancing opportunities within Accenture ’s Market Units and Industry groups. You serve as the internal sales engine for the S2P practice — surfacing demand, building awareness, and connecting the right opportunities to Sales Capture Leads for"
f13f467c520f779a,himalayas,Sourcing & Procurement Sales Effectiveness Manager,Accenture,United States,United States,True,Disclosed,80400,266300,USD,annual,SAP module/technical requirement,Basis / Security,Lead / Manager,S/4HANA; Basis / Security; MM / Procurement,S/4HANA; Ariba; GRC / Security,1788230230,https://himalayas.app/companies/accenture/jobs/sourcing-procurement-sales-effectiveness-manager,"We are: Accenture helps the world’s leading enterprises reinvent by building their digital core and unleashing the power of AI to create value at speed for organizations across industries. Our strategy is to be the reinvention partner of choice for our clients and lead in the safe, widespread adoption of AI, and to be the most client-focused, AI-enabled, great place to work in the world. We bring together the talent "
0e33c254ef375e4b,himalayas,Senior Manager SAP Information Systems Integration | Acushnet Company,Acushnet Company,United States,United States,True,Disclosed,157139,200318,USD,annual,Core SAP delivery role,Technical / Development,Lead / Manager,S/4HANA; BTP / Integration,S/4HANA; SAP BTP; Agile / Scrum,1783770173,https://himalayas.app/companies/acushnetholdingscorp/jobs/senior-manager-sap-information-systems-integration-acushnet-company,"Where Performance Meets Purpose Join a team that values excellence and innovation, at a company known for its iconic golf brands. At Acushnet Company , your background and experience contribute to creating the best products for dedicated golfers worldwide. Here, your performance has purpose. What You Will Be Doing Acushnet is seeking a visionary Senior Manager of SAP Information Systems Integration to lead our Integr"
cc79b28b968a498a,himalayas,Digitalization Operations Administrator,Adepto Technical Recruitment,Poland,Poland,True,Not disclosed,,,,annual,SAP module/technical requirement,Data / Analytics,Senior,MM / Procurement,Ariba; English,1783725990,https://himalayas.app/companies/adepto-technical-recruitment/jobs/digitalization-operations-administrator,"Role Purpose: We are seeking a highly organized and detail-oriented Operations Office Administrator to join our Digital Operations team, with primary focus on Source-to-Pay (S2P) administration and Project Management Office [PMO] .This role plays a key part in managing and supporting source-to-pay processes, with a strong focus on budget tracking, reporting, and clear communication to senior stakeholders. The role wi"
8dd3efa70ec9e525,himalayas,SAP Supply Chain Solution Architect,AdvanSix,United States,United States,True,Disclosed,135000,175000,USD,annual,Core SAP delivery role,Architecture,Mid / Unspecified,S/4HANA; MM / Procurement; TM / GTS / Supply Chain,S/4HANA; Ariba,1788065870,https://himalayas.app/companies/advansix/jobs/sap-supply-chain-solution-architect,"AdvanSix plays a critical role in global supply chains, innovating and delivering essential products for our customers in a wide variety of end markets and applications that touch people’s lives, such as building and construction, fertilizers, plastics, solvents, packaging, paints, coatings, adhesives, and electronics. Our reliable and sustainable supply of quality products emerges from the vertically integrated valu"
88a27ec98f8d7730,himalayas,AI Automation Engineer / Developer,Adventus,Philippines,Philippines,True,Disclosed,80000,90000,PHP,monthly,SAP module/technical requirement,Technical / Development,Mid / Unspecified,BTP / Integration,SAP BTP; CPI / Integration Suite; OData; IDoc,1787464080,https://himalayas.app/companies/adventus/jobs/ai-automation-engineer-developer,"Adventus is an Information and Communications Technology (ICT) Solutions and Services Provider with a wide footprint across the globe. We help organizations bring about positive transformation to their businesses by leveraging intelligent applications of innovative solutions and pertinent services to remain winners in today's ultra competitive marketplace. With our strong network of technology partners, excellent dom"
33ea118fe2916920,himalayas,SAP-Digital Engagement Manager,AetherCore,Portugal,Portugal,True,Not disclosed,,,,annual,Core SAP delivery role,Project / Program,Lead / Manager,S/4HANA; Basis / Security; HANA / Data; MM / Procurement,S/4HANA; SAP HANA; Ariba; German,1788208417,https://himalayas.app/companies/aethercore-site/jobs/sap-digital-engagement-manager,"Cross Border Talents is searching for a SAP Digital Customer Manager for our client in Lisbon-Portugal. Our client based in Europe has provided an integrated suite of services — IT services, infrastructure management, engineering and R&D, and business services, to customers throughout Europe. Our client has developed world-class innovations and works closely with customers through Relationships that go Beyond the Con"
615c4342fdc53354,himalayas,Senior HCM Consultant,Albida,United Kingdom,United Kingdom,True,Not disclosed,,,,annual,SAP module/technical requirement,Functional Consulting,Lead / Manager,HCM / SuccessFactors,SuccessFactors,1787949041,https://himalayas.app/companies/albida/jobs/senior-hcm-consultant,"Albida is seeking a highly experienced Senior HCM Consultant to lead and deliver complex Human Capital Management (HCM) projects, providing expert advice and solutions to clients across various industries. Job Responsibilities Lead and manage full lifecycle HCM implementation projects, including requirements gathering, solution design, configuration, testing, training, and post-go-live support. Act as a subject matte"
04f00715e8a4bb48,himalayas,Strategic Sourcing Manager,Amgen,United States,United States,True,Disclosed,98290.6,132981.4,USD,annual,SAP module/technical requirement,Data / Analytics,Lead / Manager,MM / Procurement,Ariba,1786235863,https://himalayas.app/companies/amgen/jobs/strategic-sourcing-manager,"Career Category Supply Chain Job Description Join Amgen ’s Mission of Serving Patients At Amgen , if you feel like you’re part of something bigger, it’s because you are. Our shared mission—to serve patients living with serious illnesses—drives all that we do. Since 1980, we’ve helped pioneer the world of biotech in our fight against the world’s toughest diseases. With our focus on four therapeutic areas –Oncology, In"
28b0c99fdf9327d4,himalayas,"Compensation Analyst (New York, NY, US, 10281)",Associated Press,United States,United States,True,Disclosed,70000,90000,USD,annual,SAP module/technical requirement,Data / Analytics,Mid / Unspecified,HCM / SuccessFactors,SuccessFactors,1787304750,https://himalayas.app/companies/associated-press/jobs/compensation-analyst-new-york-ny-us-10281,"The Associated Press is an independent global news organization dedicated to factual reporting. Founded in 1846, AP today remains the most trusted source of fast, accurate, unbiased news in all formats and the essential provider of the technology and services vital to the news business. More than half the world's population sees AP journalism every day. Why this role matters: As a compensation analyst, you will help "
d059ee8219edf06a,himalayas,SAP Security Administrator & GRC Specialist,Astra North Infoteck Inc.,Canada,Canada,True,Not disclosed,,,,annual,Core SAP delivery role,Basis / Security,Mid / Unspecified,S/4HANA; Fiori / UI5; Basis / Security; HANA / Data,S/4HANA; SAP HANA; SAP Fiori; GRC / Security,1786010893,https://himalayas.app/companies/astra-north-infoteck-inc/jobs/sap-security-administrator-grc-specialist,"Role Description: We are seeking an experienced SAP Security & GRC Specialist to manage SAP security administration, user access governance, compliance, and risk management across SAP environments. The role requires deep expertise in SAP authorization concepts, role design, SoD analysis, and SAP GRC Access Control modules. Key Responsibilities: SAP Security Administration Design, build, and maintain SAP security role"
c29c090a11fe3830,himalayas,Funding Analyst,Astreya,Colombia,Colombia,True,Disclosed,85120,134400,USD,annual,SAP module/technical requirement,Technical / Development,Mid / Unspecified,Fiori / UI5; MM / Procurement,SAP Fiori; Ariba,1786088433,https://himalayas.app/companies/astreya/jobs/funding-analyst,"Job Summary As a funding analyst, your primary responsibility is to manage and prioritize daily operational tasks using various platforms and dashboards. This involves actively tracking and updating tickets in strict adherence to SLA thresholds, overseeing active contracts within the funding queue to ensure timely funding progress, and verifying that all approved Purchase Requisitions are accurately tied to their res"
11a91ebb28daceac,himalayas,Vendor Manager – Telecom Expense Management (TEM),Astreya,United States,United States,True,Disclosed,69120,115200,USD,annual,SAP module/technical requirement,Technical / Development,Lead / Manager,Fiori / UI5; MM / Procurement,SAP Fiori; Ariba,1786117596,https://himalayas.app/companies/astreya/jobs/vendor-manager-telecom-expense-management-tem,"Job Description: Vendor Relationships & Critical Escalations : Serve as the primary point of contact for vendor inquiries, invoice resubmissions, tax/banking updates, and corporate restructuring (e.g., name changes or acquisitions). Proactively manage supplier relationships from an invoicing and payment perspective. Immediately mitigate critical past-due notifications or disconnect notices by securing written commitm"
7523bd57a1350f0c,himalayas,Talent Process Optimization Manager,Autodesk,Canada,Canada,True,Disclosed,98000,143000,CAD,annual,SAP module/technical requirement,Data / Analytics,Lead / Manager,HCM / SuccessFactors,SuccessFactors; Agile / Scrum,1787578498,https://himalayas.app/companies/autodesk/jobs/talent-process-optimization-manager,"Job Requisition ID # 26WD100312 Position Overview The Autodesk Talent organization is seeking a Process Optimization Manager to lead Talent-wide process standardization initiatives including technology and AI adoption, enablement readiness, and measurable value realization across Talent workflows. Reporting to the Talent Chief of Staff, you will work across the Talent organization—including talent acquisition, talent"
f1ab5786fc5d6818,himalayas,SAP Developer,BLP Digital AG,Czechia,Czechia; Ireland; Poland; Spain; United Kingdom,True,Not disclosed,,,,annual,Core SAP delivery role,Technical / Development,Mid / Unspecified,ABAP / Development; BTP / Integration,ABAP; OData; English; German,1784442978,https://himalayas.app/companies/blp-digital-ag/jobs/sap-developer,"Join BLP Digital — The #1 Solution for ERP Automation BLP Digital is redefining ERP automation with agentic AI. Spun out of ETH Zurich and HSG, we build AI agents that automate finance, procurement, logistics, sales, and more for some of the world's largest enterprises. We solve real enterprise problems with cutting-edge technology and a strong sense of ownership. Our solution is live in 40+ countries, used by 20,000"
17207d44f3dc8d55,himalayas,"SAP Technical Lead (Remote, FL, US)",BWX Technologies,United States,United States,True,Disclosed,99410,157000,USD,annual,Core SAP delivery role,Basis / Security,Lead / Manager,ABAP / Development; Basis / Security; TM / GTS / Supply Chain,ABAP; GRC / Security; Agile / Scrum,1787530240,https://himalayas.app/companies/bwx-technologies/jobs/sap-technical-lead-remote-fl-us-3132535980,"At BWX Technologies , Inc. (NYSE: BWXT), we are People Strong, Innovation Driven. A U.S.-based company, BWXT is a Fortune 1000 and Defense News Top 100 manufacturing and engineering innovator that provides safe and effective nuclear solutions for global security, clean energy, environmental restoration, nuclear medicine and space exploration. With more than 7,800 employees, BWXT has 14 major operating sites in the U."
ec085a6ea47b83ce,himalayas,"Talent Acquisition Partner (Spanish language) - 1 year contract (Lublin, PL, 20-",Ball Corporation,Poland,Poland,True,Disclosed,112500,128000,PLN,annual,SAP module/technical requirement,Data / Analytics,Mid / Unspecified,HCM / SuccessFactors,SuccessFactors; English,1788155761,https://himalayas.app/companies/ball-corporation/jobs/talent-acquisition-partner-spanish-language-1-year-contract-lublin-pl-20,"At Ball, integrity and trust are the foundation of who we are. Guided by our core values —""We Care. We Work. We Win.”— we create a culture where every voice matters and every idea drives progress. Further your career at Ball, a world leader in manufacturing sustainable aluminium packaging. Achieve extraordinary things when you join our team, and make a difference in your professional development, the community, and a"
5f80bcd3320206a9,himalayas,"Data Migration Specialist (Syniti) - Remote (Richmond, IN, US, 47374)","Belden, Inc",United States,United States,True,Disclosed,101400,152100,USD,annual,SAP module/technical requirement,Data / Analytics,Senior,S/4HANA,S/4HANA,1786687051,https://himalayas.app/companies/belden-inc/jobs/data-migration-specialist-syniti-remote-richmond-in-us-47374,"Innovation Starts With You Propel your career at Belden, where innovation creates possibilities—for our people, our customers, and the communities we serve. We connect people, information, and ideas to solve the world’s most complex connectivity challenges, turning curiosity into meaningful impact. Here, you’ll take on work that challenges you, supports your growth, and empowers you to shape what’s next. You’ll colla"
7358deb9db7561e6,himalayas,"Lead SAP Order to Cash - Remote (Carmel, IN, US, 46032)","Belden, Inc",United States,United States,True,Disclosed,101400,152100,USD,annual,Core SAP delivery role,Technical / Development,Lead / Manager,S/4HANA; ABAP / Development; BTP / Integration; HANA / Data; SD / Sales,ABAP; S/4HANA; SAP HANA; IDoc; SAP SD,1787248139,https://himalayas.app/companies/belden-inc/jobs/lead-sap-order-to-cash-remote-carmel-in-us-46032-2361989624,"Innovation Starts With You Propel your career at Belden, where innovation creates possibilities—for our people, our customers, and the communities we serve. We connect people, information, and ideas to solve the world’s most complex connectivity challenges, turning curiosity into meaningful impact. Here, you’ll take on work that challenges you, supports your growth, and empowers you to shape what’s next. You’ll colla"
dad9302a0d74e655,himalayas,"SAP ABAP Technical Lead - HCM (Remote )(EST/CST) (Richmond, IN, US, 47374)","Belden, Inc",United States,United States,True,Disclosed,110000,155000,USD,annual,Core SAP delivery role,Technical / Development,Lead / Manager,S/4HANA; ABAP / Development; BTP / Integration; Fiori / UI5; HANA / Data; HCM / SuccessFactors,ABAP; S/4HANA; SAP HANA; SAPUI5 / UI5; CPI / Integration Suite; OData; IDoc; SuccessFactors,1784022561,https://himalayas.app/companies/belden-inc/jobs/sap-abap-technical-lead-hcm-remote-est-cst-richmond-in-us-47374-8286228744,"Innovation Starts With You Propel your career at Belden, where innovation creates possibilities—for our people, our customers, and the communities we serve. We connect people, information, and ideas to solve the world’s most complex connectivity challenges, turning curiosity into meaningful impact. Here, you’ll take on work that challenges you, supports your growth, and empowers you to shape what’s next. You’ll colla"
e87ef181b3fdae4c,himalayas,"SAP SCM Analyst - IBP & ePP/DS (Richmond, IN, US, 47374)","Belden, Inc",United States,United States,True,Disclosed,101400,152100,USD,annual,Core SAP delivery role,Technical / Development,Mid / Unspecified,S/4HANA; FI / CO / FICO; PP / QM / Manufacturing; TM / GTS / Supply Chain,S/4HANA; FICO,1787441107,https://himalayas.app/companies/belden-inc/jobs/sap-scm-analyst-ibp-epp-ds-richmond-in-us-47374-3483015657,"Innovation Starts With You Propel your career at Belden, where innovation creates possibilities—for our people, our customers, and the communities we serve. We connect people, information, and ideas to solve the world’s most complex connectivity challenges, turning curiosity into meaningful impact. Here, you’ll take on work that challenges you, supports your growth, and empowers you to shape what’s next. You’ll colla"
b05dae2a2ba33182,himalayas,Billing Coordinator,Berlitz,United States,United States,True,Not disclosed,,,USD,hourly,SAP module/technical requirement,Data / Analytics,Mid / Unspecified,MM / Procurement,Ariba,1786688188,https://himalayas.app/companies/berlitz/jobs/billing-coordinator,"Position Summary The Billing Coordinator is responsible for ensuring accurate and timely billing for Berlitz 's language instruction, cultural consulting, testing and corporate training services. This role works closely with Sales, Operations, Finance, and Client Success teams to prepare invoices, resolve billing discrepancies, maintain customer accounts, and support month-end financial processes. The ideal candidate"
20c62cb1ef901435,himalayas,"SAP BTP Senior Developer - (Open to remote) (New York, United States, NY 10019)",Bertelsmann SE & Co. KGaA,United States,United States,True,Disclosed,125000,140000,USD,annual,Core SAP delivery role,Technical / Development,Senior,S/4HANA; ABAP / Development; BTP / Integration; Fiori / UI5; HCM / SuccessFactors,S/4HANA; SAP BTP; SAP Fiori; SAPUI5 / UI5; CPI / Integration Suite; OData; CDS Views; RAP / CAP; IDoc; SuccessFactors,1787442885,https://himalayas.app/companies/bertelsmann-se-co-kgaa/jobs/sap-btp-senior-developer-open-to-remote-new-york-united-states-ny-10019-4474196719,"Company Description Penguin Random House is the leading adult and children's publishing house in North America, the United Kingdom and many other regions around the world. In publishing the best books in every genre and subject for all ages, we are committed to quality, excellence in execution, and innovation throughout the entire publishing process: editorial, design, marketing, publicity, sales, production, and dis"
210e2274f8d7eb96,himalayas,SAP ABAP Developer,BizFirst,United States,United States,True,Not disclosed,,,USD,annual,Core SAP delivery role,Technical / Development,Senior,ABAP / Development; BTP / Integration; FI / CO / FICO,ABAP; OData; FICO,1787006350,https://himalayas.app/companies/bizfirst/jobs/sap-abap-developer,"This is a remote position. Position: SAP ABAP Developer Experience Level: Intermediate (8+ Years) Position Overview We are seeking a highly skilled and experienced SAP ABAP Developer to join our team. The ideal candidate will have extensive technical expertise in ABAP development, coupled with hands-on experience in OData Services and a deep understanding of core SAP modules including FI, FM, SD, and MM. You will pla"
7310001c5d26c412,himalayas,SAP Basis Administrator,Blackfluo.ai,Romania,Romania,True,Not disclosed,,,,annual,Core SAP delivery role,Basis / Security,Lead / Manager,Fiori / UI5; Basis / Security; HANA / Data,SAP HANA; SAP Fiori; GRC / Security; English,1783228725,https://himalayas.app/companies/blackfluo-ai/jobs/sap-basis-administrator,"Location: Remote (Central European Timezone +/- 2 hours) Start date : Immediate Languages: English (fluent) Industry: International Organizations, Enterprise Software, SAP About the Company Pragmatike is recruiting on behalf of a prestigious international organization with global operations. This organization operates critical enterprise systems supporting worldwide initiatives and maintains a commitment to diversity"
02b03a90ae0f5d3b,himalayas,Sr. SAP SD/MM Consultant - India - Remote,BlockTXM Inc,United States,United States,True,Not disclosed,,,INR,annual,Core SAP delivery role,Technical / Development,Senior,ABAP / Development; BTP / Integration; HANA / Data; SD / Sales; EWM / WM / Logistics; TM / GTS / Supply Chain; CRM / CX / Commerce,ABAP; SAP HANA; IDoc; SAP SD,1784462105,https://himalayas.app/companies/blocktxm-inc/jobs/sr-sap-sd-mm-consultant-india-remote,"Category: Technology Location: At least 10 years of experience in SAP SD, MM and LE modules including at least 1 full life cycle project implementation. Expert in delivering solutions in SAP for order fulfillment/Supply chain function. Deep hands on Functional and Technical experience in multiple modules of SAP ERP. Experience in Logistics execution: Shipping (Delivery processing, Picking, Packing, Goods Issue, Print"
127c5b1db08bc667,himalayas,SAP Principal BW Consultant,Boardroom Appointments,South Africa,South Africa,True,Not disclosed,,,,annual,Core SAP delivery role,Technical / Development,Lead / Manager,S/4HANA; ABAP / Development; HANA / Data; FI / CO / FICO,ABAP; S/4HANA; SAP HANA; CDS Views; FICO; SAP BW / BI; SAP Analytics Cloud; Agile / Scrum,1787421948,https://himalayas.app/companies/boardroom-appointments/jobs/sap-principal-bw-consultant,"Key purpose: Your career here is about believing in yourself, and taking on great opportunities and new challenges. Its about growing your skills and expertise in your current role and preparing yourself for the future. Thats why we encourage you to take every opportunity to grow your career within our great global team. Duties and responsibilities: Demonstrate deep technical capabilities and professional knowledge. "
f27529a069ec2ceb,himalayas,SAP Order to Cash Consultant,Bosch Group,Romania,Romania,True,Not disclosed,,,,annual,Core SAP delivery role,Basis / Security,Mid / Unspecified,S/4HANA; Fiori / UI5; Basis / Security; FI / CO / FICO; SD / Sales; EWM / WM / Logistics; TM / GTS / Supply Chain,S/4HANA; SAP Fiori; FICO; SAP SD; SAP TM; GRC / Security; English,1783596239,https://himalayas.app/companies/bosch-group/jobs/sap-order-to-cash-consultant,"Role Overview Support the transformation and continuous improvement of business processes and solutions within the Order-to-Cash (O2C) domain. Plan and execute transformation/implementation initiatives and SAP rollout projects in collaboration with manufacturing plants, logistics, sales organizations, and internal IT teams. What You Will Do Facilitate requirement workshops, analyze business needs, and prepare functio"
53d46dd40d620f99,himalayas,Senior ServiceNow Developer,Bounteous,Mexico,Mexico,True,Not disclosed,,,,annual,SAP module/technical requirement,Basis / Security,Senior,Basis / Security; HCM / SuccessFactors,SuccessFactors; GRC / Security; Agile / Scrum,1783250740,https://himalayas.app/companies/bounteous/jobs/senior-servicenow-developer,"Bounteous is a premier end-to-end digital transformation consultancy dedicated to partnering with ambitious brands to create digital solutions for today’s complex challenges and tomorrow’s opportunities. With uncompromising standards for technical and domain expertise, we deliver innovative and strategic solutions in Strategy, Analytics, Digital Engineering, Cloud, Data & AI, Experience Design, and Marketing. Our Co-"
c0551fb7ac3dee04,himalayas,ServiceNow Architect,Bounteous,United States,United States,True,Not disclosed,,,,annual,SAP module/technical requirement,Architecture,Senior,Basis / Security; HCM / SuccessFactors,SuccessFactors; GRC / Security; Agile / Scrum,1783278841,https://himalayas.app/companies/bounteous/jobs/servicenow-architect,"Bounteous is a premier end-to-end digital transformation consultancy dedicated to partnering with ambitious brands to create digital solutions for today’s complex challenges and tomorrow’s opportunities. With uncompromising standards for technical and domain expertise, we deliver innovative and strategic solutions in Strategy, Analytics, Digital Engineering, Cloud, Data & AI, Experience Design, and Marketing. Our Co-"
77e6f22b57754408,himalayas,SAP ABAP Programmer,Bright Vision Technologies,United States,United States,True,Disclosed,100000,150000,USD,annual,SAP-titled role,Technical / Development,Senior,S/4HANA; ABAP / Development; BTP / Integration; Fiori / UI5; HANA / Data; FI / CO / FICO,ABAP; S/4HANA; SAP HANA; SAP BTP; SAP Fiori; SAPUI5 / UI5; CPI / Integration Suite; OData; CDS Views; RAP / CAP; IDoc; FICO,1788221026,https://himalayas.app/companies/bright-vision-technologies/jobs/sap-abap-programmer-5273020484,"SAP ABAP Programmer - Remote Bright Vision Technologies is a technology consulting and software development company delivering cloud, AI, data, and enterprise solutions across the United States. This is a fantastic opportunity to join an established and well-respected organization offering tremendous career growth potential. Job Title: SAP ABAP Programmer Location: 100% Remote (U.S.) Position Type: Full-time, Direct "
fb9b7dca66adb9e5,himalayas,SAP Application Developer,Bright Vision Technologies,United States,United States,True,Disclosed,100000,150000,USD,annual,Core SAP delivery role,Technical / Development,Senior,S/4HANA; ABAP / Development; BTP / Integration; Fiori / UI5; HANA / Data; FI / CO / FICO,ABAP; S/4HANA; SAP HANA; SAP BTP; SAP Fiori; SAPUI5 / UI5; CPI / Integration Suite; OData; CDS Views; RAP / CAP; IDoc; FICO,1788205179,https://himalayas.app/companies/bright-vision-technologies/jobs/sap-application-developer-6975585642,"Bright Vision Technologies is a technology consulting and software development company delivering cloud, AI, data, and enterprise solutions across the United States. This is a fantastic opportunity to join an established and well-respected organization offering tremendous career growth potential. Job Title: SAP Application Developer Location: 100% Remote (U.S.) Position Type: Full-time, Direct W2 Salary Range: $100,0"
59aaf02f41349040,himalayas,SAP BTP Developer,Bright Vision Technologies,United States,United States,True,Disclosed,100000,150000,USD,annual,Core SAP delivery role,Technical / Development,Mid / Unspecified,S/4HANA; ABAP / Development; BTP / Integration; Fiori / UI5,S/4HANA; SAP BTP; SAP Fiori; SAPUI5 / UI5; OData; RAP / CAP,1783641952,https://himalayas.app/companies/bright-vision-technologies/jobs/sap-btp-developer-4996307115,"Role Overview We are seeking an experienced SAP BTP Developer to design, build, and operate extensions, side-by-side applications, and integration scenarios on SAP’s Business Technology Platform. The ideal candidate will combine strong hands-on experience with the SAP Cloud Application Programming Model (CAP), SAP Fiori/UI5, BTP services, and CI/CD tooling with a clear understanding of clean-core principles, multi-te"
52bcc0ddc8e09f20,himalayas,SAP Backend Developer,Bright Vision Technologies,United States,United States,True,Disclosed,100000,150000,USD,annual,Core SAP delivery role,Technical / Development,Senior,S/4HANA; ABAP / Development; BTP / Integration; Fiori / UI5; HANA / Data; FI / CO / FICO,ABAP; S/4HANA; SAP HANA; SAP BTP; SAP Fiori; SAPUI5 / UI5; CPI / Integration Suite; OData; CDS Views; RAP / CAP; IDoc; FICO,1786935744,https://himalayas.app/companies/bright-vision-technologies/jobs/sap-backend-developer-8096463751,"SAP Backend Developer – Remote Bright Vision Technologies is a technology consulting and software development company delivering cloud, AI, data, and enterprise solutions across the United States. This is a fantastic opportunity to join an established and well-respected organization offering tremendous career growth potential. Job Title: SAP Backend Developer Location: 100% Remote (United States) Position Type: Full-"
cd0d1bb1137a5553,himalayas,SAP Basis Consultant,Bright Vision Technologies,United States,United States,True,Disclosed,90000,120000,USD,annual,Core SAP delivery role,Basis / Security,Senior,S/4HANA; ABAP / Development; BTP / Integration; Fiori / UI5; Basis / Security,S/4HANA; SAP BTP; SAP Fiori; SAPUI5 / UI5; CPI / Integration Suite; OData; RAP / CAP,1788209425,https://himalayas.app/companies/bright-vision-technologies/jobs/sap-basis-consultant-9519008609,"SAP Basis Consultant – Remote Bright Vision Technologies is a technology consulting and software development company delivering cloud, AI, data, and enterprise solutions across the United States. This is a fantastic opportunity to join an established and well-respected organization offering tremendous career growth potential. Job Title: SAP Basis Consultant Location: 100% Remote (U.S.) Position Type: Full-time, Direc"
8458d2f7f61bc8b6,himalayas,SAP Business Technology Platform Developer,Bright Vision Technologies,United States,United States,True,Disclosed,110000,140000,USD,annual,Core SAP delivery role,Technical / Development,Senior,S/4HANA; ABAP / Development; BTP / Integration; Fiori / UI5,S/4HANA; SAP BTP; SAP Fiori; SAPUI5 / UI5; CPI / Integration Suite; OData; RAP / CAP,1788164287,https://himalayas.app/companies/bright-vision-technologies/jobs/sap-business-technology-platform-developer-2519673042,"SAP Business Technology Platform Developer – Remote Bright Vision Technologies is a technology consulting and software development company delivering cloud, AI, data, and enterprise solutions across the United States. This is a fantastic opportunity to join an established and well-respected organization offering tremendous career growth potential. Job Title: SAP Business Technology Platform Developer Location: 100% R"
2281264cbc8b6f81,himalayas,SAP CPI Developer,Bright Vision Technologies,United States,United States,True,Disclosed,100000,150000,USD,annual,Core SAP delivery role,Technical / Development,Mid / Unspecified,S/4HANA; BTP / Integration; MM / Procurement; HCM / SuccessFactors,S/4HANA; CPI / Integration Suite; PI/PO; SuccessFactors; Ariba; Concur,1783589389,https://himalayas.app/companies/bright-vision-technologies/jobs/sap-cpi-developer-2007305095,"Role Overview We are seeking an experienced SAP CPI Developer to design, build, and operate enterprise integration scenarios that connect SAP S/4HANA and other SAP applications with a wide variety of non-SAP, third-party, and cloud-based systems. What You Will Do Design and develop end-to-end integration scenarios in SAP Integration Suite / CPI, including synchronous and asynchronous flows, complex mappings, and orch"
681972ef22a5843a,himalayas,SAP Cloud Integration Specialist,Bright Vision Technologies,United States,United States,True,Disclosed,100000,150000,USD,annual,Core SAP delivery role,Technical / Development,Senior,S/4HANA; ABAP / Development; BTP / Integration; MM / Procurement; HCM / SuccessFactors,S/4HANA; SAP BTP; CPI / Integration Suite; PI/PO; RAP / CAP; SuccessFactors; Ariba; Concur,1786228093,https://himalayas.app/companies/bright-vision-technologies/jobs/sap-cloud-integration-specialist-4558351119,"SAP Cloud Integration Specialist – Remote Bright Vision Technologies is a technology consulting and software development company delivering cloud, AI, data, and enterprise solutions across the United States. This is a fantastic opportunity to join an established and well-respected organization offering tremendous career growth potential. Job Title: SAP Cloud Integration Specialist Location: 100% Remote (United States"
2b92bf2f2cf30494,himalayas,SAP Compliance Engineer,Bright Vision Technologies,United States,United States,True,Disclosed,100000,150000,USD,annual,Core SAP delivery role,Basis / Security,Senior,S/4HANA; BTP / Integration; Fiori / UI5; Basis / Security; HANA / Data; HCM / SuccessFactors,S/4HANA; SAP HANA; SAP BTP; SAP Fiori; SuccessFactors; SAP BW / BI; GRC / Security,1786193269,https://himalayas.app/companies/bright-vision-technologies/jobs/sap-compliance-engineer-7409898533,"SAP Compliance Engineer – Remote Bright Vision Technologies is a technology consulting and software development company delivering cloud, AI, data, and enterprise solutions across the United States. This is a fantastic opportunity to join an established and well-respected organization offering tremendous career growth potential. Job Title: SAP Compliance Engineer Location: 100% Remote (United States) Position Type: F"
95b3d6fa78a86a3f,himalayas,SAP Extension Developer,Bright Vision Technologies,United States,United States,True,Disclosed,100000,150000,USD,annual,Core SAP delivery role,Technical / Development,Senior,S/4HANA; ABAP / Development; BTP / Integration; Fiori / UI5,S/4HANA; SAP BTP; SAP Fiori; SAPUI5 / UI5; CPI / Integration Suite; OData; RAP / CAP,1788077796,https://himalayas.app/companies/bright-vision-technologies/jobs/sap-extension-developer-6635603514,"Bright Vision Technologies is a technology consulting and software development company delivering cloud, AI, data, and enterprise solutions across the United States. This is a fantastic opportunity to join an established and well-respected organization offering tremendous career growth potential. Job Title: SAP Extension Developer Location: 100% Remote (U.S.) Position Type: Full-time, Direct W2 Salary Range: $100,000"
7adc93d48ca5d176,himalayas,SAP Fiori Consultant,Bright Vision Technologies,United States,United States,True,Disclosed,100000,150000,USD,annual,Core SAP delivery role,Basis / Security,Senior,ABAP / Development; BTP / Integration; Fiori / UI5; Basis / Security,ABAP; SAP BTP; SAP Fiori; SAPUI5 / UI5; OData; CDS Views; GRC / Security,1788071314,https://himalayas.app/companies/bright-vision-technologies/jobs/sap-fiori-consultant-1127972607,"Bright Vision Technologies is a technology consulting and software development company delivering cloud, AI, data, and enterprise solutions across the United States. This is a fantastic opportunity to join an established and well-respected organization offering tremendous career growth potential. Job Title: SAP Fiori Consultant Location: 100% Remote (U.S.) Position Type: Full-time, Direct W2 Salary Range: $100,000–$1"
b25a1e6b3f862c34,himalayas,SAP Fiori Developer,Bright Vision Technologies,United States,United States,True,Disclosed,100000,105000,USD,annual,Core SAP delivery role,Basis / Security,Mid / Unspecified,ABAP / Development; BTP / Integration; Fiori / UI5; Basis / Security,ABAP; SAP BTP; SAP Fiori; SAPUI5 / UI5; OData; CDS Views; GRC / Security,1783604337,https://himalayas.app/companies/bright-vision-technologies/jobs/sap-fiori-developer-4956763840,"Role Overview We are seeking an experienced SAP Fiori Developer to design, build, and enhance modern, user-friendly SAP applications that meet enterprise standards for usability, performance, and maintainability. In this role you will own the full Fiori/UI5 development lifecycle, working closely with functional consultants, ABAP developers, and UX teams to deliver responsive Fiori applications across desktop, tablet,"
74a4c33ae9b05a6a,himalayas,SAP Fiori Solutions Engineer,Bright Vision Technologies,United States,United States,True,Disclosed,100000,150000,USD,annual,Core SAP delivery role,Basis / Security,Senior,ABAP / Development; BTP / Integration; Fiori / UI5; Basis / Security,ABAP; SAP BTP; SAP Fiori; SAPUI5 / UI5; OData; CDS Views; GRC / Security,1786219433,https://himalayas.app/companies/bright-vision-technologies/jobs/sap-fiori-solutions-engineer-9476001366,"SAP Fiori Solutions Engineer – Remote Bright Vision Technologies is a technology consulting and software development company delivering cloud, AI, data, and enterprise solutions across the United States. This is a fantastic opportunity to join an established and well-respected organization offering tremendous career growth potential. Job Title: SAP Fiori Solutions Engineer Location: 100% Remote (United States) Positi"
0014c9314cc0aa47,himalayas,SAP Governance & Risk Engineer,Bright Vision Technologies,United States,United States,True,Disclosed,100000,150000,USD,annual,Core SAP delivery role,Basis / Security,Senior,S/4HANA; BTP / Integration; Fiori / UI5; Basis / Security; HANA / Data; HCM / SuccessFactors,S/4HANA; SAP HANA; SAP BTP; SAP Fiori; SuccessFactors; SAP BW / BI; GRC / Security,1788053225,https://himalayas.app/companies/bright-vision-technologies/jobs/sap-governance-risk-engineer-8325362015,"Bright Vision Technologies is a technology consulting and software development company delivering cloud, AI, data, and enterprise solutions across the United States. This is a fantastic opportunity to join an established and well-respected organization offering tremendous career growth potential. Job Title: SAP Governance & Risk Engineer Location: 100% Remote (U.S.) Position Type: Full-time, Direct W2 Salary Range: $"
59daa0a9078c68ed,himalayas,SAP HANA Consultant,Bright Vision Technologies,United States,United States,True,Disclosed,100000,125000,USD,annual,Core SAP delivery role,Technical / Development,Senior,S/4HANA; ABAP / Development; BTP / Integration; HANA / Data,S/4HANA; SAP HANA; SAP BTP; CDS Views; SAP BW / BI; SAP Analytics Cloud; Datasphere,1788203852,https://himalayas.app/companies/bright-vision-technologies/jobs/sap-hana-consultant-5914629963,"SAP HANA Consultant – Remote Bright Vision Technologies is a technology consulting and software development company delivering cloud, AI, data, and enterprise solutions across the United States. This is a fantastic opportunity to join an established and well-respected organization offering tremendous career growth potential. Job Title: SAP HANA Consultant Location: 100% Remote (U.S.) Position Type: Full-time, Direct "
028bf5185b322169,himalayas,SAP HANA Platform Engineer,Bright Vision Technologies,United States,United States,True,Disclosed,100000,150000,USD,annual,Core SAP delivery role,Technical / Development,Senior,S/4HANA; ABAP / Development; BTP / Integration; HANA / Data,S/4HANA; SAP HANA; SAP BTP; CDS Views; SAP BW / BI; SAP Analytics Cloud; Datasphere,1788070337,https://himalayas.app/companies/bright-vision-technologies/jobs/sap-hana-platform-engineer-9261853620,"Bright Vision Technologies is a technology consulting and software development company delivering cloud, AI, data, and enterprise solutions across the United States. This is a fantastic opportunity to join an established and well-respected organization offering tremendous career growth potential. Job Title: SAP HANA Platform Engineer Location: 100% Remote (U.S.) Position Type: Full-time, Direct W2 Salary Range: $100,"
f545fa6d10fb991f,himalayas,SAP HANA Solutions Architect,Bright Vision Technologies,United States,United States,True,Disclosed,175000,200000,USD,annual,Core SAP delivery role,Architecture,Senior,S/4HANA; ABAP / Development; BTP / Integration; HANA / Data,S/4HANA; SAP HANA; SAP BTP; CDS Views; SAP BW / BI; SAP Analytics Cloud; Datasphere,1786161253,https://himalayas.app/companies/bright-vision-technologies/jobs/sap-hana-solutions-architect-7973124738,"SAP HANA Solutions Architect – Remote Bright Vision Technologies is a technology consulting and software development company delivering cloud, AI, data, and enterprise solutions across the United States. This is a fantastic opportunity to join an established and well-respected organization offering tremendous career growth potential. Job Title: SAP HANA Solutions Architect Location: 100% Remote (United States) Positi"
6f06b71d7cc7e727,himalayas,SAP Integration Developer,Bright Vision Technologies,United States,United States,True,Disclosed,100000,130000,USD,annual,Core SAP delivery role,Technical / Development,Senior,S/4HANA; ABAP / Development; BTP / Integration; MM / Procurement; HCM / SuccessFactors,S/4HANA; SAP BTP; CPI / Integration Suite; PI/PO; RAP / CAP; SuccessFactors; Ariba; Concur,1788152522,https://himalayas.app/companies/bright-vision-technologies/jobs/sap-integration-developer-9167838311,"SAP Integration Developer – Remote Bright Vision Technologies is a technology consulting and software development company delivering cloud, AI, data, and enterprise solutions across the United States. This is a fantastic opportunity to join an established and well-respected organization offering tremendous career growth potential. Job Title: SAP Integration Developer Location: 100% Remote (U.S.) Position Type: Full-t"
ec58644858815c5d,himalayas,SAP MM Consultant,Bright Vision Technologies,United States,United States,True,Disclosed,130000,190000,USD,annual,Core SAP delivery role,Technical / Development,Lead / Manager,S/4HANA; ABAP / Development; BTP / Integration; Fiori / UI5; HANA / Data; FI / CO / FICO; MM / Procurement; EWM / WM / Logistics; TM / GTS / Supply Chain,ABAP; S/4HANA; SAP BTP; SAP Fiori; CPI / Integration Suite; IDoc; FICO; SAP MM; Ariba; SAP Analytics Cloud; Agile / Scrum,1787514818,https://himalayas.app/companies/bright-vision-technologies/jobs/sap-mm-consultant-1187668864,"SAP MM Consultant – Remote Bright Vision Technologies is a technology consulting and software development company delivering cloud, AI, data, and enterprise solutions across the United States. This is a fantastic opportunity to join an established and well-respected organization offering tremendous career growth potential. Job Title: SAP MM Consultant Location: 100% Remote (U.S.) Position Type: Full-time, Direct W2 S"
101f2e6bbe13f357,himalayas,SAP Platform Developer,Bright Vision Technologies,United States,United States,True,Disclosed,100000,150000,USD,annual,Core SAP delivery role,Technical / Development,Senior,S/4HANA; ABAP / Development; BTP / Integration; Fiori / UI5,S/4HANA; SAP BTP; SAP Fiori; SAPUI5 / UI5; CPI / Integration Suite; OData; RAP / CAP,1786163133,https://himalayas.app/companies/bright-vision-technologies/jobs/sap-platform-developer-6055762658,"SAP Platform Developer – Remote Bright Vision Technologies is a technology consulting and software development company delivering cloud, AI, data, and enterprise solutions across the United States. This is a fantastic opportunity to join an established and well-respected organization offering tremendous career growth potential. Job Title: SAP Platform Developer Location: 100% Remote (United States) Position Type: Ful"
970982f9f78b43b2,himalayas,SAP SD Consultant,Bright Vision Technologies,United States,United States,True,Disclosed,130000,190000,USD,annual,Core SAP delivery role,Basis / Security,Lead / Manager,S/4HANA; ABAP / Development; BTP / Integration; Fiori / UI5; Basis / Security; HANA / Data; FI / CO / FICO; SD / Sales; EWM / WM / Logistics; TM / GTS / Supply Chain,ABAP; S/4HANA; SAP BTP; SAP Fiori; CPI / Integration Suite; IDoc; FICO; SAP SD; SAP Analytics Cloud; Agile / Scrum,1787505911,https://himalayas.app/companies/bright-vision-technologies/jobs/sap-sd-consultant-6136656679,"SAP SD Consultant – Remote Bright Vision Technologies is a technology consulting and software development company delivering cloud, AI, data, and enterprise solutions across the United States. This is a fantastic opportunity to join an established and well-respected organization offering tremendous career growth potential. Job Title: SAP SD Consultant Location: 100% Remote (U.S.) Position Type: Full-time, Direct W2 S"
47c8b1d7cd8c9570,himalayas,SAP Security & GRC Engineer,Bright Vision Technologies,United States,United States,True,Disclosed,100000,150000,USD,annual,Core SAP delivery role,Basis / Security,Senior,BTP / Integration; Fiori / UI5; Basis / Security,SAP BTP; SAP Fiori; GRC / Security,1783588546,https://himalayas.app/companies/bright-vision-technologies/jobs/sap-security-grc-engineer-6916901318,"Role Overview We are seeking an experienced SAP Security & GRC Engineer to design, implement, and operate security and access-control frameworks for complex SAP landscapes. The ideal candidate will combine deep expertise in SAP authorization concepts with strong hands-on experience operating SAP GRC Access Control and Process Control. What You Will Do Design and maintain SAP authorization concepts and role structures"
c3c939578ec6cabe,himalayas,SAP Security Consultant,Bright Vision Technologies,United States,United States,True,Disclosed,110000,130000,USD,annual,Core SAP delivery role,Basis / Security,Senior,S/4HANA; BTP / Integration; Fiori / UI5; Basis / Security; HANA / Data; HCM / SuccessFactors,S/4HANA; SAP HANA; SAP BTP; SAP Fiori; SuccessFactors; SAP BW / BI; GRC / Security,1788161912,https://himalayas.app/companies/bright-vision-technologies/jobs/sap-security-consultant-2357703951,"SAP Security Consultant – Remote Bright Vision Technologies is a technology consulting and software development company delivering cloud, AI, data, and enterprise solutions across the United States. This is a fantastic opportunity to join an established and well-respected organization offering tremendous career growth potential. Job Title: SAP Security Consultant Location: 100% Remote (U.S.) Position Type: Full-time,"
9f9d233b24c2d004,himalayas,SAP Technical Administrator,Bright Vision Technologies,United States,United States,True,Disclosed,100000,150000,USD,annual,Core SAP delivery role,Basis / Security,Senior,S/4HANA; BTP / Integration; Basis / Security; HANA / Data,S/4HANA; SAP HANA; SAP BTP; SAP BW / BI,1788052867,https://himalayas.app/companies/bright-vision-technologies/jobs/sap-technical-administrator-1779456873,"Bright Vision Technologies is a technology consulting and software development company delivering cloud, AI, data, and enterprise solutions across the United States. This is a fantastic opportunity to join an established and well-respected organization offering tremendous career growth potential. Job Title: SAP Technical Administrator Location: 100% Remote (U.S.) Position Type: Full-time, Direct W2 Salary Range: $100"
213a4942cdd0147f,himalayas,SAP UI5 Developer,Bright Vision Technologies,United States,United States,True,Disclosed,85000,115000,USD,annual,Core SAP delivery role,Basis / Security,Senior,ABAP / Development; BTP / Integration; Fiori / UI5; Basis / Security,ABAP; SAP BTP; SAP Fiori; SAPUI5 / UI5; OData; CDS Views; GRC / Security,1788225192,https://himalayas.app/companies/bright-vision-technologies/jobs/sap-ui5-developer-7710100533,"SAP UI5 Developer – Remote Bright Vision Technologies is a technology consulting and software development company delivering cloud, AI, data, and enterprise solutions across the United States. This is a fantastic opportunity to join an established and well-respected organization offering tremendous career growth potential. Job Title: SAP UI5 Developer Location: 100% Remote (U.S.) Position Type: Full-time, Direct W2 S"
de5ef45a34dd0e05,himalayas,Senior SAP Basis Engineer,Bright Vision Technologies,United States,United States,True,Disclosed,120000,170000,USD,annual,Core SAP delivery role,Basis / Security,Senior,S/4HANA; BTP / Integration; Basis / Security; HANA / Data,S/4HANA; SAP HANA; SAP BTP; SAP BW / BI,1786194742,https://himalayas.app/companies/bright-vision-technologies/jobs/senior-sap-basis-engineer-8645544597,"Senior SAP Basis Engineer – Remote Bright Vision Technologies is a technology consulting and software development company delivering cloud, AI, data, and enterprise solutions across the United States. This is a fantastic opportunity to join an established and well-respected organization offering tremendous career growth potential. Job Title: Senior SAP Basis Engineer Location: 100% Remote (United States) Position Typ"
420539733417bb0f,himalayas,Senior SAP Security & GRC Engineer,Bright Vision Technologies,United States,United States,True,Disclosed,100000,150000,USD,annual,Core SAP delivery role,Basis / Security,Senior,S/4HANA; BTP / Integration; Fiori / UI5; Basis / Security; HANA / Data; HCM / SuccessFactors,S/4HANA; SAP BTP; SAP Fiori; SuccessFactors; SAP BW / BI; GRC / Security,1788067735,https://himalayas.app/companies/bright-vision-technologies/jobs/senior-sap-security-grc-engineer-4662067915,"Senior SAP Security & GRC Engineer - Remote Bright Vision Technologies is a technology consulting and software development company delivering cloud, AI, data, and enterprise solutions across the United States. This is a fantastic opportunity to join an established and well-respected organization offering tremendous career growth potential. Job Title: Senior SAP Security & GRC Engineer Location: 100% Remote (U.S.) Pos"
383b16cd7f9cd560,himalayas,Senior SAP Technical Developer,Bright Vision Technologies,United States,United States,True,Disclosed,140000,155000,USD,annual,Core SAP delivery role,Technical / Development,Senior,S/4HANA; ABAP / Development; BTP / Integration; Fiori / UI5; HANA / Data; FI / CO / FICO,ABAP; S/4HANA; SAP HANA; SAP BTP; SAP Fiori; SAPUI5 / UI5; CPI / Integration Suite; OData; CDS Views; RAP / CAP; IDoc; FICO,1788058068,https://himalayas.app/companies/bright-vision-technologies/jobs/senior-sap-technical-developer-5911014156,"Bright Vision Technologies is a technology consulting and software development company delivering cloud, AI, data, and enterprise solutions across the United States. This is a fantastic opportunity to join an established and well-respected organization offering tremendous career growth potential. Job Title: Senior SAP Technical Developer Location: 100% Remote (U.S.) Position Type: Full-time, Direct W2 Salary Range: $"
7f0727b5036c89d8,himalayas,SAP BASIS Administrator,CACI International Inc,United States,United States,True,Disclosed,90300,189600,USD,annual,Core SAP delivery role,Basis / Security,Mid / Unspecified,S/4HANA; ABAP / Development; BTP / Integration; Basis / Security; HANA / Data,ABAP; S/4HANA; SAP HANA; SAP BTP,1787521565,https://himalayas.app/companies/caci-international-inc/jobs/sap-basis-administrator-5346784053,"Job Title: SAP BASIS AdministratorJob Category: Information TechnologyTime Type: Full timeMinimum Clearance Required to Start: NoneEmployee Type: RegularPercentage of Travel Required: NoneType of Travel: None* * * The Opportunity: An SAP Basis Administrator manages the underlying technical infrastructure of SAP systems (installation, upgrades, patching, and configuration) to ensure high availability, performance, and"
3c09f61d9ed84a00,himalayas,SAP FI and Project Systems - Functional Analyst,CACI International Inc,United States,United States,True,Disclosed,105100,231100,USD,annual,Core SAP delivery role,Technical / Development,Lead / Manager,S/4HANA; ABAP / Development; Fiori / UI5; HANA / Data; FI / CO / FICO,ABAP; S/4HANA; SAP Fiori; FICO; SAP BW / BI,1788220226,https://himalayas.app/companies/caci-international-inc/jobs/sap-fi-and-project-systems-functional-analyst,Job Title: SAP FI and Project Systems - Functional AnalystJob Category: Information TechnologyTime Type: Full timeMinimum Clearance Required to Start: SecretEmployee Type: RegularPercentage of Travel Required: NoneType of Travel: None* * * The Opportunity: Join a dynamic organization implementing cutting-edge SAP solutions to transform financial and project management processes across the enterprise Work on high-impa
748bc03de1d66f7d,himalayas,Consultant SAP S/4HANA Cloud Public Edition (w/m/d),CAS AG,Germany,Germany,True,Not disclosed,,,,annual,Core SAP delivery role,Technical / Development,Mid / Unspecified,S/4HANA; BTP / Integration; HANA / Data,S/4HANA; SAP HANA; SAP BTP; CPI / Integration Suite; German,1786216176,https://himalayas.app/companies/cas-ag/jobs/consultant-sap-s-4hana-cloud-public-edition-w-m-d,"deine herausforderungen Du entwickelst ganzheitliche Ziel- und Lösungsarchitekturen für SAP S/4HANA Cloud Public Edition und übersetzt fachliche Anforderungen in ein tragfähiges Cloud-ERP-Gesamtdesign Du analysierst End-to-End-Prozesse, führst Fit-to-Standard-Prozesse durch und erarbeitest gemeinsam mit Kunden und Projektteams passende Lösungskonzepte Du bewertest gemeinsam mit Fachbereichen und Projektteams Anforder"
29b41106aa31337b,himalayas,Professional SAP Trainers - Contract,CC Staffing International,United Arab Emirates,United Arab Emirates,True,Not disclosed,,,,annual,SAP-titled role,Basis / Security,Senior,S/4HANA; ABAP / Development; Basis / Security; HANA / Data; MM / Procurement; PP / QM / Manufacturing; EWM / WM / Logistics; TM / GTS / Supply Chain; HCM / SuccessFactors; MDG / Master Data,ABAP; S/4HANA; SAP HANA; SAP PP; SAP EWM; SAP TM; SuccessFactors; Ariba; GRC / Security; MDG; English,1787417310,https://himalayas.app/companies/cc-staffing-international/jobs/professional-sap-trainers-contract,"Contract Type: Freelance/Contract - Part Time Job Description: We are seeking Multiple experienced SAP Specialized Trainer to deliver high-quality SAP SAT (Structured Authoring Training) across key SAP modules, particularly in areas like (EWM, TM, IBP, MDG, PP/DS, GRC, BRIM, Ariba and SuccessFactors). This is a contract-based role requiring a highly experienced SAP expert with a strong background in training and cert"
8c4a2f0720c53519,himalayas,SAP Basis Adminstrator,CDIT,United States,United States,True,Not disclosed,,,,annual,SAP-titled role,Basis / Security,Lead / Manager,S/4HANA; BTP / Integration; Fiori / UI5; Basis / Security; HANA / Data,S/4HANA; SAP HANA; SAP BTP; SAP Fiori; GRC / Security,1787288608,https://himalayas.app/companies/cdit/jobs/sap-basis-adminstrator,"This is a remote position. The Opportunity: Join a team where your technical expertise directly powers mission‑critical business operations. As an SAP Basis Administrator, you’ll take ownership of a dynamic SAP S/4HANA landscape, ensuring its stability, performance, and security. You’ll collaborate across infrastructure, cybersecurity, cloud, database, functional, and development teams to shape a highly optimized SAP"
a05ea50fd87838ef,himalayas,SAP Hazmat Functional SME,CDIT,United States,United States,True,Not disclosed,,,,annual,SAP-titled role,Technical / Development,Mid / Unspecified,S/4HANA; MM / Procurement; SD / Sales; EWM / WM / Logistics; TM / GTS / Supply Chain,S/4HANA; SAP TM; Agile / Scrum,1787286355,https://himalayas.app/companies/cdit/jobs/sap-hazmat-functional-sme,"This is a remote position. SAP HAZMAT Functional Resource Position Overview The SAP HAZMAT Functional Resource will support the JTMS SAP S/4HANA program by providing functional expertise for the management, configuration, integration, and sustainment of hazardous material (HAZMAT) processes within the SAP environment. This resource will work closely with functional teams, technical teams, business stakeholders, and c"
3c572fe8385129e5,himalayas,SAP Transportation Management Event Management SME,CDIT,United States,United States,True,Not disclosed,,,,annual,SAP-titled role,Technical / Development,Senior,S/4HANA; FI / CO / FICO; EWM / WM / Logistics; TM / GTS / Supply Chain; MDG / Master Data,S/4HANA; FICO; SAP TM; MDG; Agile / Scrum,1787285479,https://himalayas.app/companies/cdit/jobs/sap-transportation-management-event-management-sme,"This is a remote position. The Opportunity: We are seeking a highly experienced SAP Transportation Management (TM) Event Management Subject Matter Expert (SME) to support a large-scale Joint Transportation Management System (JTMS) implementation. This role will focus on the design, configuration, integration, testing, and adoption of transportation event management capabilities that provide end-to-end visibility into"
8ecc8390def689f9,himalayas,"[Job - 30523] Senior Data Developer (SAP), Colombia",CI&T,Colombia,Colombia,True,Not disclosed,,,,annual,Core SAP delivery role,Technical / Development,Senior,S/4HANA; ABAP / Development; HANA / Data,S/4HANA; SAP HANA; CDS Views; SAP BW / BI; SAP Analytics Cloud; English,1785144709,https://himalayas.app/companies/ci-t/jobs/job-30523-senior-data-developer-sap-colombia,"At CI&T, we help large enterprises transform the potential of AI into real business impact with AI Deployment, AI-native execution, and tech-integrated business solutions. With 30 years of experience in technological transformation, we accelerate innovation with expertise in Agentic SDLC, Application modernization, Data & AI, Martech and Business strategy. We are 8,000 CI&Ters across more than 25 countries, collabora"
699a64ddae08f798,himalayas,SAP Consultant Ariba Buying (w/m/d)* - 100% remote,Calmindon,Germany,Germany,True,Not disclosed,,,,annual,Core SAP delivery role,Functional Consulting,Entry / Intern,MM / Procurement,Ariba; German,1784452776,https://himalayas.app/companies/calmindon/jobs/sap-consultant-ariba-buying-w-m-d-100-remote,"Hast Du Interesse, uns als SAP Consultant Ariba Buying zu unterstützen? Dann lass uns ins Gespräch kommen! Wir haben im Oktober 2022 die calmindon GmbH mit Fokus auf „Einkauf mit SAP“ gegründet und uns Transformation. Einfach. Menschlich. auf die Fahnen geschrieben. Unser Ziel ist es, unseren Kunden eine exzellente, menschenorientierte und ehrliche SAP-Beratung zu bieten. Dabei setzen wir nicht nur auf effiziente Lös"
01c507bbe37d7a42,himalayas,Category Manager - IT,Cambium Learning Group,Worldwide / Not specified,Worldwide / Not specified,True,Not disclosed,,,,annual,SAP module/technical requirement,Data / Analytics,Lead / Manager,MM / Procurement,Ariba,1786871859,https://himalayas.app/companies/cambium-learning-group/jobs/category-manager-it,"Job Overview: Cambium Learning Group is seeking an Category Manager, IT to own commercial strategy and execution for a defined set of technology spend categories. In this role, you will lead renewals, competitive sourcing events, vendor negotiations, and category planning across software, SaaS, cloud, endpoint, telecom, and related IT services. This is a hands-on, high-ownership role for someone who enjoys leading de"
ffa240f39742b6f8,himalayas,FBS - Program Manager,Capgemini Technology Services,Brazil,Brazil,True,Not disclosed,,,,annual,SAP module/technical requirement,Project / Program,Lead / Manager,Basis / Security; HCM / SuccessFactors,SuccessFactors; GRC / Security; English,1787371158,https://himalayas.app/companies/capgemini-technology-services/jobs/fbs-program-manager,"FBS – Farmer Business Services is part of Farmers operations with the purpose of building a global approach to identifying, recruiting, hiring, and retaining top talent. By combining international reach with US expertise, we build diverse and high-performing teams that are equipped to thrive in today’s competitive marketplace. We believe that the foundation of every successful business lies in having the right people"
915aae11c737dce0,himalayas,FBS SAP ABAP Developer,Capgemini Technology Services,Mexico,Mexico,True,Not disclosed,,,,annual,Core SAP delivery role,Technical / Development,Mid / Unspecified,ABAP / Development; HANA / Data,ABAP; SAP BW / BI; Datasphere,1787494448,https://himalayas.app/companies/capgemini-technology-services/jobs/fbs-sap-abap-developer,"FBS – Farmer Business Services is part of Farmers operations with the purpose of building a global approach to identifying, recruiting, hiring, and retaining top talent. By combining international reach with US expertise, we build diverse and high-performing teams that are equipped to thrive in today’s competitive marketplace. We believe that the foundation of every successful business lies in having the right people"
446bea6faa96dfd1,himalayas,SAP Analytics Engineer (Datasphere)- India,Capgemini Technology Services,India,India,True,Not disclosed,,,,annual,Core SAP delivery role,Technical / Development,Mid / Unspecified,S/4HANA; BTP / Integration; HANA / Data; EWM / WM / Logistics,S/4HANA; SAP HANA; SAP BTP; SAP BW / BI; SAP Analytics Cloud; Datasphere,1785745853,https://himalayas.app/companies/capgemini-technology-services/jobs/sap-analytics-engineer-datasphere-india,"FBS – Farmer Business Services is part of Farmers operations with the purpose of building a global approach to identifying, recruiting, hiring, and retaining top talent. By combining international reach with US expertise, we build diverse and high-performing teams that are equipped to thrive in today’s competitive marketplace. We believe that the foundation of every successful business lies in having the right people"
01625ba795f14354,himalayas,SAP Datasphere and Analytics Cloud- Reporting,Capgemini Technology Services,Mexico,Mexico,True,Not disclosed,,,,annual,SAP-titled role,Technical / Development,Mid / Unspecified,S/4HANA; BTP / Integration; HANA / Data; EWM / WM / Logistics,S/4HANA; SAP HANA; SAP BTP; SAP BW / BI; SAP Analytics Cloud; Datasphere,1785763711,https://himalayas.app/companies/capgemini-technology-services/jobs/sap-datasphere-and-analytics-cloud-reporting-3229888885,"FBS – Farmer Business Services is part of Farmers operations with the purpose of building a global approach to identifying, recruiting, hiring, and retaining top talent. By combining international reach with US expertise, we build diverse and high-performing teams that are equipped to thrive in today’s competitive marketplace. We believe that the foundation of every successful business lies in having the right people"
3ff4eae2a1e37321,himalayas,Business Development Consultant,Cardinal Health,United States,United States,True,Disclosed,67500,96300,USD,annual,SAP module/technical requirement,Functional Consulting,Mid / Unspecified,MM / Procurement,Ariba,1786317811,https://himalayas.app/companies/cardinal-health/jobs/business-development-consultant,"Cardinal Health Sonexus™ Access and Patient Support helps specialty pharmaceutical manufacturers remove barriers to care so that patients can access, afford and remain on the therapy they need for a better quality of life. Our diverse expertise in pharma, payer and hub services allows us to deliver best-in-class solutions, driving brand and patient markers of success. We’re continuously integrating advanced and emerg"
43f3feefb81470ed,himalayas,Senior Engineer - Software/Info Platform - SAP BTP,Cardinal Health,United States,United States,True,Disclosed,125300,178900,USD,annual,Core SAP delivery role,Basis / Security,Lead / Manager,ABAP / Development; BTP / Integration; Basis / Security; HANA / Data,SAP HANA; SAP BTP; CPI / Integration Suite; RAP / CAP; GRC / Security,1786686878,https://himalayas.app/companies/cardinal-health/jobs/senior-engineer-software-info-platform-sap-btp,"What Software & Information Platforms contributes to Cardinal Health Information Technology oversees the effective development, delivery, and operation of computing and information services. This function anticipates, plans, and delivers Information Technology solutions and strategies that enable operations and drive business value. Software & Information Platforms manages the technical configuration, design, adminis"
4847b7288a2ed3ac,himalayas,"Senior Engineer, SAP RNI",Cardinal Health,United States,United States,True,Disclosed,123400,176300,USD,annual,Core SAP delivery role,Technical / Development,Senior,BTP / Integration; MDG / Master Data,IDoc; MDG; Agile / Scrum,1783950547,https://himalayas.app/companies/cardinal-health/jobs/senior-engineer-sap-rni-2739795270,"What Application Development & Maintenance contributes to Cardinal Health Information Technology oversees the effective development, delivery, and operation of computing and information services. This function anticipates, plans, and delivers Information Technology solutions and strategies that enable operations and drive business value. Application Development & Maintenance performs configuration or coding to develo"
25e6290cec05245f,himalayas,"Sr. Engineer, SAP Basis / HANA",Cardinal Health,United States,United States,True,Disclosed,125300,178900,USD,annual,Core SAP delivery role,Basis / Security,Senior,BTP / Integration; Fiori / UI5; Basis / Security; HANA / Data,SAP HANA; SAP BTP; SAP Fiori,1786737265,https://himalayas.app/companies/cardinal-health/jobs/sr-engineer-sap-basis-hana,"Headquarters in Dublin, Ohio, Cardinal Health , Inc. (NYSE: CAH) is a global, integrated healthcare services and products company connecting patients, providers, payers, pharmacists and manufacturers for integrated care coordination and better patient management. Backed by nearly 100 years of experience, with more than 60,000 employees in nearly 60 countries, Cardinal Health ranks among the top 20 in the Fortune 500."
2e25306d65b7c1be,himalayas,Freiberuflicher SAP-Berater (m/w/d),Career Factory,Germany,Germany,True,Not disclosed,,,,annual,SAP-titled role,Other SAP-Related,Senior,S/4HANA,S/4HANA,1785392232,https://himalayas.app/companies/career-factory-eu/jobs/freiberuflicher-sap-berater-m-w-d,"Du bist SAP-Berater:in und offen für spannende Freelance-Projekte? *** hybrid, remote oder vor Ort. Wir finden gemeinsam das passende Setup für Dich. Bei Career Factory unterstützen wir regelmäßig Unternehmen in ganz Deutschland dabei, SAP-Expert:innen für ihre digitalen Transformationsprojekte zu finden – von S/4HANA-Migrationen bis hin zu spezifischen Rollouts und Optimierungen. Unsere Kunden stammen aus verschiede"
6f64e546282b54d2,himalayas,HRIS Developer,Catalyst Talent Strategy Consulting,Indonesia,Indonesia,True,Not disclosed,,,,annual,SAP module/technical requirement,Technical / Development,Lead / Manager,HCM / SuccessFactors,SuccessFactors,1787450053,https://himalayas.app/companies/catalyst-talent-strategy-consulting/jobs/hris-developer,"The Company Our client is a leading provider of HR software in the region. Role Description The Senior HRIS Developer is responsible for the design, development, configuration, and ongoing support of the organizations Human Resource Information Systems (HRIS). This role partners closely with HR, Payroll, Technology, and Security teams to deliver scalable, secure, and efficient HR technology solutions that support bus"
fe35c30eede72147,himalayas,Financial Analyst - Remote Canada,Circular Materials,Canada,Canada,True,Disclosed,70000,90000,CAD,annual,SAP module/technical requirement,Technical / Development,Lead / Manager,S/4HANA; Fiori / UI5; HANA / Data,S/4HANA; SAP HANA; SAP Fiori,1787354799,https://himalayas.app/companies/circular-materials/jobs/financial-analyst-remote-canada,"OVERVIEW Reporting to the Senior Manager, Finance and Accounting, the Financial Analyst supports CM’s annual budgeting and quarterly forecasting cycles and prepares financial presentations and reports for various levels of leadership. This is a full-time, salary paid position, which requires residency in Canada. RESPONSIBILITIES Partner with Finance, operational teams, and department leaders to gather inputs, validat"
6ae95525a49cc069,himalayas,SAP BRIM CI Functional Consultant,Clarity,Worldwide / Not specified,Worldwide / Not specified,True,Not disclosed,,,,annual,Core SAP delivery role,Technical / Development,Entry / Intern,S/4HANA; FI / CO / FICO,S/4HANA; FICO; Agile / Scrum; English,1786191459,https://himalayas.app/companies/onclarity/jobs/sap-brim-ci-functional-consultant,"Requirements 0–2 year of professional experience. Fresh graduates are encouraged to apply. Bachelor’s degree in Information Technology, Business Information Systems, Accounting, Finance, Business Management, Engineering, or a related field. Basic understanding of billing, invoicing, taxation, accounting, subscriptions, or Order-to-Cash processes. Academic or internship exposure to SAP, ERP applications, billing platf"
ba17c8cdabb31ae5,himalayas,SAP BRIM FI-CA Functional Consultant,Clarity,Canada,Canada,True,Not disclosed,,,,annual,Core SAP delivery role,Technical / Development,Entry / Intern,S/4HANA; FI / CO / FICO,S/4HANA; FICO; Agile / Scrum; English,1786198817,https://himalayas.app/companies/onclarity/jobs/sap-brim-fi-ca-functional-consultant,"Requirements 0–2 year of professional experience. Fresh graduates are encouraged to apply. Bachelor’s degree in Accounting, Finance, Business Information Systems, Information Technology, Business Management, Economics, or a related field. Basic understanding of accounting principles, customer accounts, receivables, payments, invoices, and financial transactions. Knowledge of debit and credit concepts, general ledger "
8204b97760f71210,himalayas,SAP BRIM SOM Functional Consultant,Clarity,Worldwide / Not specified,Worldwide / Not specified,True,Not disclosed,,,,annual,Core SAP delivery role,Technical / Development,Entry / Intern,S/4HANA; FI / CO / FICO; CRM / CX / Commerce,S/4HANA; FICO; Agile / Scrum; English,1786240092,https://himalayas.app/companies/onclarity/jobs/sap-brim-som-functional-consultant,"Requirements 0–1 year of professional experience. Fresh graduates are encouraged to apply. Bachelor’s degree in Business Information Systems, Information Technology, Computer Science, Business Management, Marketing, Engineering, or a related field. Basic understanding of sales, customer service, subscriptions, contracts, products, pricing, or Order-to-Cash processes. Academic, internship, or practical exposure to SAP"
389b6bbebaa92dfb,himalayas,Integration Specialist,CloudPay,United Kingdom,United Kingdom,True,Not disclosed,,,,annual,SAP module/technical requirement,Technical / Development,Mid / Unspecified,HCM / SuccessFactors,SuccessFactors,1788068670,https://himalayas.app/companies/cloudpay/jobs/integration-specialist,"About this job opportunity Our Vision To be the world's most trusted global payroll partner, simplifying pay for all employees. Our Mission Empowering global workforces with seamless, compliant, and innovative payroll and payment solutions, enabling businesses to thrive in a connected world. Our People Our fundamental beliefs at CloudPay are built on core values of professionalism, passion, empowerment, innovation, a"
316d72741080f67d,himalayas,Data Governance and Data Quality Consultant,Comerit,United States,United States,True,Not disclosed,,,,annual,SAP module/technical requirement,Data / Analytics,Mid / Unspecified,MM / Procurement,Ariba,1788122100,https://himalayas.app/companies/comerit/jobs/data-governance-and-data-quality-consultant,This is a remote position. Our current client is searching for a Data Governance and Data Quality Consultant for a 3 to 6 Month contract with a major Technology Company. The Data Governance and Data Quality Consultant will be responsible for creating aData Analytics Governance model for overall enterprise master data as it applies to purchasing. This model will be a working prototype of methodologies surrounding P2P 
5d73de67c25b0de3,himalayas,SAP S/4HANA Technical Development Lead,Comerit,United States,United States,True,Not disclosed,,,,annual,Core SAP delivery role,Technical / Development,Lead / Manager,S/4HANA; ABAP / Development; BTP / Integration; Fiori / UI5; HANA / Data; MM / Procurement,ABAP; S/4HANA; SAP HANA; SAP Fiori; PI/PO; Ariba,1788122105,https://himalayas.app/companies/comerit/jobs/sap-s-4hana-technical-development-lead,This is a remote position. Comerit is searching for an SAP S/4HANA Technical Development Lead. Our current client is looking to increase their project team for their Release 2 data cleansing and data harmonization project. This will include moving from legacy systems to SAP S4 in the cloud. If you are anSAP S/4HANA Technical Development Leadplease apply to this position. Requirements This position provides leadership
573d8988334b3b2d,himalayas,SAP SAC CDS Developer,Comerit,United States,United States,True,Not disclosed,,,,annual,Core SAP delivery role,Technical / Development,Mid / Unspecified,ABAP / Development; Fiori / UI5; HANA / Data,SAP Fiori; CDS Views; SAP Analytics Cloud,1788122101,https://himalayas.app/companies/comerit/jobs/sap-sac-cds-developer,This is a remote position. Comerit is searching for a Functional/Technical Developer - SAC/CDS Developer for an engagement with our client to rewrite seven (7) data models and reports that need to be rewritten for performance and business reasons. The data models are built as S4 CDS views and the reports exist in SAP Analytics Cloud. Our client has identified one (1) data model/report (ZPER) that runs well and should
83363b0a972ed823,himalayas,SAP SuccessFactors and Datasphere/SAC- Data and Analytics Specialist,Comerit,United States,United States,True,Not disclosed,,,,annual,Core SAP delivery role,Technical / Development,Mid / Unspecified,HANA / Data; HCM / SuccessFactors,SuccessFactors; SAP Analytics Cloud; Datasphere,1788122109,https://himalayas.app/companies/comerit/jobs/sap-successfactors-and-datasphere-sac-data-and-analytics-specialist,"This is a remote position. Our client is embarking on an implementation journey with SAP SuccessFactors and seeks a skilled professional to spearhead the evaluation of data analytics solutions. As the SAP SuccessFactors and Datasphere/SAC Data and Analytics Specialist, you will play a pivotal role in guiding our project, leveraging your expertise in SAP SuccessFactors People and Workforce Analytics and Planning. Your"
9a23fdebcb954e2f,himalayas,Consultor SAP SuccessFactors Senior,Concentrix,Mexico,Mexico,True,Not disclosed,,,,annual,SAP-titled role,Other SAP-Related,Senior,HCM / SuccessFactors,SuccessFactors,1783277584,https://himalayas.app/companies/concentrix/jobs/consultor-sap-successfactors-senior,"Job Title: Consultor SAP SuccessFactors Senior Job Description Somos Concentrix . El socio de transformación inteligente. Enfocados en soluciones. Impulsados por la tecnología. Potenciados por la inteligencia. El líder global en tecnología y servicios que impulsa a las mejores marcas del mundo, hoy y en el futuro. Nos enfocamos en soluciones, impulsados por la tecnología y potenciados por la inteligencia. Con datos e"
caa41cca43144d25,himalayas,Consultor SAP SuccessFactors Time Tracking (Senior),Concentrix,Australia,Australia; Canada; Denmark; Finland; France; Germany; India; Ireland; Italy; Netherlands; New Zealand; Norway; Spain; Sweden; United Kingdom; United States,True,Not disclosed,,,,annual,SAP-titled role,Other SAP-Related,Senior,HCM / SuccessFactors,SuccessFactors,1784762029,https://himalayas.app/companies/concentrix/jobs/consultor-sap-successfactors-time-tracking-senior,"Job Title: Consultor SAP SuccessFactors Time Tracking (Senior) Job Description Somos Concentrix . El socio de transformación inteligente. Enfocados en soluciones. Potenciados por la tecnología. Impulsados por la inteligencia. El líder global en tecnología y servicios que impulsa las mejores marcas del mundo, hoy y en el futuro. Estamos enfocados en soluciones, potenciados por la tecnología e impulsados por la intelig"
8920317de863f1ef,himalayas,SUBCONTRACT (SERVICE) BUYER,Connect Energy,Indonesia,Indonesia,True,Not disclosed,,,,annual,SAP module/technical requirement,Functional Consulting,Senior,MM / Procurement,Ariba; English,1784012753,https://himalayas.app/companies/connect-energy/jobs/subcontract-service-buyer,REQUIRED WORKING SKILLS/QUALIFICATION/CERTIFICATION Minimum 8-10 years of working experience as procurement/buyer for services/subcontracts in Oil and Gas industry Experienced with local and overseas subcontract vendor Strong expertise in negotiation and strategic thinking Familiar with SAP/Ariba Familiar with PTK007 Experienced purchasing for offshore projects is preferred Fluent in English both oral and written. Go
cd28cced62086654,himalayas,Senior Consultant (w/m/d) Personal / Personalwirtschaft SAP,Consileon Business Consultancy GmbH,Germany,Germany,True,Not disclosed,,,,annual,Core SAP delivery role,Technical / Development,Senior,ABAP / Development; Fiori / UI5; HCM / SuccessFactors,ABAP; SAPUI5 / UI5; SuccessFactors,1787286424,https://himalayas.app/companies/consileon-business-consultancy-gmbh/jobs/senior-consultant-w-m-d-personal-personalwirtschaft-sap,"dein arbeitsumfeld Consileon Applied Business GmbH ist Teil der Consileon-Gruppe mit Fokus auf fachliche und technische Beratungsdienstleistungen rund um Prozesse zur Steuerung der Vertriebsorganisation und des Personalwesens. Unsere Berater unterstützen Unternehmen von der Strategie über die Implementierung bis hin zum Betrieb. Wir begleiten namhafte Banken, Versicherungen, Automobilhersteller, Energieversorger sowi"
d16cbb249f4ad949,himalayas,Legal Billing Analyst,Consilio LLC,United States,United States,True,Not disclosed,,,,annual,SAP module/technical requirement,Functional Consulting,Mid / Unspecified,MM / Procurement,Ariba,1788082463,https://himalayas.app/companies/consilio-llc/jobs/legal-billing-analyst,"Overview Comprehensive legal bill review analyzing invoices submitted under AFA and hourly arrangements. Review expense documentation and line entries to ensure compliance with outside counsel billing guidelines and billing task and expense codes. Responsibilities Review and analyze legal invoices submitted by outside counsel to ensure accuracy, compliance with billing guidelines, and reasonableness of charges. Monit"
3ab3ad3b372fc433,himalayas,Principal Solution Architect - 11399,"Coupa Software, Inc.",United States,United States,True,Disclosed,152000,198000,USD,annual,SAP module/technical requirement,Architecture,Lead / Manager,MM / Procurement,Ariba,1783798169,https://himalayas.app/companies/coupa-software-inc/jobs/principal-solution-architect-11399,"Coupa makes margins multiply through its community-generated AI and industry-leading total spend management platform for businesses large and small. Coupa AI is informed by trillions of dollars of direct and indirect spend data across a global network of 10M+ buyers and suppliers. We empower you with the ability to predict, prescribe, and automate smarter, more profitable business decisions to improve operating margi"
b251a435512f90c3,himalayas,Senior Solution Advisor - 11612,"Coupa Software, Inc.",Germany,Germany,True,Disclosed,95000,108333,EUR,annual,SAP module/technical requirement,Data / Analytics,Senior,MM / Procurement,Ariba; English; German,1787344327,https://himalayas.app/companies/coupa-software-inc/jobs/senior-solution-advisor-11612,"Coupa makes margins multiply through its community-generated AI and industry-leading total spend management platform for businesses large and small. Coupa AI is informed by trillions of dollars of direct and indirect spend data across a global network of 10M+ buyers and suppliers. We empower you with the ability to predict, prescribe, and automate smarter, more profitable business decisions to improve operating margi"
44b54e44b23b5c0d,himalayas,Sr Coupa Pay Success Manager -11821,"Coupa Software, Inc.",United Kingdom,United Kingdom,True,Disclosed,65000,91667,GBP,annual,SAP module/technical requirement,Data / Analytics,Lead / Manager,MM / Procurement,Ariba; Concur,1787121970,https://himalayas.app/companies/coupa-software-inc/jobs/sr-coupa-pay-success-manager-11821,"Coupa makes margins multiply through its community-generated AI and industry-leading total spend management platform for businesses large and small. Coupa AI is informed by trillions of dollars of direct and indirect spend data across a global network of 10M+ buyers and suppliers. We empower you with the ability to predict, prescribe, and automate smarter, more profitable business decisions to improve operating margi"
80cb81c51b6c5780,himalayas,SAP Consultant,Creative Chaos,Pakistan,Pakistan,True,Not disclosed,,,,annual,Core SAP delivery role,Technical / Development,Mid / Unspecified,S/4HANA; HANA / Data; FI / CO / FICO; MM / Procurement; SD / Sales; PP / QM / Manufacturing; EWM / WM / Logistics; HCM / SuccessFactors; PM / Asset Management,S/4HANA; FICO; SAP MM; SAP SD; SAP PP; SAP QM; SAP EWM; SuccessFactors; Ariba; SAP BW / BI,1786367092,https://himalayas.app/companies/creative-chaos/jobs/sap-consultant,"Job Summary: We are seeking a highly motivated SAP Consultant with experience in implementing, configuring, and supporting SAP solutions. The ideal candidate will work closely with business stakeholders, technical teams, and clients to analyze business requirements, design SAP solutions, and deliver high-quality implementations across various SAP modules. Key Responsibilities Gather and analyze business requirements "
249b0dc57f47c547,himalayas,Coupa Post-Production Support (PPS) Senior Consultant,CrossCountry Consulting,Philippines,Philippines,True,Not disclosed,,,,annual,SAP module/technical requirement,Technical / Development,Senior,MM / Procurement,Ariba,1785395011,https://himalayas.app/companies/crosscountry-consulting/jobs/coupa-post-production-support-pps-senior-consultant,"Coupa Post-Production Support (PPS) Senior Consultant By joining our rapidly growing post-production support team,you will serve as a trusted partner to our clients. You’ll bring your first-hand experience, unique perspectives, and functional knowledge to deliver tailored integrated solutions that help our clients solve today's challenges and set the foundation for future success. With support from experienced leader"
b27a32b5133296d4,himalayas,"Coupa Technical Lead (Integrations), Manager",CrossCountry Consulting,United States,United States,True,Disclosed,140000,190000,USD,annual,SAP module/technical requirement,Technical / Development,Lead / Manager,MM / Procurement,Ariba,1788068673,https://himalayas.app/companies/crosscountry-consulting/jobs/coupa-technical-lead-integrations-manager,"By joining our rapidly growing Coupapractice you will serve as a trusted partner to our clients. You’ll bring your first-hand experience, unique perspectives, and functional and technical knowledge to deliver tailored integrated solutions that help our clients solve today's challenges and set the foundation for future success. With support from experienced leaders and a dedicated coach, you will join a collaborative "
d13300b867800bf1,himalayas,Sr. Manager - SAP SCM,Curtiss-Wright Corporation,United States,United States,True,Disclosed,165700,240000,USD,annual,Core SAP delivery role,Technical / Development,Lead / Manager,S/4HANA; MM / Procurement; PP / QM / Manufacturing; TM / GTS / Supply Chain,S/4HANA; Ariba; Concur,1785793255,https://himalayas.app/companies/curtiss-wright-corporation/jobs/sr-manager-sap-scm,"We are looking for a Sr. Manager - SAP SCM - to join our team! Your Responsibilities: This is a dual-mandate role: the Senior Manager, SAP SCM operates simultaneously as the Enterprise Solution Architect for Curtiss-Wright’s SAP Supply Chain Management portfolio — Production Planning, Manufacturing, Quality Management, Warehouse Management, and Shop Floor Control, and its integration with Engineering and Manufacturin"
d3691a35c6ba7b69,himalayas,JR-189589 SAP Consultant Lead,Customertimes,United States,United States,True,Not disclosed,,,,annual,Core SAP delivery role,Basis / Security,Lead / Manager,BTP / Integration; Basis / Security; CRM / CX / Commerce,SAP BTP; CPI / Integration Suite; GRC / Security; Agile / Scrum; English,1784014708,https://himalayas.app/companies/customertimes/jobs/jr-189589-sap-consultant-lead,"Project Description: We are looking for an experienced SAP Customer Data Cloud (Gigya) Consultant Lead to lead the design, implementation, and integration of enterprise-grade Customer Identity and Access Management (CIAM) solutions. This role combines functional consulting with hands-on technical expertise to deliver secure, scalable customer identity, authentication, and consent management capabilities across digita"
011344668d31f581,himalayas,JR-199169 SAP ABAP Developer Senior,Customertimes,United States,United States,True,Not disclosed,,,,annual,Core SAP delivery role,Technical / Development,Senior,ABAP / Development,ABAP; English,1787595958,https://himalayas.app/companies/customertimes/jobs/jr-199169-sap-abap-developer-senior,"Hello, our name is Customertimes , but you can call us CT. We are a global digital engineering, product development, and technology consulting company. Headquartered in New York, we have a team of 1000+ experts working across 65+ countries. About this job: We are looking for a Senior SAP ABAP Developer to join an international project for a leading multinational CPG company. The role is focused on SAP ECC development"
63a7e8042b3206c6,himalayas,"Director, Enterprise Applications",Cynosure,Canada,Canada; India; United Kingdom; United States,True,Disclosed,178431,236421,USD,annual,SAP module/technical requirement,Basis / Security,Lead / Manager,S/4HANA; BTP / Integration; Fiori / UI5; Basis / Security; FI / CO / FICO; SD / Sales; EWM / WM / Logistics; MDG / Master Data,S/4HANA; SAP BTP; SAP Fiori; CPI / Integration Suite; IDoc; FICO; SAP SD; GRC / Security; MDG,1784453504,https://himalayas.app/companies/cynosure/jobs/director-enterprise-applications,"Cynosure is well positioned competitively to lead and transform the medical aesthetics industry. We are guided by our belief that this is a purpose-driven business, which improves patient’s lives and improves practitioner’s livelihoods. We are passionate about driving a healthy and growing medical aesthetics industry with leading-edge marketing which inspires consumers to engage in medical aesthetics. We are the lead"
9e862e3ef1df3b74,himalayas,130L - SAP SD Functional Analyst (VMS/VELO) · Senior · Remoto · LATAM,Darwoft,Argentina,Argentina,True,Not disclosed,,,,annual,Core SAP delivery role,Technical / Development,Senior,S/4HANA; ABAP / Development; BTP / Integration; FI / CO / FICO; MM / Procurement; SD / Sales,ABAP; S/4HANA; CPI / Integration Suite; PI/PO; IDoc; FICO; SAP MM; SAP SD; English,1784894759,https://himalayas.app/companies/darwoft/jobs/130l-sap-sd-functional-analyst-vms-velo-senior-remoto-latam,"140L · Senior SAP SD Functional Analyst (VMS/VELO) · LATAM Location: Anywhere in LATAM Job Type: Remote Contract Type: Contractor Project: Automotive / Heavy Machinery Time Zone: LATAM business hours English Level: B2 or higher Seniority: Senior Get to Know Darwoft At Darwoft , we build digital products with heart. We're a Latin American technology company focused on creating high-impact, human-centered software in p"
afb70f73cf781a66,himalayas,Customer Delivery Engineer - LATAM,DataXstream,Argentina,Argentina,True,Not disclosed,,,,annual,SAP module/technical requirement,Technical / Development,Mid / Unspecified,BTP / Integration,SAP BTP; CPI / Integration Suite; English,1785458596,https://himalayas.app/companies/dataxstream/jobs/customer-delivery-engineer-latam,"Based in Williamsburg, VA, DataXstream stands as a proud and dedicated SAP partner with over two decades of experience. We are relentlessly focused on innovating, rebuilding, and perfecting the most robust and user-friendly Order Management software available for the SAP ecosystem. As we continue to grow our impact and our team, we're seeking passionate individuals to join us in shaping the future of enterprise solut"
d893d81b3ba2cd32,himalayas,SAP Group Reporting Consultant,Decision Inc.,United States,United States,True,Not disclosed,,,,annual,Core SAP delivery role,Technical / Development,Senior,S/4HANA,S/4HANA,1787558515,https://himalayas.app/companies/decision-inc/jobs/sap-group-reporting-consultant,"Join Decision Inc. as a Senior Consultant – SAP Group Reporting (FP&A Focus) At Decision Inc. , we help organisations harness the full potential of data to make faster, more intelligent decisions. As part of our continued growth, we are looking for a Senior FP&A Consultant with deep experience in SAP Group Reporting to deliver enterprise financial solutions that align with our clients' strategic and reporting objecti"
e2fcb0bd0a3379b1,himalayas,Lehrer / Dozent (all genders) für SAP ABAP/S4 HANA,Digital Career Institute,Germany,Germany,True,Not disclosed,,,,annual,SAP-titled role,Technical / Development,Mid / Unspecified,S/4HANA; ABAP / Development; Fiori / UI5; HANA / Data,ABAP; S/4HANA; SAP HANA; SAP Fiori; SAPUI5 / UI5; German,1783781297,https://himalayas.app/companies/digital-career-institute/jobs/lehrer-dozent-all-genders-fur-sap-abap-s4-hana,"join the digital career institute & social impact school Das DCI und die Impact School gehören zusammen. Als gemeinsamer Player sind wir am Bildungsmarkt aktiv, um tausenden von Menschen in einen beruflichen Neustart zu verhelfen. Werde Teil des Digital Career Institute (DCI) - wir sind einer der führenden Anbieter für digitale Weiterbildungen in Deutschland. Wir helfen Menschen, neue berufliche Wege zu gehen – und v"
1aa8508427478c30,himalayas,SAP GRC Consultant,DigitalOnUs,Mexico,Mexico,True,Not disclosed,,,,annual,Core SAP delivery role,Basis / Security,Senior,ABAP / Development; Basis / Security,ABAP; GRC / Security,1784764857,https://himalayas.app/companies/digitalonus/jobs/sap-grc-consultant,"SAP GRC Consultant Description • SAP GRC Consultant with exp. covering: o 1) Access control o 2) Process Control o 3) Risk Management 4 - 5 years' experience Additional Skills (DBs, OS, Dev Methodologies, Additional tools) Any additional exp. on SAP IDM, SAP ABAP would be advantage Responsibilities: Implementation and Support The location for this vacancy is remote based in MTY For a long term position Originally pos"
c5d4fc806eb71b49,himalayas,Principal SuccessFactors Consultant - Compensation & Variable Pay,DyFlex Solutions,Australia,Australia; New Zealand,True,Not disclosed,,,,annual,Core SAP delivery role,Functional Consulting,Lead / Manager,HCM / SuccessFactors,SuccessFactors,1783509152,https://himalayas.app/companies/dyflex-solutions/jobs/principal-successfactors-consultant-compensation-variable-pay,"Role Overview As a Principal Consultant, you will lead the design and delivery of SuccessFactors Compensation and Variable Pay solutions, mentoring consultants and contributing to business growth. You will work closely with stakeholders to understand business requirements and ensure successful project outcomes. What You Will Do Lead end-to-end SAP SuccessFactors Compensation and Variable Pay implementations, facilita"
9b1d2011822ebf43,himalayas,Senior SuccessFactors Time Off & Time Tracking Consultant,DyFlex Solutions,Australia,Australia,True,Not disclosed,,,,annual,Core SAP delivery role,Technical / Development,Senior,S/4HANA; BTP / Integration; HCM / SuccessFactors,S/4HANA; SAP BTP; SuccessFactors,1788381180,https://himalayas.app/companies/dyflex-solutions/jobs/senior-successfactors-time-off-time-tracking-consultant,"DyFlex is an established SAP Platinum Partner with employees across Australia, New Zealand, and the Philippines. We are recognised as a leader in our area of SAP expertise. We deliver fit‑for‑purpose SAP solutions, and our services range from greenfield and brownfield implementations, change management, to ongoing Aftercare services and support. In 2025, we were awarded: ✓ Best Performing Partner in Australia for S/4"
95cfc7c67388c6db,himalayas,"SAP SuccessFactors Business Analyst (Copenhagen, DK)",Effective People,Denmark,Denmark,True,Not disclosed,,,,annual,Core SAP delivery role,Functional Consulting,Senior,HCM / SuccessFactors,SuccessFactors; English,1786366284,https://himalayas.app/companies/effective-people/jobs/sap-successfactors-business-analyst-copenhagen-dk-4196055409,"Location: any country in Europe Work model: full-remote & full-time, flexible within business hours Employment type: Employment Contract Who we are At Effective People , we put people first. As a global leader in SAP SuccessFactors implementation, HR advisory, and workforce solutions, we help businesses boost performance, streamline payroll, and enhance employee experiences. Over the past 18 years, our team of 250 co"
07649246dabd6b76,himalayas,"SAP SuccessFactors Integration Support Consultant (Denmark, DK)",Effective People,Denmark,Denmark,True,Not disclosed,,,,annual,Core SAP delivery role,Technical / Development,Mid / Unspecified,BTP / Integration; HCM / SuccessFactors,CPI / Integration Suite; OData; SuccessFactors; English,1786161740,https://himalayas.app/companies/effective-people/jobs/sap-successfactors-integration-support-consultant-denmark-dk-3223999478,"Work model: fully-remote & full-time, flexible within business hours Employment type: permanent employment contract Who we are Effective People is a leading global provider of SAP SuccessFactors, HR advisory, and workforce management solutions. We help organizations drive better business outcomes, improve HR effectiveness, streamline payroll processes, and create great employee experiences. Our 250 consultants cover "
d88835f925f38021,himalayas,"Senior SAP SuccessFactors EC Time Management Consultant (Copenhagen, DK)",Effective People,Denmark,Denmark,True,Not disclosed,,,,annual,Core SAP delivery role,Functional Consulting,Senior,HCM / SuccessFactors,SuccessFactors; English,1786705328,https://himalayas.app/companies/effective-people/jobs/senior-sap-successfactors-ec-time-management-consultant-copenhagen-dk,"Location : EU countries (remote) Schedule : Full time, flexible within business hours Collaboration : Permanent Employment Contract Who We Are At Effective People , we put people first. As a global leader in SAP SuccessFactors implementation, HR advisory, and workforce solutions, we help businesses boost performance, streamline payroll, and enhance employee experiences. Over the past 18 years, our 250 consultants hav"
83b551e8a5518e2d,himalayas,Senior SAP SuccessFactors Talent Intelligence Consultant (contractor. remote) (B,Effective People,Brazil,Brazil,True,Not disclosed,,,,annual,Core SAP delivery role,Functional Consulting,Senior,HCM / SuccessFactors,SuccessFactors,1786872341,https://himalayas.app/companies/effective-people/jobs/senior-sap-successfactors-talent-intelligence-consultant-contractor-remote-b,"Location: Remote (EU-based candidates only) Collaboration model: Freelance / Contractor (B2B) Project duration: September–December 2026 (extension possible) Workload: Minimum of 20 hours per week Who We Are Effective People is a leading global provider of SAP SuccessFactors, HR advisory, and workforce management solutions. We help organizations drive better business outcomes, improve HR effectiveness, streamline payr"
93367894b412e1db,himalayas,"Senior SAP SucessFactors Project Manager (Europe, remote) 1 (Poland, PL)",Effective People,Poland,Poland,True,Not disclosed,,,,annual,Core SAP delivery role,Project / Program,Lead / Manager,HCM / SuccessFactors,SuccessFactors; English; German,1787163028,https://himalayas.app/companies/effective-people/jobs/senior-sap-sucessfactors-project-manager-europe-remote-1-poland-pl-3464026016,"Location: EU countries (remote) Collaboration: permanent employment contract or B2B, full-time Schedule : flexible within business hours Who We Are Effective People is a leading global provider of SAP SuccessFactors, HR advisory, and workforce management solutions. We help organizations drive better business outcomes, improve HR effectiveness, streamline payroll processes, and create great employee experiences. Our 2"
9334e85ae3643152,himalayas,SAP GTS Consultant (All levels) - remote,Elitez Group of Companies,Taiwan,Taiwan,True,Not disclosed,,,,annual,Core SAP delivery role,Technical / Development,Lead / Manager,ABAP / Development; HANA / Data; SD / Sales; TM / GTS / Supply Chain,ABAP; SAP HANA; SAP SD; SAP GTS,1787416345,https://himalayas.app/companies/elitez-group-of-companies/jobs/sap-gts-consultant-all-levels-remote,"An international executive recruitment company, Elitez Group of Companies is hiring on behalf of a ﻿leading international consultancy for the position of SAP GTS Analyst/ Consultant/ Senior Consultant/ Principal (remote) in Taiwan. Responsibilities: Provide Global Trade Management consulting with SAP GTS. Research solutions, prepare demos, test functionalities, and document processes in SAP GTS. Follow industry trend"
56fbcad06bd5fb8e,himalayas,Senior SAP SD Consultant,Elitez Group of Companies,Taiwan,Taiwan,True,Not disclosed,,,,annual,Core SAP delivery role,Technical / Development,Senior,S/4HANA; ABAP / Development; FI / CO / FICO; SD / Sales; EWM / WM / Logistics,ABAP; S/4HANA; FICO; SAP SD; English,1787419124,https://himalayas.app/companies/elitez-group-of-companies/jobs/senior-sap-sd-consultant,"An international executive recruitment company, Elitez Group of Companies is hiring on behalf of a ﻿leading international consultancy for the position of Senior SAP SD Consultant in Taiwan. Responsibilities: Take responsibility for the process, functional and technical design in SAP projects as Finance (FI/CO) or Logistics (SD, PP/QM, MM etc.) consultant. Conduct top-down workshops to advise and direct our clients on"
52a5acb7bcd18a90,himalayas,SAP ABAP Developer,Everest Technologies,United States,United States,True,Not disclosed,,,,annual,Core SAP delivery role,Technical / Development,Mid / Unspecified,S/4HANA; ABAP / Development; BTP / Integration; Fiori / UI5; MM / Procurement; PP / QM / Manufacturing; TM / GTS / Supply Chain,ABAP; S/4HANA; SAP Fiori; OData; CDS Views; IDoc; SAP PP; Agile / Scrum,1787776397,https://himalayas.app/companies/everesttechnologies/jobs/sap-abap-developer,"This is a remote position. Role Overview We are seeking a highly skilled SAP ABAP Developer with deep functional knowledge of SAP Manufacturing and Supply Chain modules. In this role, you will be responsible for designing, developing, and deploying custom ABAP solutions to optimize production, quality, and materials management workflows. You will work closely with functional consultants and business stakeholders to t"
92513a121b9a174e,himalayas,Lead Consultant - Buying and Invoicing,Excelerated Procurement Solutions,Worldwide / Not specified,Worldwide / Not specified,True,Not disclosed,,,,annual,SAP mentioned,Functional Consulting,Lead / Manager,Unspecified SAP,,1785801404,https://himalayas.app/companies/excelerated-procurement-solutions/jobs/lead-consultant-buying-and-invoicing,"As Lead Consultant you will have responsibility for assisting clients to improve their finance, supply chain and procurement functions through advisory, implementation and support activities with a focus on leveraging SAP based technologies. You will play a leading role in your area of expertise with the aim to successfully deliver and implement projects within the agreed scope to the highest level of quality. You wi"
2f48162b31e2aa4d,himalayas,"Key Account Manager SAP ERP & Cloud (m/w/d) (Bundesweit-Homeoffice, DE)",FIS Gruppe,Germany,Germany,True,Not disclosed,,,,annual,Core SAP delivery role,Technical / Development,Lead / Manager,BTP / Integration,SAP BTP; German,1786340194,https://himalayas.app/companies/fis-gruppe/jobs/key-account-manager-sap-erp-cloud-m-w-d-bundesweit-homeoffice-de-2278324576,"Du unterstützt internationale Kunden dabei, ihr volles Potenzial auszuschöpfen – durch die strategische Positionierung von SAP- und FIS-Cloud-Lösungen. Ziel ist es, individuelle geschäftliche Herausforderungen zu adressieren und eine belastbare Grundlage für langfristigen Unternehmenserfolg zu schaffen. Was machst du konkret bei uns? Verantwortung: Vollständige Verantwortung für das übertragene Kundenportfolio, mit d"
920c9a777f176325,himalayas,"Sr. Software Engineer, Fullstack (UK)",Firstup,United Kingdom,United Kingdom,True,Not disclosed,,,,annual,SAP module/technical requirement,Technical / Development,Senior,HCM / SuccessFactors,SuccessFactors,1787462493,https://himalayas.app/companies/firstup/jobs/sr-software-engineer-fullstack-uk,"Who We Are At Firstup , our mission is to improve the employee experience at every moment that matters, large and small. As the communication pipeline for the world's workforce, we now serve 40 of the Fortune 100 companies, reaching and connecting more than 17 million employees daily. Our employees are experts in the employee experience, workforce communications and technology. Joining Firstup means joining a movemen"
5954089a012a5972,himalayas,"Senior Product Manager, SAP",FloQast,United States,United States,True,Not disclosed,,,USD,annual,Core SAP delivery role,Technical / Development,Lead / Manager,ABAP / Development; BTP / Integration; FI / CO / FICO,ABAP; SAP BTP; OData; FICO,1788082305,https://himalayas.app/companies/floqast/jobs/senior-product-manager-sap,"FloQast is at the forefront of the accounting industry, providing an AI-powered Accounting Transformation Platform created by accountants, for accountants. We are dedicated to revolutionizing how accounting and finance teams work, enabling them to move beyond manual, tedious tasks and into a strategic, advisory role. By leveraging our groundbreaking, auditable AI Agents and purpose-built solutions, we empower teams t"
5e9d12978b4adb9d,himalayas,"Business Insights & Enablement Analyst (Remote, Any Location, GB)",Foundever,United Kingdom,United Kingdom,True,Not disclosed,,,,annual,SAP module/technical requirement,Data / Analytics,Mid / Unspecified,HCM / SuccessFactors,SuccessFactors; English,1784042077,https://himalayas.app/companies/foundever/jobs/business-insights-enablement-analyst-remote-any-location-gb-988341686,"About Foundever ® Foundever ® is a global leader in the customer experience (CX) industry. With 150,000 associates across the globe, we’re the team behind the best experiences for +750 of the world’s leading and digital-first brands. Our innovative CX solutions, technology and expertise are designed to support operational needs for our clients and deliver a seamless experience to customers in the moments that matter "
13b25ec4ac5aeb8d,himalayas,"SAP SuccessFactors Talent Management Analyst (Remote, Any Location, GB, Foundeve",Foundever,United Kingdom,United Kingdom,True,Not disclosed,,,,annual,Core SAP delivery role,Functional Consulting,Senior,HCM / SuccessFactors,SuccessFactors,1788154513,https://himalayas.app/companies/foundever/jobs/sap-successfactors-talent-management-analyst-remote-any-location-gb-foundeve,"About Us SAP SuccessFactors Talent Management Analyst At Foundever ®, we create the experiences that power the world’s leading brands. With 170,000 associates globally supporting 750+ brands, our people technology plays a critical role in delivering scalable, seamless employee experiences across more than 40 countries. We’re now looking for an experienced SAP SuccessFactors Talent Management Analyst to join our Globa"
ece899affcada381,himalayas,"Senior Manager, SAP SuccessFactors Employee Central & Platform (UK Wide, Work at",Foundever,United Kingdom,United Kingdom,True,Disclosed,75000,90000,GBP,annual,Core SAP delivery role,Technical / Development,Lead / Manager,BTP / Integration; HCM / SuccessFactors,SAP BTP; SuccessFactors; Agile / Scrum,1787125331,https://himalayas.app/companies/foundever/jobs/senior-manager-sap-successfactors-employee-central-platform-uk-wide-work-at-2323358960,"Global HRIS Leadership Team Foundever ® is a global leader in customer experience (CX), supporting more than 750 of the world's leading brands through a team of 170,000 associates across the globe. We combine innovative technology, operational excellence, and deep industry expertise to deliver exceptional customer experiences at scale. As part of our continued investment in HR technology, we are looking for an experi"
3a0a300b1e5ef77a,himalayas,"Sr Mgr, SAP SuccessFactors EC and Platform (EMEA) (UK Remote (Sitel), Any Locati",Foundever,United Kingdom,United Kingdom,True,Not disclosed,,,,annual,SAP-titled role,Technical / Development,Lead / Manager,BTP / Integration; HCM / SuccessFactors,SAP BTP; SuccessFactors; Agile / Scrum,1788121868,https://himalayas.app/companies/foundever/jobs/sr-mgr-sap-successfactors-ec-and-platform-emea-uk-remote-sitel-any-locati-6951374851,"Job Summary The Senior Manager of SAP SuccessFactors EC and Platform plays a pivotal role in the strategic direction and development of our SAP SuccessFactors Core HR solution with a focus on best practices, optimization, global scalability and team development. This is a hands-on role that directs the Employee Central module product lifecycle, and drives the design, optimization and day-to-day of the entire SAP Succ"
e30401a1d2d91d9b,himalayas,AI SAP BW Senior Professional Consultant,Freudenberg Group,Romania,Romania,True,Not disclosed,,,,annual,Core SAP delivery role,Basis / Security,Senior,S/4HANA; ABAP / Development; BTP / Integration; Basis / Security; HANA / Data,S/4HANA; SAP HANA; SAP BTP; CDS Views; SAP BW / BI; SAP Analytics Cloud; Datasphere; GRC / Security; Agile / Scrum,1783960762,https://himalayas.app/companies/freudenberg-group/jobs/ai-sap-bw-senior-professional-consultant,"Working at Freudenberg: We will wow your world! Responsibilities: Design and implement scalable data products using SAP BW/4HANA and SAP BW on HANA with an end-to-end solution design. Develop and maintain advanced BW data models including ADSOs, CompositeProviders, Open ODS Views, InfoProviders, and BW queries. Build end‑to‑end data flows covering data extraction, transformation, and loading from SAP and non‑SAP sour"
de9cb87c209be93d,himalayas,IT Consultant,Freudenberg Group,Italy,Italy,True,Not disclosed,,,,annual,SAP module/technical requirement,Technical / Development,Lead / Manager,Fiori / UI5; EWM / WM / Logistics; MDG / Master Data,SAP Fiori; MDG; English; German,1787541879,https://himalayas.app/companies/freudenberg-group/jobs/it-consultant,"Working at Freudenberg: We will wow your world! Responsibilities: SAP ERP Consulting: Act as SAP ERP Consultant for international business areas and Global Process Owners, focusing on Purchasing and Demand Planning processes within SAP ERP systems and related third‑party applications. Project Leadership: Take responsibility as technical (partial) project lead for IT projects with a focus on SAP ERP. Solution Design &"
029b3197c00b929e,himalayas,Senior IT Project Manager – Application Rationalization Program in Pharma,Fusion Consulting,Greece,Greece,True,Not disclosed,,,,annual,SAP module/technical requirement,Project / Program,Lead / Manager,S/4HANA,S/4HANA,1788064564,https://himalayas.app/companies/fusion-consulting/jobs/senior-it-project-manager-application-rationalization-program-in-pharma-3492022400,"We are seeking a Senior IT Project Manager to coordinate a global Application Rationalization Program in a pharmaceutical company. The role will focus on coordinating the interdependencies between multiple program workstreams and ensuring that activities, timelines, decisions, and dependencies remain aligned across the overall program. This is not a technical integration or interface development role, rather an integ"
9ceb27129f4f9915,himalayas,Senior IT Project Manager – Application Rationalization Program in Pharma,Fusion Consulting,Poland,Poland,True,Not disclosed,,,,annual,SAP module/technical requirement,Project / Program,Lead / Manager,S/4HANA,S/4HANA,1788014878,https://himalayas.app/companies/fusion-consulting/jobs/senior-it-project-manager-application-rationalization-program-in-pharma,"We are seeking a Senior IT Project Manager to coordinate a global Application Rationalization Program in a pharmaceutical company. The role will focus on coordinating the interdependencies between multiple program workstreams and ensuring that activities, timelines, decisions, and dependencies remain aligned across the overall program. This is not a technical integration or interface development role, rather an integ"
6ec82bd2159e6424,himalayas,Business Operations Specialist,GSK,Poland,Poland,True,Disclosed,140250,233750,PLN,annual,SAP module/technical requirement,Basis / Security,Lead / Manager,Fiori / UI5; Basis / Security; MM / Procurement,SAP Fiori; Ariba; GRC / Security,1788076374,https://himalayas.app/companies/gsk/jobs/business-operations-specialist,"Purpose of the Role Provide essential operational support to the European Partnership Markets (EPM) team, ensuring smooth, compliant and efficient execution of core business processes. The role enables cross-functional teams to operate effectively by managing purchase orders, training curricula, documentation and key systems, while delivering project and continuous-improvement support to the Business Operations Manag"
e11045b6ff3cada8,himalayas,"Director Analyst -Sourcing, Contracts and Negotiations – Software Licensing/SAP",Gartner,United Kingdom,United Kingdom,True,Not disclosed,,,,annual,Core SAP delivery role,Data / Analytics,Lead / Manager,S/4HANA; MM / Procurement; HCM / SuccessFactors,S/4HANA; SuccessFactors; Ariba; Concur; Agile / Scrum,1784486496,https://himalayas.app/companies/gartner/jobs/director-analyst-sourcing-contracts-and-negotiations-software-licensing-sap-7649991546,"Director, Sourcing, Contracts and Negotiations – Software Licensing /SAP Remote EMEA About the role: Gartner Analysts are industry thought leaders who create must-have insights, market predictions and best practices for a broad range of world-leading organizations. This Director role is focused on sourcing, contracts and negotiations for enterprise software and SaaS licensing, with deep emphasis on the SAP ecosystem."
d90272234f4278cf,himalayas,"Director, Analyst Sourcing, Contracts and Negotiations – Software Licensing/SAP(",Gartner,United States,United States,True,Disclosed,148000,175500,USD,annual,Core SAP delivery role,Data / Analytics,Lead / Manager,S/4HANA; MM / Procurement; HCM / SuccessFactors,S/4HANA; SuccessFactors; Ariba; Concur; Agile / Scrum,1784453772,https://himalayas.app/companies/gartner/jobs/director-analyst-sourcing-contracts-and-negotiations-software-licensing-sap,"About the role: Gartner Analysts are industry thought leaders who create must-haveinsights, market predictions and best practices for a broad range of world-leading organizations.This Director role is focused on sourcing, contracts and negotiationsfor enterprise software andSaaS licensing, with deep emphasis on the SAP ecosystem. A Director serves as a leader within Gartner ’s Business and Technology Insights (BTI) g"
999a28e95400d53c,himalayas,"Sr. Director Analyst, Sourcing & Procurement Technology Expert (Remote-Eastern U",Gartner,United States,United States,True,Disclosed,172000,202500,USD,annual,SAP module/technical requirement,Data / Analytics,Lead / Manager,MM / Procurement,Ariba; Agile / Scrum,1787234464,https://himalayas.app/companies/gartner/jobs/sr-director-analyst-sourcing-procurement-technology-expert-remote-eastern-u,"About the role: Gartner Analysts are industry thought leaders who create must-have insights, market predictions and best practices for a broad range of world-leading organizations. A Senior Director serves as a leader within Gartner ’s Business and Technology Insights (BTI) group, establishing oneself as a credible voice within their designated market at local, regional and global levels. Utilizing exceptional resear"
a249acc299dfca02,himalayas,"Sr. Director Analyst, Sourcing and Procurement Technology Expert",Gartner,Canada,Canada,True,Not disclosed,,,,annual,SAP module/technical requirement,Data / Analytics,Lead / Manager,MM / Procurement,Ariba; Agile / Scrum,1787644703,https://himalayas.app/companies/gartner/jobs/sr-director-analyst-sourcing-and-procurement-technology-expert,"About the role: Gartner Analysts are industry thought leaders who create must-have insights, market predictions and best practices for a broad range of world-leading organizations. A Senior Director serves as a leader within Gartner ’s Business and Technology Insights (BTI) group, establishing oneself as a credible voice within their designated market at local, regional and global levels. Utilizing exceptional resear"
c99c10ebe1f59d23,himalayas,SAP Consulting Leader - S/4HANA and Digital Core,"Genesis Consulting Partners, LLC",United States,United States,True,Not disclosed,,,,annual,SAP-titled role,Technical / Development,Lead / Manager,S/4HANA; HANA / Data,S/4HANA; SAP HANA,1785143908,https://himalayas.app/companies/genesis-consulting-partners-llc/jobs/sap-consulting-leader-s-4hana-and-digital-core,"This is a remote position. Job Title: SAP Consulting Leader – S/4HANA and Digital Core Job Type: Full-Time Job Summary: We are seeking an experienced SAP Consulting Leader with a passion for digital transformation and business process innovation. As a part of Genesis Consulting, this role involves leading SAP S/4HANA transformation programs, driving client relationships, and spearheading our ERP Digital Core Transfor"
8b9c999328d93e1a,himalayas,SAP Instructional Designer,"Genesis Consulting Partners, LLC",United States,United States,True,Not disclosed,,,,annual,SAP-titled role,Technical / Development,Mid / Unspecified,S/4HANA; HCM / SuccessFactors,S/4HANA; SuccessFactors; Agile / Scrum,1785156619,https://himalayas.app/companies/genesis-consulting-partners-llc/jobs/sap-instructional-designer,"This is a remote position. Genesis Consulting is seeking a motivated, ambitious, hardworking, and resourceful SAP Instructional Designerwith a passion for growth and business transformation to support anS/4HANA migration for a nationwide commercial client. Join our team to support our clients in achieving their mission, optimizing their businesses, while modernizing enterprise solutions while leveraging concepts of L"
e18140a1dde429e3,himalayas,SAP Organizational Change Management (OCM) Lead,"Genesis Consulting Partners, LLC",United States,United States,True,Not disclosed,,,,annual,Core SAP delivery role,Technical / Development,Lead / Manager,S/4HANA; HCM / SuccessFactors,S/4HANA; SuccessFactors; Agile / Scrum,1785144670,https://himalayas.app/companies/genesis-consulting-partners-llc/jobs/sap-organizational-change-management-ocm-lead,"This is a remote position. Genesis Consulting is seeking a motivated, ambitious, hardworking, and resourceful SAP Organizational Change Management (OCM) Leadwith a passion for growth and business transformation to support anS/4HANA migration for a nationwide commercial client. Join our team to support our clients in achieving their mission, optimizing their businesses, while modernizing enterprise solutions while lev"
7271713260b63715,himalayas,SAP Payroll Processing Consultant,"Genesis Consulting Partners, LLC",United States,United States,True,Not disclosed,,,,annual,Core SAP delivery role,Technical / Development,Mid / Unspecified,HCM / SuccessFactors,SuccessFactors; Agile / Scrum,1785144537,https://himalayas.app/companies/genesis-consulting-partners-llc/jobs/sap-payroll-processing-consultant,"This is a remote position. Genesis Consulting has an immediate opportunity for an experienced, forward thinking SAP Payroll Processing Consultant with a passion for growth and business transformation. Join our team and utilize SAP technology to configure, develop, deliver and support applications for our clients while leveraging concepts of Lean, Agile, Kanban and SAFe. Our clients are some of the world’s leading com"
59deaeb229fb941d,himalayas,SAP Project Manager,"Genesis Consulting Partners, LLC",United States,United States,True,Not disclosed,,,,annual,Core SAP delivery role,Project / Program,Lead / Manager,S/4HANA; HCM / SuccessFactors,S/4HANA; SuccessFactors; Agile / Scrum,1785168953,https://himalayas.app/companies/genesis-consulting-partners-llc/jobs/sap-project-manager,"This is a remote position. Genesis Consulting is seeking a motivated, ambitious, hardworking, and resourceful SAP Project Manager to lead an S/4HANA migration for a nationwide commercial client. Join our team and utilize SAP technology to configure, develop, deliver and support applications for our clients while leveraging concepts of Lean, Agile, Kanban and SAFe. Our clients are some of the world’s leading companies"
9fcbfd67b7b8efac,himalayas,SAP Training Lead,"Genesis Consulting Partners, LLC",United States,United States,True,Not disclosed,,,,annual,Core SAP delivery role,Data / Analytics,Lead / Manager,S/4HANA; HANA / Data; HCM / SuccessFactors,S/4HANA; SAP HANA; SuccessFactors; Agile / Scrum,1785166454,https://himalayas.app/companies/genesis-consulting-partners-llc/jobs/sap-training-lead,"This is a remote position. Genesis Consulting is seeking a motivated, ambitious, hardworking, and resourceful SAP Training Leadwith a passion for growth and business transformation to support anS/4HANA migration for a nationwide commercial client. Join our team to support our clients in achieving their mission, optimizing their businesses, while modernizing enterprise solutions while leveraging concepts of Lean, Agil"
3bfc9139eec71ecf,himalayas,SAP/ERP Project Manager,"Genesis Consulting Partners, LLC",United States,United States,True,Not disclosed,,,,annual,Core SAP delivery role,Project / Program,Lead / Manager,S/4HANA,S/4HANA; Agile / Scrum,1786008158,https://himalayas.app/companies/genesis-consulting-partners-llc/jobs/sap-erp-project-manager,"Requirements Job Title: SAP / ERP Project Manager Job Type: Full-Time Job Location: Remote Job Summary: Genesis Consulting is seeking an experienced SAP/ERP Project Manager to lead the implementation of an enterprise AI-driven Procurement Card (P-Card) monitoring solution for a State government client. This individual will oversee all phases of project delivery, from planning and pilot implementation through statewid"
ea3848894a15089a,himalayas,Marketing & Proposal Specialist,Geosyntec Consultants,United States,United States,True,Disclosed,76345,114520,USD,annual,SAP module/technical requirement,Data / Analytics,Mid / Unspecified,MM / Procurement,Ariba,1787145668,https://himalayas.app/companies/geosyntec-consultants/jobs/marketing-proposal-specialist,"Overview Do you want to build an impactful career to change the world for the better? Geosyntec Consultants , Inc, headquartered in Boca Raton, FL, has an exciting opportunity in our North America West region for a Marketing and Proposal Specialist supporting our team across California from our San Diego, Sacramento, Orange County, Los Angeles, CA offices. The opportunity to work a fully remote (must be available to "
cdfcff097d2bbd3e,himalayas,SAP HCM Functional Business Analyst,"Global Channel Management, Inc.",United States,United States,True,Not disclosed,,,USD,annual,Core SAP delivery role,Technical / Development,Senior,ABAP / Development; BTP / Integration; Fiori / UI5; HCM / SuccessFactors,ABAP; SAP Fiori; IDoc; SuccessFactors,1787862870,https://himalayas.app/companies/global-channel-management-inc/jobs/sap-hcm-functional-business-analyst,"SAP HCM Functional Business Analyst requires: 5+ years of SAP HCM Functional / Business Analyst experience with deep expertise in PA and OM structures and processes. Strong working knowledge of Time Management, Payroll, and Benefits, including schema/rules understanding and cross-module dependencies. Proven experience supporting and troubleshooting SuccessFactors integrations, including IDoc processing, interface mon"
8762691fe4c01b87,himalayas,Especialista Funcional II PTP/S4 HANA,Grupo Boticário,Brazil,Brazil,True,Not disclosed,,,,annual,SAP-titled role,Technical / Development,Mid / Unspecified,S/4HANA; BTP / Integration; HANA / Data,S/4HANA; SAP HANA; SAP BTP,1787207600,https://himalayas.app/companies/grupo-boticario/jobs/especialista-funcional-ii-ptp-s4-hana-2081319101,"Um dos maiores grupos de beleza do mundo, o Grupo Boticário é uma empresa brasileira presente em mais de 40 países. É dono das marcas O Boticário, Eudora, Quem Disse, Berenice?, Vult, O.U.i, Dr. JONES, Tô.que.tô , TRUSS, e do marketplace Beleza na Web, além de atuar com produtos licenciados como Australian Gold, Bio Oil, Nuxe, e Pampers e sua divisão para o mercado B2B. Essa interação entre diferentes marcas, ativos,"
a9cf770d0b4ce349,himalayas,Especialista I SAP - FI (Tech Corporate),Grupo Boticário,Brazil,Brazil,True,Not disclosed,,,,annual,SAP-titled role,Technical / Development,Mid / Unspecified,S/4HANA; Fiori / UI5; FI / CO / FICO,S/4HANA; SAP Fiori; FICO,1787996898,https://himalayas.app/companies/grupo-boticario/jobs/especialista-i-sap-fi-tech-corporate-2193596655,"Um dos maiores grupos de beleza do mundo, o Grupo Boticário é uma empresa brasileira presente em mais de 40 países. É dono das marcas O Boticário, Eudora, Quem Disse, Berenice?, Vult, O.U.i, Dr. JONES, TRUSS, e do marketplace Beleza na Web, além de atuar com produtos licenciados como Australian Gold, Bio Oil, Nuxe, e Pampers e sua divisão para o mercado B2B. Essa interação entre diferentes marcas, ativos, plataformas"
92665638344d2067,himalayas,Especialista II SAP EWM,Grupo Boticário,Brazil,Brazil,True,Not disclosed,,,,annual,SAP-titled role,Technical / Development,Mid / Unspecified,BTP / Integration; EWM / WM / Logistics,SAP BTP; SAP EWM; Agile / Scrum,1787599426,https://himalayas.app/companies/grupo-boticario/jobs/especialista-ii-sap-ewm,"Um dos maiores grupos de beleza do mundo, o Grupo Boticário é uma empresa brasileira presente em mais de 40 países. É dono das marcas O Boticário, Eudora, Quem Disse, Berenice?, Vult, O.U.i, Dr. JONES, Tô.que.tô, TRUSS e do marketplace Beleza na Web, além de atuar com produtos licenciados como Australian Gold, Bio Oil, Nuxe, e Pampers e sua divisão para o mercado B2B. Essa interação entre diferentes marcas, ativos, p"
3d33448ef1995b31,himalayas,Especialista II SAP S/4 Hana SD/OTC,Grupo Boticário,Brazil,Brazil,True,Not disclosed,,,,annual,SAP-titled role,Data / Analytics,Mid / Unspecified,S/4HANA; HANA / Data,S/4HANA; SAP HANA,1786699692,https://himalayas.app/companies/grupo-boticario/jobs/especialista-ii-sap-s-4-hana-sd-otc,"Um dos maiores grupos de beleza do mundo, o Grupo Boticário é uma empresa brasileira presente em mais de 40 países. É dono das marcas O Boticário, Eudora, Quem Disse, Berenice?, Vult, O.U.i, Dr. JONES, Tô.que.tô, TRUSS e do marketplace Beleza na Web, além de atuar com produtos licenciados como Australian Gold, Bio Oil, Nuxe, e Pampers e sua divisão para o mercado B2B. Essa interação entre diferentes marcas, ativos, p"
539ae57dd0f54452,himalayas,"S/4HANA Expert – EWM, IM, LE and TM",HBK - Hottinger Brüel & Kjær,India,India,True,Not disclosed,,,,annual,SAP-titled role,Technical / Development,Senior,S/4HANA; ABAP / Development,ABAP; S/4HANA,1787194251,https://himalayas.app/companies/hbk-hottinger-bruel-kjaer/jobs/s-4hana-expert-ewm-im-le-and-tm,"Department: Operations / Digital Location: remote within India, Bangalore preferred Job Summary: We are seeking a highly skilled S/4 Solution Architect for Inbound-, Outbound-, Production Supply- and Internal Warehouse-Processes: The candidate must have deep skills in S/4 Embedded EWM and Basic TM but also in S/4 Inventory Management (IM) and Logistics Execution (LE) as we run our plants on different set-ups Experien"
998a9827650c4deb,himalayas,"SAP Basis, Cloud and Compliance Lead",HBK - Hottinger Brüel & Kjær,India,India,True,Not disclosed,,,,annual,Core SAP delivery role,Basis / Security,Lead / Manager,S/4HANA; BTP / Integration; Basis / Security; MM / Procurement,S/4HANA; SAP BTP; Ariba,1786557379,https://himalayas.app/companies/hbk-hottinger-bruel-kjaer/jobs/sap-basis-cloud-and-compliance-lead,"Job Title: SAP Basis, Cloud and Compliance Lead (RISE & Enterprise Platforms) Role Overview We are seeking an experienced SAP Basis, Cloud & Compliance Lead to own the architecture, delivery and governance of our SAP RISE and Cloud application landscape , supporting enterprise digital transformation. This role acts as the technical authority for SAP platforms, ensuring availability, resilience, security, compliance a"
dfbfa0e81c738115,himalayas,SAP Solution Architect – Order-to-Cash (O2C),HBK - Hottinger Brüel & Kjær,Spain,Spain,True,Not disclosed,,,,annual,Core SAP delivery role,Architecture,Lead / Manager,S/4HANA; BTP / Integration; SD / Sales,S/4HANA; CPI / Integration Suite; SAP SD; Agile / Scrum,1787222598,https://himalayas.app/companies/hbk-hottinger-bruel-kjaer/jobs/sap-solution-architect-order-to-cash-o2c,"Department: Digital – Enterprise Solutions Position Summary: We are seeking an experienced SAP Solution Architect with deep expertise in the Order-to-Cash (O2C) process to join our global transformation program. This role will be pivotal in designing and implementing a state-of-the-art SAP S/4HANA architecture that supports end-to-end O2C processes, ensuring seamless integration with related systems and driving digit"
c1ee975de87cbea7,himalayas,"SAP IT Inhouse Consultant SuccessFactors (f/m) (Domneşti, RO, 077090)",HORNBACH,Romania,Romania,True,Not disclosed,,,,annual,Core SAP delivery role,Technical / Development,Mid / Unspecified,BTP / Integration; HCM / SuccessFactors,SAP BTP; OData; SuccessFactors; German,1786555924,https://himalayas.app/companies/hornbach/jobs/sap-it-inhouse-consultant-successfactors-f-m-domnesti-ro-077090,".hornbach_footer { position: relative; margin-top: -50px; height: 30px; clear: both; margin-bottom: 20px; background: #EEE none repeat scroll 0% 0%; line-height: 30px; padding: 0px 10px; color: #AAA;font-family: ""verdana"",Open Sans,sans-serif;}.hornbach_jobtemplate {width: 970px; max-width: 100%; height: auto;}.joqReqDescription { max-width: 100%; height: auto; align: center;} ""Innovation is the driving force behind "
0159c2a3803c7815,himalayas,SAP Asset / Work Management Consultant,HRTECH,Singapore,Singapore,True,Not disclosed,,,,annual,Core SAP delivery role,Technical / Development,Mid / Unspecified,Fiori / UI5; HANA / Data; PM / Asset Management; MDG / Master Data,SAP Fiori; SAP BW / BI; SAP Analytics Cloud; MDG; Agile / Scrum,1783963740,https://himalayas.app/companies/hrtech/jobs/sap-asset-work-management-consultant,"Role: In this role, your key accountabilities will include: Providing functional and technical leadership and guidance in Work Management applications, to a globally dispersed team Managing relationships with system integrators to support complete system delivery on cost, schedule and quality Driving improvement of the applications in the portfolio to continuously improve service reliability, sustainability and perfo"
84cc1b1420ba01ee,himalayas,S/4HANA Master Data Migration Consultant,"HRTx, Inc.",Philippines,Philippines,True,Not disclosed,,,,annual,Core SAP delivery role,Technical / Development,Mid / Unspecified,S/4HANA; ABAP / Development,ABAP; S/4HANA,1783957973,https://himalayas.app/companies/hrtx-inc/jobs/s-4hana-master-data-migration-consultant,"Attends Global/Regional workshops and kick-off work for project. Teams with key client business and IT users to define business requirements and design solutions to meet their needs. Leads proposal preparation, client presentation and project delivery. Advising with respect to data assessment processes and procedures. Advising and accountable with respect to ETL design. Management and coordination of data loads. Deve"
e587da989c7c30eb,himalayas,"Global Service Manager, HR Administration & Service Delivery",HSP Group,Spain,Spain,True,Not disclosed,,,,annual,SAP module/technical requirement,Data / Analytics,Lead / Manager,HCM / SuccessFactors,SuccessFactors; English,1788067288,https://himalayas.app/companies/hsp-group/jobs/global-service-manager-hr-administration-service-delivery,"About Us HSP Group is the premier provider of global expansion services, helping companies simplify the complex challenges of operating internationally. We deliver a seamless experience across legal entity setup, global HR, payroll, compliance, tax, and advisory , enabling our clients to scale faster, stay compliant, and reduce risk in every market they enter. With scale-up organizations and innovative technology fir"
6124a9593bc935f2,himalayas,HR Solution Architect,Human Power BG,United States,United States,True,Not disclosed,,,,annual,SAP module/technical requirement,Architecture,Lead / Manager,HCM / SuccessFactors,SuccessFactors,1787447003,https://himalayas.app/companies/human-power-bg/jobs/hr-solution-architect,"Human Power BG is an HR agency that offers consultations and recruitment for some of the best companies in Bulgaria.﻿﻿ ﻿ ﻿﻿ COMPANY INFORMATION ﻿Our client's mission is to make HR work better. They help organizations worldwide pioneer digital HR, master payroll, ensure compliance, unlock workforce data, and deliver best-in-class HR operations. As a result, HR leaders can create better employee experiences, save money"
e9637d2310ac26b5,himalayas,"Senior Analyst, Global Procurement Strategy, Data Center",IREN,United States,United States,True,Not disclosed,,,,annual,SAP module/technical requirement,Data / Analytics,Senior,MM / Procurement,Ariba,1787307715,https://himalayas.app/companies/iren/jobs/senior-analyst-global-procurement-strategy-data-center,"Job Type: Full-time | Location: Fort Worth | Department: Procurement | Reporting to: VP, Data Center Procurement | Work Location Type: #remote The Senior Analyst, Global Procurement Strategy will work directly with the VP of Data Center Procurement to shape, drive, and scale the global procurement strategy supporting IREN 's expanding data center portfolio. This role blends strategic thinking with strong analytical r"
00f637aa7e0d115c,himalayas,CONSULTOR/A SAP ARIBA (TELETRABAJO),IRIUM,Spain,Spain,True,Disclosed,40000,40000,EUR,annual,SAP-titled role,Technical / Development,Mid / Unspecified,ABAP / Development; MM / Procurement,ABAP; Ariba,1787536068,https://himalayas.app/companies/irium/jobs/consultor-a-sap-ariba-teletrabajo,"En IRIUM nos preocupamos porque no dejes de perseguir tus sueños. Prepárate para conquistar tus metas, y ten siempre presente disfrutar del camino. Nos encontramos en la búsqueda del perfil de un/a Consultor/a SAP especializado/a en Ariba para colaborar en un proyecto en modalidad full-remote. La persona será responsable de proporcionar soporte técnico y funcional para los sistemas SAP, garantizando un funcionamiento"
c26cfaf87971e9e3,himalayas,Business Analyst,IRIUM Portugal,Portugal,Portugal,True,Disclosed,4000,4500,EUR,monthly,SAP module/technical requirement,Technical / Development,Senior,HCM / SuccessFactors,SuccessFactors; English,1788197669,https://himalayas.app/companies/irium-portugal/jobs/business-analyst-1588127780,"At IRIUM we want you to always chase your dreams. Here, prepare yourself to conquer your goals, while enjoying the journey. We are currently looking for: Business Analyst – SAP SuccessFactors Requirements: We are currently looking for an experienced SAP SuccessFactors Business Analyst to join an international and collaborative Business & Technology Integration environment, working on SAP AMS and Project Services. Req"
6d771de3a9dbde73,himalayas,SAP Data Sphere modelling ( BW or ABAP CDS with S4 technical background),IRIUM Portugal,Portugal,Portugal,True,Disclosed,4300,4700,EUR,monthly,SAP-titled role,Basis / Security,Senior,S/4HANA; ABAP / Development; Basis / Security; HANA / Data; EWM / WM / Logistics,ABAP; S/4HANA; SAP HANA; CDS Views; SAP BW / BI,1786854212,https://himalayas.app/companies/irium-portugal/jobs/sap-data-sphere-modelling-bw-or-abap-cds-with-s4-technical-background,"At IRIUM we want you to always chase your dreams. Here, prepare yourself to conquer your goals, while enjoying the journey. We are currently looking for SAP Data Sphere modelling ( BW or ABAP CDS with S4 technical background) Requirements: 7+ years of experience in SAP data management, data warehousing, and analytics. Strong hands-on experience with SAP BW/4HANA (data modeling, transformations, queries, and extractio"
dae356bde6011e38,himalayas,SAP HANA Cloud Data Modeler (Medior/Senior),IRIUM Portugal,Portugal,Portugal,True,Disclosed,2450,2650,EUR,monthly,SAP-titled role,Technical / Development,Senior,ABAP / Development; BTP / Integration; Fiori / UI5; HANA / Data; FI / CO / FICO; TM / GTS / Supply Chain,SAP HANA; SAP Fiori; SAPUI5 / UI5; OData; CDS Views; RAP / CAP; Agile / Scrum; English,1783698734,https://himalayas.app/companies/irium-portugal/jobs/sap-hana-cloud-data-modeler-medior-senior,"At IRIUM we want you to always chase your dreams. Here, prepare yourself to conquer your goals, while enjoying the journey. We are currently looking for a SAP HANA Cloud Data Modeler (Medior/Senior) 💡 Overview We are looking for a skilled SAP HANA Cloud Data Modeler to join our data and analytics team. You will be responsible for designing and implementing data models based on SAP ERP core tables in the finance and s"
99b3961c3fcf65c1,himalayas,SAP HANA Cloud Engineer,IRIUM Portugal,Portugal,Portugal,True,Disclosed,2800,3200,EUR,monthly,Core SAP delivery role,Technical / Development,Mid / Unspecified,ABAP / Development; BTP / Integration; Fiori / UI5; HANA / Data,SAP HANA; SAP Fiori; SAPUI5 / UI5; OData; CDS Views; RAP / CAP; Agile / Scrum,1786923659,https://himalayas.app/companies/irium-portugal/jobs/sap-hana-cloud-engineer,"At IRIUM we want you to always chase your dreams. Here, prepare yourself to conquer your goals, while enjoying the journey. We are currently looking for SAP HANA Cloud Engineer Requirements: We are looking for a skilled SAP HANA Cloud Data Modeler to join our data and analytics team. The ideal candidate will have hands-on experience with SAP HANA Cloud native development, Calculation Views. Key Responsibilities • Des"
150678a712fac375,himalayas,SAP S/4HANA Consultant,IRIUM Portugal,Portugal,Portugal,True,Disclosed,2800,3500,EUR,monthly,Core SAP delivery role,Functional Consulting,Mid / Unspecified,S/4HANA,S/4HANA,1786510459,https://himalayas.app/companies/irium-portugal/jobs/sap-s-4hana-consultant,"At IRIUM we want you to always chase your dreams. Here, prepare yourself to conquer your goals, while enjoying the journey. We are currently looking for SAP S/4HANA Consultant Requirements: • Proven experience in SAP S/4HANA implementation projects within a Portuguese public sector entity; • Strong knowledge of SNC-AP (Sistema de Normalização Contabilística para as Administrações Públicas); • Understanding of the spe"
eb791a18e3df8a81,himalayas,D365 FIELD SERVICE CONSULTANT + SAP INTEGRATION,ITC WORLDWIDE,United States,United States,True,Not disclosed,,,,annual,Core SAP delivery role,Technical / Development,Mid / Unspecified,S/4HANA,S/4HANA,1787385819,https://himalayas.app/companies/itc-worldwide/jobs/d365-field-service-consultant-sap-integration,"Dynamics 365 Field Service Support: Provide technical support, issue resolution, and system maintenance for Dynamics 365 Field Service systems. Customer Interaction: Engage with U.S. clients to understand their Field Service requirements and communicate effective solutions. Problem Solving: Diagnose and resolve technical issues related to Field Service operations efficiently. Customization and Enhancement: Utilize Ja"
5ac2a6557b26f134,himalayas,SAP ABAP/Fiori Developer,ITHR Technologies Consulting LLC,India,India,True,Not disclosed,,,USD,annual,Core SAP delivery role,Technical / Development,Senior,ABAP / Development; BTP / Integration; Fiori / UI5; HANA / Data; HCM / SuccessFactors,ABAP; SAP HANA; SAP Fiori; CPI / Integration Suite,1783672332,https://himalayas.app/companies/ithr-technologies-consulting-llc/jobs/sap-abap-fiori-developer,**Join Our Team as a Senior SAP ABAP/Fiori Developer!** Are you an experienced SAP ABAP/Fiori Developer seeking a remote opportunity? Look no further! ITHR 360 Consulting is in search of a talented individual with a minimum of 5-8 years of experience in SAP ABAP/Fiori development to join our team on a remote WFH engagement basis. **Role:** SAP ABAP/Fiori Developer **Experience:** Minimum 5-8 Years **Engagement Type:*
5a20a6cef7af5b33,himalayas,SAP QM Architect,ITHR Technologies Consulting LLC,India,India,True,Not disclosed,,,,annual,Core SAP delivery role,Architecture,Lead / Manager,S/4HANA; ABAP / Development; Fiori / UI5; HANA / Data; MM / Procurement; SD / Sales; PP / QM / Manufacturing; EWM / WM / Logistics; HCM / SuccessFactors; PM / Asset Management,S/4HANA; SAP Fiori; CDS Views; SAP MM; SAP SD; SAP PP; SAP QM; SAP EWM; SAP Analytics Cloud,1786469768,https://himalayas.app/companies/ithr-technologies-consulting-llc/jobs/sap-qm-architect-3694168153,SAP QM Architect Location: UAE / Remote Employment Type: Full-Time / Contract Industry: IT Consulting / Pharmaceutical / Life Sciences About the Role We are looking for a highly experienced SAP QM Architect with strong domain expertise in SAP Quality Management (QM) and deep exposure to pharmaceutical / life sciences environments to join our enterprise SAP transformation team. The ideal candidate will possess 12+ yea
0a78cc9ff00808e6,himalayas,Experienced Consultant - Operational Planning / Production Planning with SAP,Implement Consulting Group,Germany,Germany,True,Not disclosed,,,,annual,Core SAP delivery role,Technical / Development,Mid / Unspecified,S/4HANA; PP / QM / Manufacturing; TM / GTS / Supply Chain,S/4HANA; SAP PP; German,1787157129,https://himalayas.app/companies/implement-consulting-group/jobs/experienced-consultant-operational-planning-production-planning-with-sap,"Wir sind Skandinaviens erfolgreichste Unternehmensberatung mit mehr als 1800 Berater:innen und einer expandierenden Basis in Deutschland. Nach anhaltend starkem Wachstum in Dänemark, Schweden, Norwegen und der Schweiz bauen wir unsere Präsenz in Deutschland mit einem Büro in München und Hamburg weiter aus. Wir unterstützen Menschen und Organisationen, sich den Herausforderungen der Zukunft zu stellen, und begleiten s"
3da37d93d6b73000,himalayas,Partner (m/f/d) within Planning Excellence to further drive our strategic growt,Implement Consulting Group,Germany,Germany,True,Not disclosed,,,,annual,SAP module/technical requirement,Support / Operations,Mid / Unspecified,S/4HANA; TM / GTS / Supply Chain,S/4HANA; German,1787167582,https://himalayas.app/companies/implement-consulting-group/jobs/partner-m-f-d-within-planning-excellence-to-further-drive-our-strategic-growt,"Wir sind Skandinaviens erfolgreichste Unternehmensberatung mit mehr als 1800 Berater:innen, einer einzigartigen Unternehmenskultur und einer expandierenden Basis in Deutschland. Nach anhaltend starkem Wachstum in Dänemark, Schweden, Norwegen und der Schweiz bauen wir unsere Präsenz in Deutschland weiter aus. Wir unterstützen Menschen und Organisationen dabei, sich den Herausforderungen der Zukunft zu stellen, und beg"
eac40df6f3bbdab6,himalayas,Partner (m/w/d) für S/4HANA,Implement Consulting Group,Germany,Germany,True,Not disclosed,,,,annual,SAP-titled role,Other SAP-Related,Mid / Unspecified,S/4HANA,S/4HANA; German,1787162430,https://himalayas.app/companies/implement-consulting-group/jobs/partner-m-w-d-fur-s-4hana,"Wir sind Skandinaviens erfolgreichste Unternehmensberatung mit mehr als 1700 Berater:innen, einer einzigartigen Unternehmenskultur und einer expandierenden Basis in Deutschland. Nach anhaltend starkem Wachstum in Dänemark, Schweden, Norwegen und der Schweiz bauen wir unsere Präsenz in Deutschland weiter aus. Wir helfen Menschen und Organisationen, sich den Herausforderungen der Zukunft zu stellen, und begleiten sie b"
e088009358f74ef9,himalayas,SAP Center of Excellence Manager (m/f/n),InPost,Poland,Poland,True,Not disclosed,,,,annual,Core SAP delivery role,Functional Consulting,Lead / Manager,S/4HANA; FI / CO / FICO,S/4HANA; English,1786860270,https://himalayas.app/companies/inpost/jobs/sap-center-of-excellence-manager-m-f-n,"Your responsibilities: Managing the SAP CoE team (FTM, Controlling, PTP, OTC, Basis, Developers). Planning team workload and allocating resources between rollouts and BAU/maintenance activities. Delivering S/4HANA rollouts in line with the global template (Europe). Overseeing BAU system operations and user support. Collaborating with Project Managers and Product Owners of systems integrated with SAP. Managing externa"
d7a9e552977c59de,himalayas,Consultant Oracle HCM H/F,Inetum,France,France,True,Not disclosed,,,,annual,SAP module/technical requirement,Functional Consulting,Senior,HCM / SuccessFactors,SuccessFactors,1787862732,https://himalayas.app/companies/inetum/jobs/consultant-oracle-hcm-h-f,"La Division SIRH forte de plus de 100 consultants renforce et étend son positionnement dans le conseil et recherche dans ce cadre à étoffer son offre et son équipe sur l'activité de Conseil et d'intégration de solutions SIRH. Nous recherchons activement des consultants et senior consultants SIRH confirmés, en particulier autour de Oracle Cloud HCM. Dans ce rôle, vous intervenez sur des projets touchant l'ensemble des"
d7413fe6e4d473c2,himalayas,Consultant SAP ARIBA,Inetum,Morocco,Morocco,True,Not disclosed,,,,annual,Core SAP delivery role,Data / Analytics,Mid / Unspecified,S/4HANA; HANA / Data; MM / Procurement,S/4HANA; SAP HANA; Ariba,1787862722,https://himalayas.app/companies/inetum/jobs/consultant-sap-ariba,"Responsabilités du poste : Conception, mise en place et accompagnement du client sur les modules SAP Ariba Préparation des environnements et supports de démonstration Rédaction des supports de documentation projet Animation des ateliers de conception Paramétrage de la solution Rédaction du cahier de recette Mise en production Accompagnement post démarrage Profil recherché : Maîtrise des modules SAP Ariba :SLP, Sourci"
f55bbe7ca1333a0c,himalayas,Consultor IM/WM,Inetum,Mexico,Mexico,True,Not disclosed,,,,annual,SAP module/technical requirement,Technical / Development,Mid / Unspecified,S/4HANA; ABAP / Development; BTP / Integration,ABAP; S/4HANA; IDoc,1788295169,https://himalayas.app/companies/inetum/jobs/consultor-im-wm-9237364230,"Responsabilidades principales Configuración y soporte de funcionalidades IM-WM en SAP, incluyendo: Procesos de entrada (inbound). Procesos de salida (outbound). Movimientos internos de almacén. Estrategias de ubicación (putaway) y recolección (picking). Administración y mantenimiento de datos maestros WM . Integración con sistemas AS/RS mediante IDOCs . Elaboración de documentación técnica y funcional: Especificacion"
176563ab9e07077b,himalayas,Consultor PP-MRP,Inetum,Mexico,Mexico,True,Not disclosed,,,,annual,SAP module/technical requirement,Technical / Development,Lead / Manager,S/4HANA; ABAP / Development; PM / Asset Management,ABAP; S/4HANA,1788320613,https://himalayas.app/companies/inetum/jobs/consultor-pp-mrp,"Responsabilidades principales Configuración y soporte de funcionalidades PM (EAM) en SAP, incluyendo: Datos maestros EAM (equipos, ubicaciones funcionales, listas de tareas, etc.). Mantenimiento correctivo y preventivo. Mantenimiento basado en condición y en desempeño. Planificación de mantenimiento y definición de estrategias. Colaboración en procesos de planificación de producción (PP) y ejecución de MRP . Elaborac"
050768bfd938eefd,himalayas,Consultor SAP SAP SuccessFactors Evaluación de desempeño y objetivos - Certifica,Inetum,Mexico,Mexico,True,Not disclosed,,,,annual,SAP-titled role,Other SAP-Related,Mid / Unspecified,HCM / SuccessFactors,SuccessFactors,1783710170,https://himalayas.app/companies/inetum/jobs/consultor-sap-sap-successfactors-evaluacion-de-desempeno-y-objetivos-certifica,"Implementar, configurar y mantener la funcionalidad de Evaluación de Desempeño y Objetivos (PGM) . Funciones y Responsabilidades Se requiere pueda configurar la siguiente funcionalidad Gestión de Objetivos (Goals Management) Configuración de plantillas de metas con campos estándar (objetivo, descripción, métricas, peso, fechas). Cascada y alineación de objetivos desde los niveles estratégicos hasta los individuales. "
4d110961e7cd1b8d,himalayas,Consultor SAP SD,Inetum,Mexico,Mexico,True,Not disclosed,,,,annual,SAP-titled role,Technical / Development,Mid / Unspecified,S/4HANA; ABAP / Development; SD / Sales,ABAP; S/4HANA; SAP SD,1788238193,https://himalayas.app/companies/inetum/jobs/consultor-sap-sd-2285145625,"Propósito del Puesto Responsable de la configuración, implementación y soporte de los procesos relacionados con el módulo SAP SD (Sales and Distribution), asegurando la correcta integración con otros módulos y sistemas, así como la alineación con los objetivos estratégicos del negocio. El rol requiere una fuerte capacidad de colaboración, autogestión y experiencia en proyectos multiculturales y multifuncionales. Resp"
548e2c3ee8b83cac,himalayas,Consultor/a SAP HelpDesk,Inetum,Colombia,Colombia,True,Not disclosed,,,,annual,SAP-titled role,Data / Analytics,Mid / Unspecified,S/4HANA; HANA / Data; MM / Procurement; CRM / CX / Commerce,S/4HANA; SAP HANA; Ariba,1785010307,https://himalayas.app/companies/inetum/jobs/consultor-a-sap-helpdesk,Funciones: Cambiar contraseñas de cuentas Conectar a VPN Conectar a Wifi Resetear contraseñas en SAP -> Con apoyo del equipo pues no hemos logramos conectar con el servidor y Fran comento que nos darían las capacitaciones más adelante cuando estuvieran los técnicos Resetear contraseñas en XMII Liberar almacenamiento Configuraciones de equipo como; no me funciona el audio en teams Acceso a carpetas -> Se había caído e
c51b29b3c51173ee,himalayas,Manager SAP ARIBA,Inetum,Morocco,Morocco,True,Not disclosed,,,,annual,Core SAP delivery role,Support / Operations,Lead / Manager,MM / Procurement,Ariba,1787862729,https://himalayas.app/companies/inetum/jobs/manager-sap-ariba,"En tant que Manager SAP Ariba avec nous, vous serez responsable de la direction et du pilotage d’une équipe de consultants SAP Ariba , tout en accompagnant nos clients dans la réussite de leurs projets de transformation digitale. Vos missions seront de : Encadrer et animer une équipe de consultants SAP Ariba , en leur apportant orientation, coaching et support. Superviser la mise en œuvre des projets SAP Ariba , en v"
660dc1908629348f,himalayas,SAP HCM Payroll Consultant,Inetum,Portugal,Portugal,True,Not disclosed,,,,annual,Core SAP delivery role,Functional Consulting,Senior,HCM / SuccessFactors,SuccessFactors; English,1787862720,https://himalayas.app/companies/inetum/jobs/sap-hcm-payroll-consultant,"We are looking for a highly qualified SAP HCM Payroll Consultant to join our team. This role will participate in multiple Portuguese payroll implementation projects and have the opportunity to work on implementations in various geographies. If you have between 2 and 6 years of experience in implementing SAP HCM Payroll and have general knowledge in SuccessFactors Employee Central Payroll, this could be the ideal oppo"
f3dc03d2c0372e82,himalayas,SAP SF Employee Central Consultant,Inetum,Portugal,Portugal,True,Not disclosed,,,,annual,Core SAP delivery role,Technical / Development,Senior,Unspecified SAP,English,1783663394,https://himalayas.app/companies/inetum/jobs/sap-sf-employee-central-consultant,"Be part of a project team in Portugal Multinational client Leader of a team of consultants Implementation of SF Employee Central in several countries More than 3 years' experience Senior EC consultant Consolidated experience in international EC projects from start to finish (several countries); Knowledge of Integration Center, Canvas Reports, Global Employee, Concurrent Employment, MDFs Knowledge of more than one mod"
53e7bdee5705dbeb,himalayas,"ERP SAP Consultants PP, QM",Infosys Limited,Poland,Poland,True,Not disclosed,,,,annual,SAP-titled role,Data / Analytics,Senior,S/4HANA; PP / QM / Manufacturing,S/4HANA; SAP PP; English,1787886122,https://himalayas.app/companies/infosys-limited/jobs/erp-sap-consultants-pp-qm-1079417760,"About us Do you want to boost your career and collaborate with expert, talented colleagues to solve and deliver against our clients' most important challenges? We are growing and are looking for people to join our team. You'll be part of an entrepreneurial, high-growth environment of 300.000 employees. Our dynamic organization allows you to work across functional business pillars, contributing your ideas, experiences"
f1dd4c418ded0eb6,himalayas,HR Transformation & HR Cloud Advisory Consultant,Infosys Limited,Poland,Poland,True,Not disclosed,,,,annual,SAP module/technical requirement,Data / Analytics,Senior,HCM / SuccessFactors,SuccessFactors; Agile / Scrum; English,1787886081,https://himalayas.app/companies/infosys-limited/jobs/hr-transformation-hr-cloud-advisory-consultant,"HR Transformation & HR Cloud Advisory Consultant Levels: Senior Consultants / Principals Do you want to boost your career and collaborate with expert, talented colleagues to solve and deliver against our clients' most important challenges? We are growing and are looking for people to join our team. You will be part of an entrepreneurial, high-growth environment of 300.000 employees. Our dynamic organization allows yo"
8eddbc6013dd1f18,himalayas,SAP S/4HANA Plant Maintenance (PM) Functional Consultant,Infosys Limited,United Kingdom,United Kingdom,True,Not disclosed,,,,annual,Core SAP delivery role,Technical / Development,Senior,S/4HANA; Fiori / UI5; HANA / Data; FI / CO / FICO; PM / Asset Management,S/4HANA; SAP HANA; SAP Fiori; FICO; Agile / Scrum; English,1783954004,https://himalayas.app/companies/infosys-limited/jobs/sap-s-4hana-plant-maintenance-pm-functional-consultant,"About Us Do you want to boost your career and collaborate with expert, talented colleagues to solve and deliver against our clients' most important challenges? We are growing and are looking for people to join our team. You'll be part of an entrepreneurial, high-growth environment of 300.000 employees. Our dynamic organization allows you to work across functional business pillars, contributing your ideas, experiences"
34589f1807a9067f,himalayas,SAP S/4HANA Plant Maintenance (PM) Functional Consultant - France,Infosys Limited,France,France,True,Not disclosed,,,,annual,Core SAP delivery role,Technical / Development,Senior,S/4HANA; Fiori / UI5; HANA / Data; FI / CO / FICO; PM / Asset Management,S/4HANA; SAP HANA; SAP Fiori; FICO; Agile / Scrum; English,1784014013,https://himalayas.app/companies/infosys-limited/jobs/sap-s-4hana-plant-maintenance-pm-functional-consultant-france,"About Us Do you want to boost your career and collaborate with expert, talented colleagues to solve and deliver against our clients' most important challenges? We are growing and are looking for people to join our team. You'll be part of an entrepreneurial, high-growth environment of 300.000 employees. Our dynamic organization allows you to work across functional business pillars, contributing your ideas, experiences"
d765840309b54bdb,himalayas,SAP S/4HANA ePPDS Consultant - Digital Platforms,Infosys Limited,Spain,Spain,True,Not disclosed,,,,annual,Core SAP delivery role,Technical / Development,Lead / Manager,S/4HANA; PP / QM / Manufacturing,S/4HANA; English,1788078305,https://himalayas.app/companies/infosys-limited/jobs/sap-s-4hana-eppds-consultant-digital-platforms-2586898199,"SAP S/4HANA ePPDS (Embedded Production Planning and Detailed Scheduling) Consultant Do you want to boost your career and collaborate with expert, talented colleagues to solve and deliver against our clients' most important challenges? We are growing and are looking for people to join our team. You'll be part of an entrepreneurial, high-growth environment of 300.000 employees. Our dynamic organization allows you to wo"
22e61836c1bc1d9b,himalayas,SAP S/4HANA ePPDS Consultant - Digital Platforms,Infosys Limited,France,France,True,Not disclosed,,,,annual,Core SAP delivery role,Technical / Development,Lead / Manager,S/4HANA; PP / QM / Manufacturing,S/4HANA; English,1788055213,https://himalayas.app/companies/infosys-limited/jobs/sap-s-4hana-eppds-consultant-digital-platforms,"SAP S/4HANA ePPDS (Embedded Production Planning and Detailed Scheduling) Consultant Do you want to boost your career and collaborate with expert, talented colleagues to solve and deliver against our clients' most important challenges? We are growing and are looking for people to join our team. You'll be part of an entrepreneurial, high-growth environment of 300.000 employees. Our dynamic organization allows you to wo"
77aee11759f2286f,himalayas,SAP S4 Solution Analyst,Infosys Limited,Poland,Poland,True,Not disclosed,,,,annual,Core SAP delivery role,Technical / Development,Senior,S/4HANA; ABAP / Development,ABAP; S/4HANA; Agile / Scrum; English; German,1783976390,https://himalayas.app/companies/infosys-limited/jobs/sap-s4-solution-analyst,"SAP S4 Functional Consultant – Products Do you want to boost your career and collaborate with expert, talented colleagues to solve and deliver against our clients' most important challenges? We are growing and are looking for people to join our team. You'll be part of an entrepreneurial, high-growth environment of 300.000 employees. Our dynamic organization allows you to work across functional business pillars, contr"
da41b530acd71089,himalayas,SAP Solution Architect,Infosys Limited,Poland,Poland,True,Not disclosed,,,,annual,Core SAP delivery role,Architecture,Mid / Unspecified,S/4HANA; HANA / Data; MM / Procurement,S/4HANA; SAP HANA; Ariba; SAP BW / BI; Agile / Scrum,1786998679,https://himalayas.app/companies/infosys-limited/jobs/sap-solution-architect-6442449327,"About Us Where Innovation meets Excellence. Be a part of a globally renowned management consulting firm that is on the front-line of industry disruption. We are a mid-size player with an entrepreneurial spirit that works with a market-leading brand in every sector, while our parent organization Infosys is a top-5 powerhouse IT brand that is outperforming the market and experiencing rapid growth. Our consulting busine"
8172fa56de2d5637,himalayas,SAP/S4/HANA Program Lead -Sweden,Infosys Limited,Sweden,Sweden,True,Not disclosed,,,,annual,Core SAP delivery role,Data / Analytics,Lead / Manager,S/4HANA; HANA / Data,S/4HANA; SAP HANA,1786546450,https://himalayas.app/companies/infosys-limited/jobs/sap-s4-hana-program-lead-sweden,"About Us Do you want to boost your career and collaborate with expert, talented colleagues to solve and deliver against our clients' most important challenges? We are growing and are looking for people to join our team. You'll be part of an entrepreneurial, high-growth environment of 300.000 employees. Our dynamic organization allows you to work across functional business pillars, contributing your ideas, experiences"
1e039aa6bc8c82bf,himalayas,SAP/S4/HANA Program Lead- Semi Conductor Industry -Sweden,Infosys Limited,Sweden,Sweden,True,Not disclosed,,,,annual,Core SAP delivery role,Technical / Development,Lead / Manager,S/4HANA; HANA / Data,S/4HANA; SAP HANA,1786535558,https://himalayas.app/companies/infosys-limited/jobs/sap-s4-hana-program-lead-semi-conductor-industry-sweden,"About Us Do you want to boost your career and collaborate with expert, talented colleagues to solve and deliver against our clients' most important challenges? We are growing and are looking for people to join our team. You'll be part of an entrepreneurial, high-growth environment of 300.000 employees. Our dynamic organization allows you to work across functional business pillars, contributing your ideas, experiences"
4dba248cd3b7e996,himalayas,Senior SAP IS-U Customizing Consultant - EDM & Device Management,Infosys Limited,Poland,Poland,True,Not disclosed,,,,annual,Core SAP delivery role,Technical / Development,Senior,S/4HANA; ABAP / Development; BTP / Integration; Fiori / UI5,ABAP; S/4HANA; SAP BTP; SAP Fiori; English; German,1788294701,https://himalayas.app/companies/infosys-limited/jobs/senior-sap-is-u-customizing-consultant-edm-device-management,"Do you want to boost your career and collaborate with expert, talented colleagues to solve and deliver against our clients' most important challenges? We are growing and are looking for people to join our team. You'll be part of an entrepreneurial, high-growth environment of 300.000 employees. Our dynamic organization allows you to work across functional business pillars, contributing your ideas, experiences, diverse"
bed0c74c86c9dda6,himalayas,Senior Total Rewards Analyst,Innergy Consulting Pte. Ltd,Singapore,Singapore,True,Not disclosed,,,,annual,SAP module/technical requirement,Data / Analytics,Senior,HCM / SuccessFactors,SuccessFactors,1787430694,https://himalayas.app/companies/innergy-consulting-pte-ltd/jobs/senior-total-rewards-analyst,"We are looking for a Senior Total Rewards Analyst for a well-established global corporate conglomerate. The role focuses on compensation benchmarking, salary reviews, incentives, and HR analytics across multiple markets. We're looking for someone with at least 5 years of C&B experience, strong Excel skills, and exposure to benchmarking tools such as Mercer, Korn Ferry, or WTW. Experience with SAP SuccessFactors and P"
c48e42dc592b7ffe,himalayas,"Senior Business Analyst, Sales & Operations",Interior Logic Group,United States,United States,True,Disclosed,138000,175000,USD,annual,SAP module/technical requirement,Technical / Development,Senior,S/4HANA; BTP / Integration; Fiori / UI5; FI / CO / FICO; TM / GTS / Supply Chain,S/4HANA; SAP BTP; SAP Fiori; Agile / Scrum,1788198766,https://himalayas.app/companies/interior-logic-group/jobs/senior-business-analyst-sales-operations,"Looking to build your career and design your future? You have come to the right place. Summary The Senior Business Analyst, Sales & Operations reports directly to the Chief Information Technology Officer (CITO) and owns business analysis for the Sales and Operations tools within ILG’s IT application portfolio. This role is the primary bridge between business stakeholders and Agile development teams, translating busin"
65ec50303dab9cc0,himalayas,SAP TM Integration Architect,Izenso,United States,United States,True,Not disclosed,,,,annual,Core SAP delivery role,Architecture,Mid / Unspecified,S/4HANA; BTP / Integration; FI / CO / FICO; EWM / WM / Logistics; TM / GTS / Supply Chain,S/4HANA; SAP BTP; CPI / Integration Suite; PI/PO; IDoc; FICO; SAP TM,1784419318,https://himalayas.app/companies/izenso/jobs/sap-tm-integration-architect,"This is a remote position. This role requires a solid understanding of integration, architecture and/or data strategy for SAP TM in a complex logistics environment. Responsibilities include designing end-to-end integration flows between SAP TM, EWM, SD/MM, external carrier systems, and cloud applications; and defining the complete data governance and migration architecture. Integration Responsibilities: Define integr"
075c6d0d62b47737,himalayas,Sr. Global Compliance Specialist (m/f),Jabil,Poland,Poland,True,Not disclosed,,,,annual,SAP module/technical requirement,Data / Analytics,Lead / Manager,MM / Procurement,Ariba; English,1786653063,https://himalayas.app/companies/jabil/jobs/sr-global-compliance-specialist-m-f,"At Jabil (NYSE: JBL), we are proud to be a trusted partner for the world's top brands, offering comprehensive engineering, supply chain, and manufacturing solutions. With 60 years of experience across industries and a vast network of over 100 sites worldwide, Jabil combines global reach with local expertise to deliver both scalable and customized solutions. Our commitment extends beyond business success as we strive "
4b4e181dc0476d52,himalayas,Consultant(e) Senior Transformation de la Fonction Finance H/F,Julhiet Sterwen,France,France,True,Not disclosed,,,,annual,SAP module/technical requirement,Data / Analytics,Senior,S/4HANA; HANA / Data; HCM / SuccessFactors,S/4HANA; SAP HANA; SuccessFactors,1787344508,https://himalayas.app/companies/julhiet-sterwen/jobs/consultant-e-senior-transformation-de-la-fonction-finance-h-f,"Au sein d'une équipe de consultants passionnés, vous serez amené(e) à travailler auprès de nos clients dans le cadre de projets de transformation au sein des Directions Financières et auprès de directions métiers (comptabilité, finance, contrôle de gestion, trésorerie). Nous accompagnons l’évolution de la filière finance sur l’ensemble de sa chaîne de valeur. Notre savoir-faire repose sur quatre étapes essentielles :"
1c57375aa1ba5a56,himalayas,HR Transformation Consultant – SAP GROW,KATBOTZ,United States,United States,True,Not disclosed,,,,annual,Core SAP delivery role,Functional Consulting,Mid / Unspecified,S/4HANA; HCM / SuccessFactors,S/4HANA; SuccessFactors,1787517099,https://himalayas.app/companies/katbotz/jobs/hr-transformation-consultant-sap-grow,"This is a remote position. KATBOTZ LLC is seeking an experiencedHR Transformation Consultantto support organizations undergoing digital HR transformation throughSAP GROW and SAP SuccessFactorssolutions. The ideal candidate will combine deep HR process expertise, transformation consulting experience, and cloud technology knowledge to help clients modernize their HR operating models, improve employee experiences, and o"
de6a43da5446a6dd,himalayas,SAP AI Specialist / SAP AI Consultant,KATBOTZ,United States,United States,True,Not disclosed,,,,annual,Core SAP delivery role,Technical / Development,Mid / Unspecified,S/4HANA; BTP / Integration; MM / Procurement; TM / GTS / Supply Chain; HCM / SuccessFactors,S/4HANA; SAP BTP; SuccessFactors; Ariba,1784418927,https://himalayas.app/companies/katbotz/jobs/sap-ai-specialist-sap-ai-consultant,"This is a remote position. We are seeking a skilled SAP AI Specialist with hands-on experience in integrating Artificial Intelligence within SAP ecosystems. The ideal candidate should have expertise in SAP Joule , SAP BTP AI services, and other AI/ML tools relevant to SAP environments to drive intelligent automation, predictive insights, and business transformation. Key Responsibilities: Implement and optimize AI cap"
3dc3c668a7f8d68b,himalayas,SAP Basis Consultant,KATBOTZ,United States,United States,True,Not disclosed,,,,annual,Core SAP delivery role,Basis / Security,Lead / Manager,S/4HANA; BTP / Integration; Fiori / UI5; Basis / Security; HANA / Data,S/4HANA; SAP HANA; SAP BTP; SAP Fiori; PI/PO; GRC / Security,1788083447,https://himalayas.app/companies/katbotz/jobs/sap-basis-consultant,"This is a remote position. KATBOTZ LLC is looking for an experienced Senior SAP Basis Consultant to lead the administration, monitoring, and optimization of SAP landscapes. The ideal candidate will be responsible for ensuring system performance, stability, and availability across SAP environments, while also supporting upgrades, migrations, and cloud integration initiatives. Key Responsibilities Manage and administer"
f5fa931f682f23ed,himalayas,SAP Build Developer,KATBOTZ,United States,United States,True,Not disclosed,,,,annual,Core SAP delivery role,Technical / Development,Mid / Unspecified,S/4HANA; BTP / Integration; Fiori / UI5; MM / Procurement; TM / GTS / Supply Chain; HCM / SuccessFactors,S/4HANA; SAP BTP; SAP Fiori; SAPUI5 / UI5; CPI / Integration Suite; SuccessFactors; Ariba; Concur,1787171491,https://himalayas.app/companies/katbotz/jobs/sap-build-developer,"This is a remote position. KATBOTZ LLC is seeking an innovative SAP Build Developer to support SAP S/4HANA Cloud transformation and business process automation initiatives. The ideal candidate will possess hands-on expertise in SAP Build Apps, SAP Build Process Automation, and SAP Build Work Zone , with a passion for delivering business solutions through low-code/no-code technologies. The developer will collaborate w"
a70ea9ff998817ef,himalayas,SAP S/4HANA Cloud Sourcing & Procurement Consultant (MM),KATBOTZ,United States,United States,True,Not disclosed,,,,annual,Core SAP delivery role,Technical / Development,Lead / Manager,S/4HANA; Fiori / UI5; HANA / Data; MM / Procurement,S/4HANA; SAP Fiori; SAP MM; Ariba; SAP Analytics Cloud,1787258171,https://himalayas.app/companies/katbotz/jobs/sap-s-4hana-cloud-sourcing-procurement-consultant-mm,"This is a remote position. KATBOTZ LLC is seeking an experiencedSAP S/4HANA Cloud Sourcing & Procurement Consultant (MM)to support global procurement transformation and ERP implementation initiatives. The ideal candidate will possess deep expertise in procurement processes, supplier management, inventory management, material master data, purchasing operations, and SAP S/4HANA Cloud best practices. The consultant will"
2e1eac20af232e85,himalayas,SAP SuccessFactors Consultant – SAP GROW,KATBOTZ,United States,United States,True,Not disclosed,,,,annual,Core SAP delivery role,Technical / Development,Lead / Manager,S/4HANA; BTP / Integration; HCM / SuccessFactors,S/4HANA; SAP BTP; CPI / Integration Suite; SuccessFactors,1787603436,https://himalayas.app/companies/katbotz/jobs/sap-successfactors-consultant-sap-grow,"This is a remote position. KATBOTZ LLC is seeking an experiencedSAP SuccessFactors Consultantto supportSAP GROW (SAP S/4HANA Cloud Public Edition)transformation initiatives by designing, configuring, and implementing SAP SuccessFactors solutions. The ideal candidate will have strong expertise in HR business processes, talent management, employee lifecycle management, and SAP SuccessFactors modules, helping organizati"
4fe03d26acdc769b,himalayas,Senior SAP PM -Plant Maintenance,KATBOTZ,United States,United States,True,Not disclosed,,,,annual,SAP-titled role,Technical / Development,Lead / Manager,S/4HANA; Fiori / UI5; FI / CO / FICO; PM / Asset Management,S/4HANA; SAP Fiori; FICO,1783234793,https://himalayas.app/companies/katbotz/jobs/senior-sap-pm-plant-maintenance,"This is a remote position. KATBOTZ LLC is seeking a Senior SAP PM Consultant to design, configure, and implement SAP Plant Maintenance solutions in S/4HANA or ECC environments. The role involves working closely with clients to optimize equipment maintenance, ensure compliance, and improve operational efficiency. Candidates may or may not take a lead role but must be capable of managing complex PM projects independent"
8bc6d808ae82aa4f,himalayas,SuccessFactors Employee Central Consultant – SAP GROW,KATBOTZ,United States,United States,True,Not disclosed,,,,annual,Core SAP delivery role,Technical / Development,Lead / Manager,S/4HANA; BTP / Integration; HCM / SuccessFactors,S/4HANA; CPI / Integration Suite; SuccessFactors,1787517101,https://himalayas.app/companies/katbotz/jobs/successfactors-employee-central-consultant-sap-grow,"This is a remote position. KATBOTZ LLC is seeking an experiencedSuccessFactors Employee Central Consultantto supportSAP GROW (SAP S/4HANA Cloud Public Edition)transformation initiatives by implementing and optimizingSAP SuccessFactors Employee Centralsolutions. The ideal candidate will possess deep expertise in core HR processes, organizational management, workforce administration, and Employee Central configuration."
d9f893d790714c83,himalayas,SuccessFactors Learning Consultant – SAP GROW,KATBOTZ,United States,United States,True,Not disclosed,,,,annual,Core SAP delivery role,Technical / Development,Lead / Manager,S/4HANA; HCM / SuccessFactors,S/4HANA; SuccessFactors,1787517187,https://himalayas.app/companies/katbotz/jobs/successfactors-learning-consultant-sap-grow,"This is a remote position. KATBOTZ LLC is seeking an experienced SuccessFactors Learning Consultant to support SAP GROW (SAP S/4HANA Cloud Public Edition) transformation initiatives by implementing and optimizing SAP SuccessFactors Learning Management System (LMS) solutions. The ideal candidate will have strong expertise in learning and development processes, compliance training, employee development, certifications,"
0ce593b6ef4c020a,himalayas,SuccessFactors Recruiting Consultant – SAP GROW,KATBOTZ,United States,United States,True,Not disclosed,,,,annual,Core SAP delivery role,Technical / Development,Lead / Manager,S/4HANA; HCM / SuccessFactors,S/4HANA; SuccessFactors,1787517101,https://himalayas.app/companies/katbotz/jobs/successfactors-recruiting-consultant-sap-grow,"This is a remote position. KATBOTZ LLC is seeking an experienced SuccessFactors Recruiting Consultant to support SAP GROW (SAP S/4HANA Cloud Public Edition) transformation initiatives by implementing and optimizing SAP SuccessFactors Recruiting Management and Recruiting Marketing solutions. The ideal candidate will possess strong expertise in talent acquisition processes, recruiting operations, candidate experience, "
49a8634ae9d459ce,himalayas,XTN-4D4E268 | SAP FICO CONSULTANT,KMC Solutions Inc,United States,United States,True,Not disclosed,,,,annual,Core SAP delivery role,Basis / Security,Lead / Manager,S/4HANA; Basis / Security; HANA / Data; FI / CO / FICO; SD / Sales,S/4HANA; SAP HANA; FICO; SAP SD,1784888041,https://himalayas.app/companies/kmc-solutions-inc/jobs/xtn-4d4e268-sap-fico-consultant,"As a member of the team at GC Products, you'll join over 2700 associates dedicated to distributing over 600 products across more than 100 countries. Our aspirations for the future are fueled by our passion for enhancing the quality of life worldwide. The market eagerly anticipates the continued excellence and innovation from our company. The SAP Business Partner Account To Report (ATR) will be working in the Digital "
f9ce9b7abb74e200,himalayas,XTN-5235202 | PROJECT MANAGER HUMAN RESOURCES INFORMATION SYSTEM,KMC Solutions Inc,United States,United States,True,Not disclosed,,,,annual,SAP module/technical requirement,Project / Program,Lead / Manager,HCM / SuccessFactors,SuccessFactors; Agile / Scrum; English,1788122145,https://himalayas.app/companies/kmc-solutions-inc/jobs/xtn-5235202-project-manager-human-resources-information-system,"GC Corporation was founded in 1921 in Japan and has developed into one of the world's leading companies in the development, production, and distribution of a comprehensive range of dental products. Since 1972, GC International AG has served as the Global Headquarters, supporting GC's worldwide operations and digital transformation initiatives. We are currently looking for a Project Management Professional – HRIS Proj"
8a5ea20345f2c105,himalayas,XTN-A334670 | SAP ABAP DEVELOPER,KMC Solutions Inc,United States,United States,True,Not disclosed,,,,annual,Core SAP delivery role,Technical / Development,Lead / Manager,S/4HANA; ABAP / Development; BTP / Integration; HANA / Data; FI / CO / FICO; PP / QM / Manufacturing; EWM / WM / Logistics,ABAP; S/4HANA; SAP HANA; IDoc; FICO; English,1785398566,https://himalayas.app/companies/kmc-solutions-inc/jobs/xtn-a334670-sap-abap-developer,"The SAP ABAP Developer will be working in the Digital Solutions team under the supervision of the Head of Enterprise Applications and the Henka Programme Manager. He/she will work closely together with the GC Global SAP team members, Digital Solutions team, globally located Business Process Experts (BPEs), end users, externally hired contractors, the SAP partner and SAP. Challenging job in a growing international com"
ef1c5346caf55dfb,himalayas,XTN-AD64169 | SAP FICO CONSULTANT,KMC Solutions Inc,United States,United States,True,Not disclosed,,,,annual,Core SAP delivery role,Basis / Security,Lead / Manager,S/4HANA; Basis / Security; HANA / Data; FI / CO / FICO; SD / Sales,S/4HANA; SAP HANA; FICO; SAP SD,1787320115,https://himalayas.app/companies/kmc-solutions-inc/jobs/xtn-ad64169-sap-fico-consultant,"As a member of the team at GC Products, you'll join over 2700 associates dedicated to distributing over 600 products across more than 100 countries. Our aspirations for the future are fueled by our passion for enhancing the quality of life worldwide. The market eagerly anticipates the continued excellence and innovation from our company. The SAP Business Partner Account To Report (ATR) will be working in the Digital "
2ea012fa913a7bf4,himalayas,Consultor SAP IS-U CCS Billing Sênior (4735),Keep Simple,Brazil,Brazil,True,Not disclosed,,,,annual,SAP-titled role,Technical / Development,Mid / Unspecified,ABAP / Development,ABAP,1785457794,https://himalayas.app/companies/keep-simple/jobs/consultor-sap-is-u-ccs-billing-senior-4735,"Faça parte de um Hub Ágil de Inovação com foco em negócios. Possuímos um vasto portfólio de clientes, criando inúmeras possibilidades em diversas tecnologias. Aqui trabalhamos para o seu sucesso! 🚀 Nosso ambiente é dinâmico, ágil e muito descontraído, possuímos uma equipe formada por diversos especialistas como tech recruiters, desenvolvedores, engenheiros e consultores de mercado. Buscamos um profissional Hands on e"
89b8dfa22bb58c84,himalayas,SAP Integrations Specialist,Keyrus,Brazil,Brazil,True,Not disclosed,,,,annual,Core SAP delivery role,Technical / Development,Mid / Unspecified,ABAP / Development; BTP / Integration,ABAP; SAP BTP; CPI / Integration Suite; PI/PO; OData; IDoc,1787337971,https://himalayas.app/companies/keyrus/jobs/sap-integrations-specialist,"Por que Keyrus , por que agora! A Keyrus é um grupo internacional com 2.800 consultores e especialistas presentes em 28 países, construído sobre uma única convicção: a IA não transforma os negócios. A inteligência arquitetada, sim. Há mais de 30 anos, construímos as bases de dados que fazem os sistemas inteligentes funcionarem — projetando o Sistema Operacional da empresa inteligente, no qual a inteligência é incorpo"
291fe0c2bcba7f3a,himalayas,SAP Functional Architect,Kyndryl,United States,United States,True,Disclosed,143640,273000,USD,annual,Core SAP delivery role,Architecture,Mid / Unspecified,S/4HANA; ABAP / Development; HANA / Data,ABAP; S/4HANA; SAP HANA,1786094897,https://himalayas.app/companies/kyndryl/jobs/sap-functional-architect,"Who We Are At Kyndryl , we design, build, manage and modernize the mission-critical technology systems that the world depends on every day. So why work at Kyndryl ? We are always moving forward – always pushing ourselves to go further in our efforts to build a more equitable, inclusive world for our employees, our customers and our communities. The Role Who We Are At Kyndryl , we run and reimagine the mission-critica"
20d46b249444162d,himalayas,"SAP EWM Consultant - fully remote possible (Barcelona, ES)",Körber,Spain,Spain,True,Not disclosed,,,,annual,Core SAP delivery role,Technical / Development,Mid / Unspecified,EWM / WM / Logistics; TM / GTS / Supply Chain,SAP EWM; English,1785165830,https://himalayas.app/companies/korber/jobs/sap-ewm-consultant-fully-remote-possible-barcelona-es,Your new home base at Körber is the Körber Supply Chain Consulting team. A smoothly running supply chain of goods - end-to-end - is what makes today’s world go round. Here is your chance to become part of this challenge. At Körber Supply Chain Consulting we work with our customers to envisage and implement their supply chains for tomorrow. We work with best-in-class software companies like SAP and turn our customers 
e3eea4fbd150b66d,himalayas,"SAP EWM Developer - fully remote possible (Barcelona, ES)",Körber,Spain,Spain,True,Not disclosed,,,,annual,Core SAP delivery role,Technical / Development,Mid / Unspecified,ABAP / Development; Fiori / UI5; EWM / WM / Logistics; TM / GTS / Supply Chain,ABAP; SAP Fiori; SAP EWM; Agile / Scrum; English,1785198745,https://himalayas.app/companies/korber/jobs/sap-ewm-developer-fully-remote-possible-barcelona-es,Your new home base at Körber is the Körber Supply Chain Consulting team. A smoothly running supply chain of goods - end-to-end - is what makes today’s world go round. Here is your chance to become part of this challenge. At Körber Supply Chain Consulting we work with our customers to envisage and implement their supply chains for tomorrow. We work with best-in-class software companies like SAP and turn our customers 
7838219abffd9fb3,himalayas,"SAP FI/CO Professional (m/f/d) OneFinance (Remote work, DE)",Körber,Germany,Germany,True,Not disclosed,,,,annual,SAP-titled role,Technical / Development,Senior,S/4HANA; FI / CO / FICO,S/4HANA; FICO; English; German,1787221751,https://himalayas.app/companies/korber/jobs/sap-fi-co-professional-m-f-d-onefinance-remote-work-de-4636845719,"The SAP FI/CO Professional will play a key role in supporting the Körber OneFinance transformation program. This role combines hands‑on SAP S/4HANA expertise with strong process knowledge across Finance, Controlling, and integrated logistics and sales processes. The ideal candidate brings practical experience in SAP FI/CO within S/4HANA environments, an excellent understanding of core accounting processes, and the ab"
c058a130c0113c29,himalayas,"Senior EWM Techno-Functional Consultant (Remote work, US)",Körber,United States,United States,True,Not disclosed,,,,annual,SAP module/technical requirement,Technical / Development,Lead / Manager,S/4HANA; ABAP / Development; BTP / Integration; HANA / Data; EWM / WM / Logistics,ABAP; S/4HANA; SAP HANA; SAP BTP; OData; IDoc; SAP EWM; German,1788174161,https://himalayas.app/companies/korber/jobs/senior-ewm-techno-functional-consultant-remote-work-us,"Become part of Körber ’s powerhouse team delivering end‑to‑end warehouse excellence. As a Senior EWM Techno‑Functional Consultant, you’ll bridge business needs with technical execution—configuring, enhancing, and optimizing SAP EWM solutions. You’ll work hands‑on with customers, innovate daily, and see your work transform real‑world operations. You’ll configure, enhance, and troubleshoot EWM processes while developin"
2166f311a38ca56c,himalayas,SAP PO / CI Consultant (m/f/d),LEONI AG,Romania,Romania,True,Not disclosed,,,,annual,Core SAP delivery role,Technical / Development,Mid / Unspecified,ABAP / Development; BTP / Integration,ABAP; SAP BTP; CPI / Integration Suite; PI/PO; English; German,1786229002,https://himalayas.app/companies/leoni-ag/jobs/sap-po-ci-consultant-m-f-d,"We are looking for a SAP PO / CI Consultant , who will join LEONI’s Enterprise Application Integration (EAI) team and become a core part of our growing Data & Integration hub in Cluj-Napoca. You will work hands-on with SAP Process Orchestration (PO) and SAP Cloud Integration (CI) , supporting the strategic migration from SAP PO to SAP Cloud Integration / Integration Suite ahead of SAP PO's end of support in 2027, whi"
75c145ea2a5c1a03,himalayas,SAP Process Consultant PP (m/f/d),LEONI AG,Romania,Romania,True,Not disclosed,,,,annual,Core SAP delivery role,Technical / Development,Mid / Unspecified,S/4HANA,S/4HANA; English; German,1786004748,https://himalayas.app/companies/leoni-ag/jobs/sap-process-consultant-pp-m-f-d,"Take the next step in your career as an SAP Process Consultant PP and be at the forefront of driving business efficiency and innovation. In this role, you'll leverage your expertise in SAP configuration and process design to impact global projects, improve workflows, and deliver training and support Your tasks: Act as a process consultant to analyze, design, and implement divisional business requirements. Participate"
0a8f4601fd6bff3d,himalayas,Desenvolvedor SAP ABAP Sênior – Remoto,LUZA Group,Brazil,Brazil,True,Not disclosed,,,,annual,SAP-titled role,Technical / Development,Mid / Unspecified,S/4HANA; ABAP / Development; BTP / Integration; Fiori / UI5; HANA / Data,ABAP; S/4HANA; SAP BTP; SAP Fiori; SAPUI5 / UI5; CPI / Integration Suite; OData; CDS Views; RAP / CAP; IDoc; SAP Analytics Cloud; Datasphere,1785921134,https://himalayas.app/companies/luza-group/jobs/desenvolvedor-sap-abap-senior-remoto,"Venha fazer parte de um ecossistema vivo onde o futuro dos negócios é criado e vivido todos os dias. Faça parte desta transformação! Na LUZA Group , a paixão, a perseverança e a vontade de superar limites definem o nosso caminho para o sucesso. Fundada em 2006, somos uma multinacional portuguesa com mais de 1.200 profissionais talentosos e um volume de negócios. Com presença em mercados estratégicos como Portugal, Es"
1aa959e4456026c8,himalayas,Desenvolvedor Salesforce,LUZA Group,Brazil,Brazil,True,Not disclosed,,,,annual,SAP module/technical requirement,Technical / Development,Mid / Unspecified,S/4HANA; BTP / Integration,S/4HANA; CPI / Integration Suite; Agile / Scrum,1785340465,https://himalayas.app/companies/luza-group/jobs/desenvolvedor-salesforce,"Venha fazer parte de um ecossistema vivo onde o futuro dos negócios é criado e vivido todos os dias. Faça parte desta transformação! Na LUZA Group , a paixão, a perseverança e a vontade de superar limites definem o nosso caminho para o sucesso. Fundada em 2006, somos uma multinacional portuguesa com mais de 1.200 profissionais talentosos e um volume de negócios. Com presença em mercados estratégicos como Portugal, Es"
41443e7b338df45a,himalayas,SAP ABAP Developer,LUZA Group,Portugal,Portugal,True,Not disclosed,,,,annual,Core SAP delivery role,Technical / Development,Mid / Unspecified,S/4HANA; ABAP / Development; BTP / Integration; Fiori / UI5,ABAP; S/4HANA; SAP BTP; SAP Fiori; SAPUI5 / UI5; CPI / Integration Suite; OData; CDS Views; RAP / CAP; IDoc; English,1786920042,https://himalayas.app/companies/luza-group/jobs/sap-abap-developer,"Syffer is an all-inclusive consulting company focused on talent, tech and innovation. We exist to elevate companies and humans all around the world, making change, from the inside to the outside. We believe that technology + human kindness positively impacts every community around the world. Our approach is simple, we see a world without borders, and believe in equal opportunities. We are guided by our core principle"
09da6b40a8e615c6,himalayas,Procure-to-Pay Buyer [2635-216243],LevelUp,Philippines,Philippines,True,Disclosed,80000,90000,PHP,monthly,SAP module/technical requirement,Data / Analytics,Mid / Unspecified,MM / Procurement,Ariba; English,1788045878,https://himalayas.app/companies/levelup/jobs/procure-to-pay-buyer-2635-216243,"Company Overview LevelUp is a specialist agency providing outsourcing solutions to agencies, software vendors, and website owners. For over eight years, we have successfully collaborated with various companies, offering valuable technical, operational, and back-office support. We boast a large team of skilled and passionate professionals committed to delivering high-quality work for our clients. Position Overview We "
3f10fb012cb8bc5f,himalayas,Specialist IT SOX and SAP GRC Compliance,Lifelancer,United States,United States,True,Not disclosed,,,,annual,Core SAP delivery role,Basis / Security,Mid / Unspecified,S/4HANA; ABAP / Development; Basis / Security; HANA / Data,ABAP; S/4HANA; SAP HANA; GRC / Security; Agile / Scrum,1784757753,https://himalayas.app/companies/lifelancer/jobs/specialist-it-sox-and-sap-grc-compliance,"Job Title: Specialist IT SOX and SAP GRC Compliance Job Location: Washington D.C., District of Columbia, United States Job Location Type: Remote Job Contract Type: Full time Job Seniority Level: Join Amgen’s Mission of Serving Patients At Amgen, if you feel like you’re part of something bigger, it’s because you are. Our shared mission—to serve patients living with serious illnesses—drives all that we do. Since 1980, "
58e50822a4f2eda8,himalayas,"Sr Sales Training Manager, Bioproduction",Lifelancer,United States,United States,True,Disclosed,130000,173000,USD,annual,SAP module/technical requirement,Data / Analytics,Lead / Manager,HCM / SuccessFactors,SuccessFactors,1784756671,https://himalayas.app/companies/lifelancer/jobs/sr-sales-training-manager-bioproduction,"Job Title: Sr Sales Training Manager, Bioproduction (remote) Job Location: Remote, Massachusetts, United States of America Job Location Type: Remote Job Contract Type: Full time Job Seniority Level: Work Schedule: 40 hours per week Work Schedule Standard (Mon-Fri) Environmental Conditions Office Job Description As part of the Thermo Fisher Scientific team, you'll discover meaningful work that makes a positive impact "
088bc9a92714a5b2,himalayas,Lead Business Analyst (Japanese Proficiency),Lingaro,Philippines,Philippines,True,Not disclosed,,,,annual,SAP module/technical requirement,Technical / Development,Lead / Manager,MM / Procurement,SAP MM; Ariba; English,1788189811,https://himalayas.app/companies/lingaro/jobs/lead-business-analyst-japanese-proficiency,"As a Lead Business Analyst, you will play a key role within the Business Analysis competency, partnering with business and technology stakeholders to drive data-driven decision making, process optimization, and successful delivery of analytics solutions. You will lead requirements management activities, facilitate collaboration across cross-functional and cross-cultural teams, and translate complex business needs int"
c3ccc3791db1670e,himalayas,SAP Data & Analytics Developer,Lingaro,Poland,Poland,True,Not disclosed,,,,annual,Core SAP delivery role,Technical / Development,Mid / Unspecified,ABAP / Development; HANA / Data,ABAP; SAP HANA; CDS Views; SAP BW / BI; SAP Analytics Cloud; Datasphere; English,1785399618,https://himalayas.app/companies/lingaro/jobs/sap-data-analytics-developer,"Growth through diversity, equity, and inclusion. As an ethical business, we do what is right — including ensuring equal opportunities and fostering a safe, respectful workplace for each of us. We believe diversity fuels both personal and business growth. We're committed to building an inclusive community where all our people thrive regardless of their backgrounds, identities, or other personal characteristics. What Y"
984143b74242f2c0,himalayas,Supply Chain Senior Business Analyst,Lingaro,Poland,Poland,True,Not disclosed,,,,annual,SAP module/technical requirement,Technical / Development,Senior,S/4HANA; TM / GTS / Supply Chain,S/4HANA,1786178598,https://himalayas.app/companies/lingaro/jobs/supply-chain-senior-business-analyst,"We are looking for an experienced Supply Chain Senior Business Analyst / Senior Consultant to support the end-to-end growth and delivery activities of our Supply Chain practice. The role will involve working across presales, RFP responses, client discovery, requirements analysis, functional solution design, business process consulting, and client-facing presentations. The candidate will act as a bridge between busine"
e2eab32406c5c901,himalayas,Test - Supply Chain Senior Business Analyst,Lingaro,Poland,Poland,True,Not disclosed,,,,annual,SAP module/technical requirement,Technical / Development,Senior,S/4HANA; TM / GTS / Supply Chain,S/4HANA,1787162399,https://himalayas.app/companies/lingaro/jobs/test-supply-chain-senior-business-analyst,"Growth through diversity, equity, and inclusion. As an ethical business, we do what is right — including ensuring equal opportunities and fostering a safe, respectful workplace for each of us. We believe diversity fuels both personal and business growth. We're committed to building an inclusive community where all our people thrive regardless of their backgrounds, identities, or other personal characteristics. We are"
3b2f805d6592f56a,himalayas,ERP Business Analyst Stf - E4,Lockheed Martin Corporation,United States,United States,True,Disclosed,104900,194700,USD,annual,SAP module/technical requirement,Technical / Development,Lead / Manager,ABAP / Development; MM / Procurement; TM / GTS / Supply Chain,ABAP; Agile / Scrum,1788053646,https://himalayas.app/companies/lockheed-martin-corporation/jobs/erp-business-analyst-stf-e4,"Standard Job Description At Lockheed Martin Aeronautics we are committed to shaping the future of aviation! Our Aeronautics Supply Chain team is passionate about delivering innovative, affordable, and agile solutions that exceed our customer’s expectations. The supply chain team touches every product and service we deliver and enables our customers to do the impossible every day. At Aeronautics, we leverage problem s"
81fde837da42cf98,himalayas,Software Engineer Sr - E3 - SAP Development,Lockheed Martin Corporation,United States,United States,True,Disclosed,98100,182100,USD,annual,Core SAP delivery role,Technical / Development,Senior,ABAP / Development; BTP / Integration; Fiori / UI5; MM / Procurement,ABAP; SAP BTP; SAP Fiori; SAPUI5 / UI5; CPI / Integration Suite; OData; RAP / CAP; Ariba; Agile / Scrum,1787293676,https://himalayas.app/companies/lockheed-martin-corporation/jobs/software-engineer-sr-e3-sap-development,"Standard Job Description Join Lockheed Martin’s digital transformation journey as we accelerate the OneLM Mission-Driven Transformation through our 1LMX program. This strategic priority is reshaping our operations and business processes to better serve our customers in terms of cost, quality, and capabilities, while delivering the speed, agility, and insights necessary to stay ahead of rapidly-evolving threats. As a "
4070545595a49a88,himalayas,Software Engineering Mgr - L5,Lockheed Martin Corporation,United States,United States,True,Disclosed,133500,344400,USD,annual,SAP module/technical requirement,Technical / Development,Lead / Manager,ABAP / Development; Fiori / UI5; HANA / Data,ABAP; SAP HANA; SAP Fiori; Agile / Scrum,1788243505,https://himalayas.app/companies/lockheed-martin-corporation/jobs/software-engineering-mgr-l5,"Standard Job Description Manages software development activities. Responsible for coordinating subordinate employee recruitment, selection and training, performance assessment, work assignments, salary, and recognition/disciplinary actions. Oversees the design, development, documentation, and testing of software that contains logical and mathematical solutions to business/mission problems or questions in computer lan"
985c73848fc341fe,himalayas,SAP ABAP Cloud / RAP / CDS Developer,Look4IT,United States,United States,True,Not disclosed,,,,annual,Core SAP delivery role,Technical / Development,Mid / Unspecified,S/4HANA; ABAP / Development; BTP / Integration,ABAP; S/4HANA; SAP BTP; OData; CDS Views; RAP / CAP; English,1785016888,https://himalayas.app/companies/look4it/jobs/sap-abap-cloud-rap-cds-developer,"This is a remote position. For a Scandinavian SAP consulting company, we are looking for an experienced SAP ABAP Cloud Developer with strong expertise in RAP and CDS for long-term cooperation on international S/4HANA projects. The company delivers high-quality SAP solutions across S/4HANA transformation, SAP Core, BTP development, Clean Core modernization, and advisory, combining Nordic engineering standards with sta"
d1d639a522e86b3d,himalayas,SAP ABAP Developer,Look4IT,United States,United States,True,Not disclosed,,,,annual,Core SAP delivery role,Technical / Development,Mid / Unspecified,S/4HANA; ABAP / Development; BTP / Integration; Fiori / UI5; PP / QM / Manufacturing,ABAP; S/4HANA; SAP Fiori; SAPUI5 / UI5; OData; CDS Views; RAP / CAP; IDoc; Agile / Scrum; English; German,1786325161,https://himalayas.app/companies/look4it/jobs/sap-abap-developer-4140937714,"This is a remote position. We are looking for an experienced SAP ABAP / S/4HANA Service Developer to join an international Customer Service transformation program on 4 days per week basis . The role focuses on developing and enhancing SAP S/4HANA Service solutions, supporting migration initiatives, and contributing to a modern, scalable service architecture. You will work within a skilled, cross-functional team in a "
4ccfac655b8ebc08,himalayas,SAP Application/IT Architect,Look4IT,United States,United States,True,Not disclosed,,,,annual,Core SAP delivery role,Architecture,Lead / Manager,S/4HANA; BTP / Integration,S/4HANA; SAP BTP; CPI / Integration Suite; English,1783460231,https://himalayas.app/companies/look4it/jobs/sap-application-it-architect,"This is a remote position. On behalf of our Client, an UK branch of a global consulting company, which is building their new SAP implementation teams in Poland, we are looking for SAP Application Architect. Their ERP practice helps some of the largest global firms and most recognizable brands deliver value and business transformation enabled by digital ERP solutions and services. ERP services covering strategy, imple"
b58d65e1c3f8aa7e,himalayas,SAP BASIS & Security Consultant,Look4IT,United States,United States,True,Not disclosed,,,,annual,Core SAP delivery role,Basis / Security,Mid / Unspecified,S/4HANA; BTP / Integration; Basis / Security,S/4HANA; SAP BTP; GRC / Security; English,1784970514,https://himalayas.app/companies/look4it/jobs/sap-basis-security-consultant,"This is a remote position. For a Scandinavian SAP consulting company, we are looking for an experienced SAP BASIS & Security Consultant with a broad IT background for long-term cooperation on international SAP landscape and transformation projects. The company delivers high-quality SAP solutions across S/4HANA transformation, SAP Core, BTP development, Clean Core modernization, and advisory, combining Nordic engineer"
f2a1eff93db0ab2e,himalayas,SAP Data Migration Consultant,Look4IT,United States,United States,True,Not disclosed,,,,annual,Core SAP delivery role,Technical / Development,Lead / Manager,S/4HANA; ABAP / Development,ABAP; S/4HANA; German,1785013823,https://himalayas.app/companies/look4it/jobs/sap-data-migration-consultant,"This is a remote position. We are looking for an experienced SAP Data Migration Consultant to lead and execute data migration activities for SAP implementations. The ideal candidate will have extensive experience in data migration strategies, tools, and methodologies, ensuring accurate and efficient transfer of data from legacy systems to SAP environments. Responsibilities: Develop and implement data migration strate"
f85de93594868acb,himalayas,SAP HCM Consultant / Zdalnie,Look4IT,United States,United States,True,Not disclosed,,,,annual,Core SAP delivery role,Technical / Development,Senior,ABAP / Development; HCM / SuccessFactors,ABAP; SuccessFactors,1784421097,https://himalayas.app/companies/look4it/jobs/sap-hcm-consultant-zdalnie,"This is a remote position. Firma specjalizująca się w rozwiązaniach SAP i transformacji cyfrowej poszukuje Senior SAP HCM Consultan t, który będzie realizować kompleksowe projekty wdrożeniowe oraz transformacyjne w obszarze SAP HCM. Twoją rolą będzie optymalizacja procesów kadrowych u klientów poprzez projektowanie i konfigurację rozwiązań SAP, integrację systemów oraz zarządzanie relacjami z klientami. Twoje zadania"
1a21e19d7c0b236f,himalayas,SAP Material Master / MDM Senior Consultant / Stream Lead,Look4IT,United States,United States,True,Not disclosed,,,,annual,Core SAP delivery role,Data / Analytics,Lead / Manager,S/4HANA,S/4HANA; English; German,1788071324,https://himalayas.app/companies/look4it/jobs/sap-material-master-mdm-senior-consultant-stream-lead,"This is a remote position. For a Scandinavian SAP consulting company, we are looking for an experienced SAP Material Master / MDM Senior Consultant / Stream Lead for long-term cooperation on a major S/4HANA migration project for a global manufacturing customer located in Germany. The company delivers high-quality SAP solutions across S/4HANA transformation, SAP Core, data migration, process design, and advisory, comb"
56f38ef5c2fbbd0b,himalayas,SAP Materials Management (MM) Consultant,Look4IT,United States,United States,True,Not disclosed,,,,annual,Core SAP delivery role,Technical / Development,Lead / Manager,S/4HANA; ABAP / Development; MM / Procurement,ABAP; S/4HANA; SAP MM; German,1784980553,https://himalayas.app/companies/look4it/jobs/sap-materials-management-mm-consultant,"This is a remote position. We are looking for an experienced SAP Consultant specializing in the Materials Management (MM) module to join our team. The ideal candidate will have at least 10 years of hands-on experience in SAP MM implementations and support, strong analytical skills, and the ability to deliver high-quality solutions in complex environments. Responsibilities: Lead and manage SAP MM module implementation"
039aec5505c39477,himalayas,SAP P2P Senior Consultant / Stream Lead,Look4IT,United States,United States,True,Not disclosed,,,,annual,Core SAP delivery role,Data / Analytics,Lead / Manager,S/4HANA; MM / Procurement,S/4HANA; English; German,1788063603,https://himalayas.app/companies/look4it/jobs/sap-p2p-senior-consultant-stream-lead,"This is a remote position. For a Scandinavian SAP consulting company, we are looking for an experienced SAP P2P Senior Consultant / Stream Lead for long-term cooperation on a major S/4HANA migration project for a global manufacturing customer located in Germany. The company delivers high-quality SAP solutions across S/4HANA transformation, SAP Core, data migration, process design, and advisory, combining Nordic engin"
647677ae89262f1d,himalayas,SAP PP / SD Consultant with ARM experience,Look4IT,United States,United States,True,Not disclosed,,,,annual,Core SAP delivery role,Technical / Development,Mid / Unspecified,S/4HANA; ABAP / Development; SD / Sales; PP / QM / Manufacturing,ABAP; S/4HANA; SAP SD; SAP PP,1784420946,https://himalayas.app/companies/look4it/jobs/sap-pp-sd-consultant-with-arm-experience,"This is a remote position. For a short part time project we are looking for an experienced SAP PP Consultant with good knowledge of SAP SD and experience with returns / complaint handling / ARM -related processes, to support a client project design phase. You will be focused on estimating, designing and specifying an automation for production order creation in a complaint / returns flow. This is a strongly functional"
be8bc86e6078e14d,himalayas,SAP PP/PM/QM Senior Consultant / Stream Lead,Look4IT,United States,United States,True,Not disclosed,,,,annual,Core SAP delivery role,Data / Analytics,Lead / Manager,S/4HANA; PP / QM / Manufacturing,S/4HANA; SAP PP; English; German,1788060281,https://himalayas.app/companies/look4it/jobs/sap-pp-pm-qm-senior-consultant-stream-lead,"This is a remote position. For a Scandinavian SAP consulting company, we are looking for an experienced SAP PP/PM/QM Senior Consultant / Stream Lead for long-term cooperation on a major S/4HANA migration project for a global manufacturing customer located in Germany. The company delivers high-quality SAP solutions across S/4HANA transformation, SAP Core, data migration, process design, and advisory, combining Nordic "
835fa5d62cd642e6,himalayas,SAP S/4HANA MM Principal Consultant,Look4IT,United States,United States,True,Not disclosed,,,,annual,Core SAP delivery role,Technical / Development,Lead / Manager,S/4HANA; ABAP / Development; MM / Procurement,ABAP; S/4HANA; SAP MM; English,1784464660,https://himalayas.app/companies/look4it/jobs/sap-s-4hana-mm-principal-consultant,"This is a remote position. On behalf of our Client, a global consulting company which is building their SAP implementation team in Poland, we are looking for SAP S/4HANA MM Principal Consultant. Their ERP practice design and implement transformational and innovative solutions for the largest organizations. Joining their team means that you’ll share a passion for strategy, architecture and the latest SAP technology. Y"
94166027382b6075,himalayas,SAP SuccessFactors EC Payroll Consultant,Look4IT,United States,United States,True,Not disclosed,,,,annual,Core SAP delivery role,Functional Consulting,Mid / Unspecified,HCM / SuccessFactors,SuccessFactors,1788294735,https://himalayas.app/companies/look4it/jobs/sap-successfactors-ec-payroll-consultant,"This is a remote position. Firma specjalizująca się w rozwiązaniach SAP i transformacji cyfrowej poszukuje SAP SuccessFactors EC Payroll Consultant , który odpowiada za realizację projektów wdrożeniowych SAP SuccessFactors, konfigurację systemu zgodnie z wymaganiami klienta, aktywne wsparcie w trakcie uruchamiania nowych rozwiązań oraz samodzielne wykonywanie zadań i wsparcie klientów w rozwoju systemu. Na tym stanow"
97c2bc65b6f1cb5d,himalayas,SAP TM Functional Consultant,Look4IT,United States,United States,True,Not disclosed,,,,annual,Core SAP delivery role,Technical / Development,Mid / Unspecified,ABAP / Development; Fiori / UI5; EWM / WM / Logistics; TM / GTS / Supply Chain,ABAP; SAP Fiori; SAP TM; English,1788046875,https://himalayas.app/companies/look4it/jobs/sap-tm-functional-consultant,"This is a remote position. For a Scandinavian SAP consulting house recognized for designing, building, and maintaining business-critical SAP solutions for clients across multiple industries, including manufacturing, logistics, energy, forestry, and defense we are seeking an experienced SAP TM Functional Consultant. The consultant will join a long-term project for a Nordic retail client and will be responsible for del"
b47aff58a7d8d8c5,himalayas,SAP Warehouse Management (WM) Consultant,Look4IT,United States,United States,True,Not disclosed,,,,annual,Core SAP delivery role,Technical / Development,Mid / Unspecified,S/4HANA; ABAP / Development; MM / Procurement; EWM / WM / Logistics,ABAP; S/4HANA; SAP MM; English; German,1785024046,https://himalayas.app/companies/look4it/jobs/sap-warehouse-management-wm-consultant,"This is a remote position. We are looking for an experienced SAP WM Consultant to join an international IT services leader specializing in the design, management, and modernization of complex enterprise systems. The company operates in over 60 countries and supports thousands of enterprise clients worldwide, delivering innovative and mission-critical technology solutions. As part of this global organization, you will"
49072bd1a58443bd,himalayas,Senior SAP S/4HANA ABAP Developer (CDS / RAP),Look4IT,United States,United States,True,Not disclosed,,,,annual,Core SAP delivery role,Technical / Development,Lead / Manager,S/4HANA; ABAP / Development; BTP / Integration; Fiori / UI5,ABAP; S/4HANA; SAP BTP; SAP Fiori; SAPUI5 / UI5; OData; CDS Views; RAP / CAP; English,1783461947,https://himalayas.app/companies/look4it/jobs/senior-sap-s-4hana-abap-developer-cds-rap,"This is a remote position. We’re looking for an experienced SAP S/4HANA Developer to join an international implementation project for a Hungarian client. You’ll be part of a dedicated development team (4–5 developers + Tech Lead), working on a long-term S/4HANA rollout with planned go-live in April 2027. The focus is on Sales (SD) processes, with integration handled by a separate team. Your Responsibilities Develop a"
301fe87c8b5a3ef7,himalayas,Senior SAP SuccessFactors Security Consultant (RBP / IAM),Look4IT,United States,United States,True,Not disclosed,,,,annual,Core SAP delivery role,Basis / Security,Senior,Basis / Security; HCM / SuccessFactors,SuccessFactors; GRC / Security; English,1786536585,https://himalayas.app/companies/look4it/jobs/senior-sap-successfactors-security-consultant-rbp-iam,"This is a remote position. For a Scandinavian SAP consulting company, we are looking for an experienced SAP SuccessFactors Security Consultant to support a large-scale authorization and security transformation initiative for a public-sector client (University environment). This role is focused on defining and designing security and authorization frameworks from scratch, rather than maintaining existing setups. Projec"
fe19a946ff7a86d8,himalayas,Senior Solution Architect / Pre-sales - SAP-Microsoft Bridge,Look4IT,United States,United States,True,Not disclosed,,,,annual,Core SAP delivery role,Architecture,Senior,S/4HANA; ABAP / Development; BTP / Integration; HANA / Data,S/4HANA; SAP BTP; CDS Views; Datasphere; English,1783440878,https://himalayas.app/companies/look4it/jobs/senior-solution-architect-pre-sales-sap-microsoft-bridge,"This is a remote position. For a Scandinavian SAP consulting company, we are looking for a Senior Solution Architect / Pre-sales specialist to help build a new practice in the SAP–Microsoft overlap - the integration, data, and AI layer connecting the SAP estate to Microsoft Azure and Fabric, where the fastest-growing, least-contested enterprise spend now sits. About the role: You own the architecture and the commerci"
740bb918dd17806c,himalayas,SAP FI-AP Consultant,Lupus Consulting Zrt.,Brazil,Brazil,True,Not disclosed,,,,annual,Core SAP delivery role,Technical / Development,Mid / Unspecified,S/4HANA; FI / CO / FICO; MM / Procurement,S/4HANA; FICO; SAP MM; English,1787345105,https://himalayas.app/companies/lupus-consulting-zrt/jobs/sap-fi-ap-consultant,"We are looking for an experienced SAP FI-AP Consultant with strong expertise in Accounts Payable and hands-on experience with OpenText Vendor Invoice Management (VIM) . The role focuses on supporting and optimizing SAP Finance and end-to-end Procure-to-Pay (P2P) processes, with a particular focus on invoice management and automation. Key Responsibilities Provide functional expertise in SAP FI-AP and Accounts Payable "
fa224be5a4f50263,himalayas,Senior SAP SD/ABAP Consultant,Lupus Consulting Zrt.,Brazil,Brazil,True,Not disclosed,,,,annual,Core SAP delivery role,Technical / Development,Senior,ABAP / Development; BTP / Integration; SD / Sales,ABAP; CPI / Integration Suite; PI/PO; SAP SD; English,1788034922,https://himalayas.app/companies/lupus-consulting-zrt/jobs/senior-sap-sd-abap-consultant,"We are looking for an experienced Senior SAP SD/ABAP Consultant with strong expertise in Mexican e-Invoicing (CFDI 4.0) and hands-on experience with customer-specific Addenda development. The role focuses on supporting and implementing SAP Mexico Localization solutions, with particular emphasis on CFDI compliance, customer-specific Addenda, and invoice-related integrations. Key Responsibilities Provide functional and"
e67706beb4f56745,himalayas,SAP Project Manager,MIGNOW,Brazil,Brazil,True,Not disclosed,,,,annual,Core SAP delivery role,Project / Program,Lead / Manager,S/4HANA; HANA / Data,S/4HANA; SAP HANA; Agile / Scrum,1785412058,https://himalayas.app/companies/mignow/jobs/sap-project-manager,"Somos os #únicos do mundo com maior número de conversões realizadas e com um produto diferenciado capaz de facilitar a conversão do ECC para o S/4 HANA ! 🚀 Nosso time está crescendo, vem ser MigStar e crescer junto com a gente! Estamos procuramos uma pessoa para o nosso time de Delivery . Gostamos de pessoas autênticas e que tenham visões diferentes das nossas, pois é assim que conseguimos pensar maior, fazer mais e "
2f2b17f373f7a60b,himalayas,SAP ChaRM Specialist,Madiff,United States,United States,True,Not disclosed,,,,annual,Core SAP delivery role,Technical / Development,Lead / Manager,S/4HANA; ABAP / Development; HANA / Data,ABAP; S/4HANA; SAP HANA; English,1784420548,https://himalayas.app/companies/madiff/jobs/sap-charm-specialist,"This is a remote position. We are looking for a hands-on SAP Operations / ALM specialist to lead and operate change control, test management and solution documentation activities across SAP landscapes. This is not a generic SolMan consultant role — the candidate must have deep, demonstrable experience with ChaRM, Test Workbench and maintaining solution documentation in SAP Solution Manager. The role will support rele"
33a8069cbbe76289,himalayas,Senior SAP Integration Consultant,Madiff,United States,United States,True,Not disclosed,,,,annual,Core SAP delivery role,Technical / Development,Senior,S/4HANA; MM / Procurement,S/4HANA; Ariba; English,1787253309,https://himalayas.app/companies/madiff/jobs/senior-sap-integration-consultant,"This is a remote position. We are looking for a Senior SAP Integration Consultant to support a modernisation initiative within enterprise procurement systems. The role focuses on designing and delivering stable, scalable integrations between SAP platforms and third-party procurement and reporting solutions. The work combines deep hands-on SAP integration expertise with strong understanding of procurement processes, o"
eb7ed30a95ad3906,himalayas,Account Executive,Maintain Technology Consulting,United States,United States,True,Not disclosed,,,AUD,annual,SAP module/technical requirement,Technical / Development,Mid / Unspecified,S/4HANA; BTP / Integration,S/4HANA; SAP BTP,1786162936,https://himalayas.app/companies/maintain-technology-consulting/jobs/account-executive,"Category: Information Technology and Services Location: What You'll Do In this high-profile sales, growth and expansion Account Executive role, you will focus on driving growth by building meaningful relationships across our client network and the broader SAP ecosystem. You will work closely with SAP account teams, industry partners, and internal solution leads to identify where we can bring value, support client pri"
0b23c0ec6e12a67b,himalayas,Junior SAP ABAP Developer,ManTech,United States,United States,True,Disclosed,63500,105900,USD,annual,Core SAP delivery role,Technical / Development,Junior,ABAP / Development; BTP / Integration; HANA / Data,ABAP; SAP HANA; SAP BTP,1785783616,https://himalayas.app/companies/mantech/jobs/junior-sap-abap-developer,"Shape the future of defense with MANTECH! Join a team dedicated to safeguarding our nation through advanced tech and innovative solutions. Since 1968, we’ve been a trusted partner to the Department of Defense, delivering cutting-edge projects that make a real impact. Dive into exciting opportunities in Cybersecurity, IT, Data Analytics and more. Propel your career forward and be part of something extraordinary. Your "
b3260646ee02d40e,himalayas,Junior SAP Integration Developer,ManTech,United States,United States,True,Disclosed,63500,105900,USD,annual,Core SAP delivery role,Technical / Development,Junior,S/4HANA; ABAP / Development; BTP / Integration,ABAP; S/4HANA; SAP BTP; PI/PO,1785758329,https://himalayas.app/companies/mantech/jobs/junior-sap-integration-developer,"Shape the future of defense with MANTECH! Join a team dedicated to safeguarding our nation through advanced tech and innovative solutions. Since 1968, we’ve been a trusted partner to the Department of Defense, delivering cutting-edge projects that make a real impact. Dive into exciting opportunities in Cybersecurity, IT, Data Analytics and more. Propel your career forward and be part of something extraordinary. Your "
24974b651a2bba81,himalayas,SAP ABAP Developer,ManTech,United States,United States,True,Disclosed,75800,127000,USD,annual,Core SAP delivery role,Technical / Development,Mid / Unspecified,ABAP / Development; BTP / Integration; HANA / Data,ABAP; SAP HANA; SAP BTP,1788201990,https://himalayas.app/companies/mantech/jobs/sap-abap-developer,"Shape the future of defense with MANTECH! Join a team dedicated to safeguarding our nation through advanced tech and innovative solutions. Since 1968, we’ve been a trusted partner to the Department of Defense, delivering cutting-edge projects that make a real impact. Dive into exciting opportunities in Cybersecurity, IT, Data Analytics and more. Propel your career forward and be part of something extraordinary. Your "
2c1a303f1ac01d32,himalayas,SAP Data Migration Developer,ManTech,United States,United States,True,Disclosed,75800,127000,USD,annual,Core SAP delivery role,Technical / Development,Mid / Unspecified,S/4HANA; ABAP / Development; BTP / Integration,ABAP; S/4HANA; SAP BTP,1786321351,https://himalayas.app/companies/mantech/jobs/sap-data-migration-developer,"Shape the future of defense with MANTECH! Join a team dedicated to safeguarding our nation through advanced tech and innovative solutions. Since 1968, we’ve been a trusted partner to the Department of Defense, delivering cutting-edge projects that make a real impact. Dive into exciting opportunities in Cybersecurity, IT, Data Analytics and more. Propel your career forward and be part of something extraordinary. Your "
cf47ef5d3dcd9e11,himalayas,SAP Datasphere Integration Engineer,Matrix Global,United States,United States,True,Not disclosed,,,,annual,Core SAP delivery role,Technical / Development,Mid / Unspecified,S/4HANA; ABAP / Development; BTP / Integration; HANA / Data; EWM / WM / Logistics; HCM / SuccessFactors,S/4HANA; SAP BTP; CDS Views; SuccessFactors; SAP BW / BI; Datasphere,1788063662,https://himalayas.app/companies/matrix-global/jobs/sap-datasphere-integration-engineer,"Description We are seeking an experienced SAP Datasphere Integration Engineer to design, build, and support enterprise data integration solutions that connect SAP and non-SAP systems to modern cloud data platforms. This role combines SAP data architecture expertise with cloud-native data engineering capabilities to enable scalable, secure, and trusted analytics across the organization. The ideal candidate possesses h"
53aa2231252a0e71,himalayas,"SAP Sr. Consultant Cloud Solutions (SF, ONB,RCM,RMK,LMS)",Mekdam Technical Services,Qatar,Qatar,True,Not disclosed,,,,annual,Core SAP delivery role,Basis / Security,Senior,BTP / Integration; Basis / Security; HCM / SuccessFactors,OData; SuccessFactors; GRC / Security,1788121963,https://himalayas.app/companies/mekdam-technical-services/jobs/sap-sr-consultant-cloud-solutions-sf-onb-rcm-rmk-lms,"Job Purpose : The consultant is responsible to implement/Enhance and Support the SuccessFactors RMK,ONB, RCM and LMS modules and will need to handle all the technical and integration aspects of the project. Key Responsibilities The consultant will need to work with the project team to carry out independently all the configuration/testing/training related to the above mentioned modules. This will include but not limit"
82b3f496dfb7b8da,himalayas,Administrative Assistant Remote Analytic,"Military, Veterans and Diverse Job Seekers",United States,United States,True,Not disclosed,,,,annual,SAP module/technical requirement,Data / Analytics,Mid / Unspecified,MM / Procurement,Ariba; Concur,1784012998,https://himalayas.app/companies/military-veterans-and-diverse-job-seekers/jobs/administrative-assistant-remote-analytic,"Key Accountabilities : Effectively manage office activities and coordinate calendars (organizing group events), meetings and accompanying needs, conference calls, and maintain office supplies & materials. Must have excellent PC skills including working knowledge of Microsoft Office applications, Microsoft Teams, and MS Outlook. Coordinate office location needs and office subcontractor access. Support manufacturing ex"
60a9b04d466f8191,himalayas,Lead SAP BASIS Administrator,Mitel,Mexico,Mexico,True,Not disclosed,,,,annual,Core SAP delivery role,Basis / Security,Lead / Manager,ABAP / Development; Basis / Security; HANA / Data,ABAP; SAP HANA; GRC / Security,1785370596,https://himalayas.app/companies/mitel/jobs/lead-sap-basis-administrator,"At Mitel , you will have the opportunity to help businesses connect, collaborate and provide better experiences for our customers. You will deliver valuable contributions in creating business success within our global organization utilizing your unique attributes, skills and experience. Please take a moment to look over this opportunity and if interested, feel free to send us your application. If this is not the righ"
239b6cee84b0e093,himalayas,Senior/Lead SAP MM Analyst,Mitel,Mexico,Mexico,True,Not disclosed,,,,annual,Core SAP delivery role,Technical / Development,Lead / Manager,ABAP / Development; FI / CO / FICO; MM / Procurement; SD / Sales; EWM / WM / Logistics,ABAP; SAP MM; SAP SD,1785342703,https://himalayas.app/companies/mitel/jobs/senior-lead-sap-mm-analyst,"At Mitel , you will have the opportunity to help businesses connect, collaborate and provide better experiences for our customers. You will deliver valuable contributions in creating business success within our global organization utilizing your unique attributes, skills and experience. Please take a moment to look over this opportunity and if interested, feel free to send us your application. If this is not the righ"
60abfe35333d777a,himalayas,Sr. Procurement Manager (12-month contract) - REMOTE,Momentum Financial Services Group,India,India,True,Not disclosed,,,,annual,SAP module/technical requirement,Data / Analytics,Lead / Manager,MM / Procurement; TM / GTS / Supply Chain,Ariba,1785769986,https://himalayas.app/companies/momentum-financial-services-group/jobs/sr-procurement-manager-12-month-contract-remote,"SUMMARY The Sr. Procurement Manager will support the Procurement team by independently managing sourcing and contracting activities while driving procurement reporting, analytics, and operational excellence. This role will partner with business stakeholders, Legal, Information Security, and Finance to facilitate timely contract execution, maintain procurement governance, and provide meaningful reporting for leadershi"
8ac3f8878d105397,himalayas,SAP ABAP / CPI Consultant,Müller`s Solutions,Tunisia,Tunisia,True,Not disclosed,,,,annual,Core SAP delivery role,Technical / Development,Senior,ABAP / Development; BTP / Integration; Fiori / UI5; FI / CO / FICO,ABAP; SAP Fiori; SAPUI5 / UI5; CPI / Integration Suite; IDoc; FICO,1787949174,https://himalayas.app/companies/muller-s-solutions/jobs/sap-abap-cpi-consultant,"Key Responsibilities: Develop and customize SAP ABAP programs, reports, interfaces, conversions, and enhancements to support business processes. Design and implement CPI integration scenarios to integrate SAP and non-SAP systems. Collaborate with functional teams to understand business requirements and translate them into technical specifications. Perform unit testing, integration testing, and support user acceptance"
3d4fbdd67be0fed3,himalayas,SAP SF ECP Payroll Consultant,Müller`s Solutions,Egypt,Egypt,True,Not disclosed,,,,annual,Core SAP delivery role,Technical / Development,Lead / Manager,HCM / SuccessFactors,SuccessFactors,1788121972,https://himalayas.app/companies/muller-s-solutions/jobs/sap-sf-ecp-payroll-consultant,"Müller's Solutions is seeking a skilled SAP SFSF ECP (SuccessFactors Employee Central Payroll) Consultant to join our dynamic team. In this role, you will be responsible for implementing and supporting SAP SuccessFactors Employee Central Payroll solutions for our clients. You will work closely with HR teams to understand their payroll processes and ensure that payroll systems are configured to meet their needs effect"
3d556d6b3c3e6d1b,himalayas,SAP SF Time Tracking Consultant,Müller`s Solutions,Egypt,Egypt,True,Not disclosed,,,,annual,Core SAP delivery role,Technical / Development,Mid / Unspecified,HCM / SuccessFactors,SuccessFactors,1788122041,https://himalayas.app/companies/muller-s-solutions/jobs/sap-sf-time-tracking-consultant,"Müller's Solutions is a leading provider of SAP consulting services, focused on delivering innovative solutions to enhance operational efficiency and business performance. We are currently seeking a talented SAP SuccessFactors (SF) Time Tracking Consultant to join our remote team. In this role, you will play a crucial role in assisting organizations with the implementation and optimization of SAP SuccessFactors Time "
0439d6688a7cd03a,himalayas,"Analyst, HR Ops Security & Apps",NBCUniversal,United States,United States,True,Disclosed,65000,80000,USD,annual,SAP module/technical requirement,Data / Analytics,Lead / Manager,HCM / SuccessFactors,SuccessFactors,1788182053,https://himalayas.app/companies/nbcuniversal/jobs/analyst-hr-ops-security-apps-8373576242,"The Analyst HR Operations Security & Applications is responsible for assisting the HR Operations team with supporting and enhancing HR processes and systems for all employees. This position is part of a broader team in HR Operations that is responsible for all aspects of supporting, maintaining and optimizing the systems utilized by our HR community and partners. This role is crucial in supporting the functional secu"
32124ecf592e2a94,himalayas,"HR Mini Master Lead (Remote, KA, IN)",NTT DATA,India,India,True,Not disclosed,,,,annual,SAP module/technical requirement,Basis / Security,Lead / Manager,S/4HANA; BTP / Integration; Basis / Security; HCM / SuccessFactors,S/4HANA; IDoc; SuccessFactors; GRC / Security,1783486367,https://himalayas.app/companies/nttdata/jobs/hr-mini-master-lead-remote-ka-in,"Req ID: 367128 NTT DATA strives to hire exceptional, innovative and passionate individuals who want to grow with us. If you want to be part of an inclusive, adaptable, and forward-thinking organization, apply now. We are currently seeking a HR Mini Master Lead to join our team in Remote, Karnātaka (IN-KA), India (IN). Job Description: SAP HR Mini Master (ECC to S/4HANA Migration) 🔷 Role Overview The SAP HR Mini Maste"
7f7ed5e01ddb62c3,himalayas,"SAP AI Leader (Joule BTP) (Remote, TX, US)",NTT DATA,United States,United States,True,Not disclosed,,,,annual,SAP-titled role,Technical / Development,Lead / Manager,S/4HANA; BTP / Integration,S/4HANA; SAP BTP,1787885044,https://himalayas.app/companies/nttdata/jobs/sap-ai-leader-joule-btp-remote-tx-us-114421905,"Req ID: 378121 NTT DATA strives to hire exceptional, innovative and passionate individuals who want to grow with us. If you want to be part of an inclusive, adaptable, and forward-thinking organization, apply now. We are currently seeking a SAP AI Leader (Joule BTP) to join our team in Remote, Texas (US-TX), United States (US). SAP AI LEADER Key Responsibilities: A thought leader, deep technical competence, people le"
8f5ebf6204d9c225,himalayas,SAP S/4HANA Finance Solution Architect / FI/CO Practice Lead - Remote US Positio,NTT DATA,United States,United States,True,Disclosed,147222,263375,USD,annual,Core SAP delivery role,Architecture,Lead / Manager,S/4HANA; ABAP / Development; Fiori / UI5; HANA / Data; FI / CO / FICO,ABAP; S/4HANA; SAP HANA; SAP Fiori; FICO; SAP Analytics Cloud,1787413390,https://himalayas.app/companies/nttdata/jobs/sap-s-4hana-finance-solution-architect-fi-co-practice-lead-remote-us-positio,"Req ID: 384999 NTT DATA strives to hire exceptional, innovative and passionate individuals who want to grow with us. If you want to be part of an inclusive, adaptable, and forward-thinking organization, apply now. We are currently seeking a SAP S/4HANA Finance Solution Architect / FI/CO Practice Lead - Remote US Position SAP S/4HANA Finance Solution Architect / FI/CO Practice Lead Senior Solution Architecture Role | "
b0cc5de7cbbf6d90,himalayas,"Senior SAP AMS Pre-Sales Solution Architect - Remote US Position (Dallas, TX, US",NTT DATA,United States,United States,True,Disclosed,149445,345938,USD,annual,Core SAP delivery role,Architecture,Senior,S/4HANA; BTP / Integration; FI / CO / FICO; TM / GTS / Supply Chain,S/4HANA; SAP BTP,1788047513,https://himalayas.app/companies/nttdata/jobs/senior-sap-ams-pre-sales-solution-architect-remote-us-position-dallas-tx-us,"NTT DATA strives to hire exceptional, innovative and passionate individuals who want to grow with us. If you want to be part of an inclusive, adaptable, and forward-thinking organization, apply now. We are currently seeking a Senior SAP AMS Pre-Sales Solution Architect - Remote US Position NTT Data is looking for a Senior SAP AMS Pre-Sales Solution Architect we know that with the right people on board, anything is po"
1e2a098252591087,himalayas,ABAP Developer with German,Nagarro,Romania,Romania,True,Not disclosed,,,,annual,Core SAP delivery role,Technical / Development,Senior,S/4HANA; ABAP / Development,ABAP; S/4HANA; English; German,1783800728,https://himalayas.app/companies/nagarro/jobs/abap-developer-with-german-7566087137,"Designing, developing, and optimizing ABAP programs in SAP systems. Debugging and troubleshooting ABAP programs as needed. Designing, adjusting Adobe Forms and migrate to it from SAP Script and Smartforms. Support by Output management configuration. Supporting data migration projects. Supporting SAP upgrades and enhancements. Coordinating with teams across different locations to ensure seamless project execution. Flu"
d74942c9b1acfa38,himalayas,"Associate Staff Consultant ,Sap Development BTP",Nagarro,India,India,True,Not disclosed,,,,annual,Core SAP delivery role,Technical / Development,Junior,BTP / Integration,SAP BTP,1787949202,https://himalayas.app/companies/nagarro/jobs/associate-staff-consultant-sap-development-btp,"By this point in your career, it is not just about the tech you know or how well you can code. It is about what more you want to do with that knowledge. Were you given the tools to go beyond solving for X? Can you help your teammates proceed in the right direction? Can you tackle the challenges our clients face while always looking to take our solutions one step further to succeed at an even higher level? Yes? You ma"
a5dd0262e74f8c8d,himalayas,Lead/Senior Consultant SAP HXM – Advisory & Transformation (m/f/d),Nagarro,Germany,Germany,True,Not disclosed,,,,annual,Core SAP delivery role,Functional Consulting,Lead / Manager,HCM / SuccessFactors,SuccessFactors; English; German,1787520132,https://himalayas.app/companies/nagarro/jobs/lead-senior-consultant-sap-hxm-advisory-transformation-m-f-d,"Advise clients on SAP HCM, SAP SuccessFactors and HR transformation initiatives Analyze existing HR processes and identify opportunities for optimization and digitalization Develop target architectures, solution concepts and roadmaps for modern HR system landscapes Support transformation and migration projects, for example from SAP HCM to SAP SuccessFactors Facilitate client workshops, discovery sessions and presenta"
4fec5f77cfdf4537,himalayas,Principal Engineer - SAP Analytics Solution Architect,Nagarro,United States,United States,True,Not disclosed,,,,annual,Core SAP delivery role,Architecture,Lead / Manager,S/4HANA; ABAP / Development; HANA / Data,S/4HANA; SAP HANA; CDS Views; SAP BW / BI; SAP Analytics Cloud,1785141564,https://himalayas.app/companies/nagarro/jobs/principal-engineer-sap-analytics-solution-architect-5850282093,"Role - SAP Cloud Solution Architect Location - Remote USA with an occasional travel Employment type - Full time Employee Job Overview: We are looking for an experienced SAP Analytics Expert/ Solution Architect with deep knowledge of SAP Analytics Cloud (SAC) and Embedded S/4HANA analytics skills. The candidate should have proven experience in designing and building reports and dashboards using SAP Analytics Cloud, wi"
d9c616ec09fb02b1,himalayas,Principal Engineer - SAP Analytics Solution Architect,Nagarro,Canada,Canada,True,Not disclosed,,,,annual,Core SAP delivery role,Architecture,Lead / Manager,S/4HANA; ABAP / Development; HANA / Data,S/4HANA; SAP HANA; CDS Views; SAP BW / BI; SAP Analytics Cloud,1785138332,https://himalayas.app/companies/nagarro/jobs/principal-engineer-sap-analytics-solution-architect,"Role - SAP Analytics Solution Architect Location - Remote CANADA Employment Type - Full-time Job Overview: We are looking for an experienced SAP Analytics Expert/ Solution Architect with deep knowledge of SAP Analytics Cloud (SAC) and Embedded S/4HANA analytics skills. The candidate should have proven experience in designing and building reports and dashboards using SAP Analytics Cloud, with good understanding of ""SA"
eb0a20bcb928bbc2,himalayas,SAP ABAP Developer (with German),Nagarro,Hungary,Hungary,True,Not disclosed,,,,annual,Core SAP delivery role,Technical / Development,Senior,S/4HANA; ABAP / Development; BTP / Integration; Fiori / UI5,ABAP; S/4HANA; SAP Fiori; SAPUI5 / UI5; OData; CDS Views; RAP / CAP; IDoc; English; German,1785177230,https://himalayas.app/companies/nagarro/jobs/sap-abap-developer-with-german,"Designing, developing, and optimizing SAP solutions using ABAP, ABAP OO, CDS Views, RAP, OData, Fiori/UI5, forms, enhancements, workflows, and interfaces. Designing and supporting integration scenarios using IDoc, RFC, BAPI, SOAP/REST services, APIs, and integration platforms. Applying and promoting Clean Core strategy, SAP development standards, performance optimization, and security requirements. Leading technical "
78158caa2b239349,himalayas,SAP BTP Solution Architect (m/f/d),Nagarro,Germany,Germany,True,Not disclosed,,,,annual,Core SAP delivery role,Architecture,Mid / Unspecified,S/4HANA; ABAP / Development; BTP / Integration; Fiori / UI5; HANA / Data,ABAP; S/4HANA; SAP HANA; SAP BTP; SAP Fiori; CPI / Integration Suite; RAP / CAP; English,1783466328,https://himalayas.app/companies/nagarro/jobs/sap-btp-solution-architect-m-f-d,Designing and creating solution concepts using the SAP product and service portfolio Developing technical concepts in collaboration with technical application colleagues Selecting suitable SAP BTP components and services based on business requirements Deciding on architectural distribution between SAP BTP and S/4HANA Cloud systems Creating technical designs and implementing solutions or forms in SAP projects (individ
5ccde29200248b41,himalayas,SAP S/4 Principal Developer (m/f/d),Nagarro,Germany,Germany,True,Not disclosed,,,,annual,Core SAP delivery role,Technical / Development,Lead / Manager,S/4HANA; ABAP / Development; HANA / Data,ABAP; S/4HANA; SAP HANA; RAP / CAP; English; German,1784015506,https://himalayas.app/companies/nagarro/jobs/sap-s-4-principal-developer-m-f-d-1830275947,"As an ABAP Developer, customer-specific requirements are implemented within projects as well as in support. Development of applications in the front end and/or back end. Independent and team-oriented work on customer solutions, both on-site and remotely. Close collaboration with an international team of developers. Implementation, enhancement, migration, and documentation of ABAP applications and forms, particularly "
31e99e7d7999fe54,himalayas,SAP SuccessFactors Solution Architect (m/f/d),Nagarro,Germany,Germany,True,Not disclosed,,,,annual,Core SAP delivery role,Architecture,Mid / Unspecified,S/4HANA; HCM / SuccessFactors,S/4HANA; SuccessFactors,1787949184,https://himalayas.app/companies/nagarro/jobs/sap-successfactors-solution-architect-m-f-d-4073626392,"The position is to be filled at one of our locations or remotely troughout Germany. As a Solution Architect (m/f/d), you are the central point of contact for solution architecture in SAP SuccessFactors implementations for our clients. You analyze various customer requirements and develop comprehensive end-to-end processes for relevant SuccessFactors modules based on these insights. You define integration scenarios wi"
2ff47fd3048b9cab,himalayas,SAP SuccessFactors Solution Architect (m/w/d),Nagarro,Germany,Germany,True,Not disclosed,,,,annual,Core SAP delivery role,Architecture,Mid / Unspecified,S/4HANA; HCM / SuccessFactors,S/4HANA; SuccessFactors,1787949185,https://himalayas.app/companies/nagarro/jobs/sap-successfactors-solution-architect-m-w-d,Die Stelle ist an einem unserer Standorte oder remote in ganz Deutschland zu besetzen. Als Solution Architect (m/f/d) bist du die zentrale fachliche Ansprechperson für die Lösungsarchitektur von SAP-SuccessFactors-Implementierungen bei unseren Kunden. Du analysierst verschiedene Kundenanforderungen und entwickelst darauf basierend ganzheitliche End-to-End-Prozesse für relevante SuccessFactors-Module. Du definierst In
62c43f30f9a71145,himalayas,Senior Consultant SAP Digital Adoption & Enablement (m/w/d),Nagarro,Germany,Germany,True,Not disclosed,,,,annual,Core SAP delivery role,Data / Analytics,Senior,HCM / SuccessFactors,SuccessFactors; English; German,1783459205,https://himalayas.app/companies/nagarro/jobs/senior-consultant-sap-digital-adoption-enablement-m-w-d,"Development and implementation of change strategies in transformation projects – ideally in the context of SAP, with a focus on sustainable user adoption. Translation of change objectives into structured enablement and adoption concepts across systems, processes, and user groups. Conception, coordination, and hands‑on implementation of Digital Adoption Platforms (e.g. WalkMe, Whatfix, Userlane), including the creatio"
43d951ebf3c7576a,himalayas,Senior SAP ABAP Developer with German,Nagarro,Poland,Poland,True,Not disclosed,,,,annual,Core SAP delivery role,Technical / Development,Senior,S/4HANA; ABAP / Development; BTP / Integration; Fiori / UI5,ABAP; S/4HANA; SAP Fiori; SAPUI5 / UI5; OData; CDS Views; RAP / CAP; IDoc; English; German,1785215225,https://himalayas.app/companies/nagarro/jobs/senior-sap-abap-developer-with-german-681897220,"Designing, developing, and optimizing SAP solutions using ABAP, ABAP OO, CDS Views, RAP, OData, Fiori/UI5, forms, enhancements, workflows, and interfaces. Designing and supporting integration scenarios using IDoc, RFC, BAPI, SOAP/REST services, APIs, and integration platforms. Applying and promoting Clean Core strategy, SAP development standards, performance optimization, and security requirements. Leading technical "
f9a11155c75d102e,himalayas,Senior SAP ABAP Developer with German,Nagarro,Romania,Romania,True,Not disclosed,,,,annual,Core SAP delivery role,Technical / Development,Senior,S/4HANA; ABAP / Development; BTP / Integration; Fiori / UI5,ABAP; S/4HANA; SAP Fiori; SAPUI5 / UI5; OData; CDS Views; RAP / CAP; IDoc; English; German,1785191626,https://himalayas.app/companies/nagarro/jobs/senior-sap-abap-developer-with-german,"Designing, developing, and optimizing SAP solutions using ABAP, ABAP OO, CDS Views, RAP, OData, Fiori/UI5, forms, enhancements, workflows, and interfaces. Designing and supporting integration scenarios using IDoc, RFC, BAPI, SOAP/REST services, APIs, and integration platforms. Applying and promoting Clean Core strategy, SAP development standards, performance optimization, and security requirements. Leading technical "
2d5567f340d4744a,himalayas,Senior SAP CO Consultant (m/f/d),Nagarro,Germany,Germany,True,Not disclosed,,,,annual,Core SAP delivery role,Technical / Development,Lead / Manager,S/4HANA; FI / CO / FICO; EWM / WM / Logistics,S/4HANA; FICO; English; German,1786366052,https://himalayas.app/companies/nagarro/jobs/senior-sap-co-consultant-m-f-d,"Lead the design and implementation of SAP S/4HANA Controlling solutions across transformation programs. Drive solution architecture and process optimization in Cost Center Accounting, Profit Center Accounting, Margin Analysis (CO-PA), and Product Cost Controlling (CO-PC). Collaborate with business and finance stakeholders to translate requirements into scalable SAP solutions. Ensure seamless integration between Contr"
a33cf39fcbac05cc,himalayas,Senior SAP Cloud Developer/Architect (m/f/d),Nagarro,Germany,Germany,True,Not disclosed,,,,annual,Core SAP delivery role,Architecture,Lead / Manager,S/4HANA; ABAP / Development; BTP / Integration; Fiori / UI5; HANA / Data; HCM / SuccessFactors,ABAP; S/4HANA; SAP HANA; SAP BTP; SAP Fiori; SAPUI5 / UI5; CPI / Integration Suite; SuccessFactors; English; German,1788035443,https://himalayas.app/companies/nagarro/jobs/senior-sap-cloud-developer-architect-m-f-d,"We are looking for an experienced SAP Cloud Developer to join our team. The position is to be filled at one of our locations or remotely throughout Germany. The ideal candidate will have extensive knowledge in multiple of the following areas: Extensive development experience in S/4 HANA (Public Cloud), SuccessFactors, BTP Integration Suite This role involves designing and implementing cloud-based SAP solutions and re"
cf8a379d757b36e1,himalayas,"Senior Staff Consultant ,Sap Development BTP",Nagarro,India,India,True,Not disclosed,,,,annual,Core SAP delivery role,Technical / Development,Lead / Manager,BTP / Integration,SAP BTP,1788035448,https://himalayas.app/companies/nagarro/jobs/senior-staff-consultant-sap-development-btp,"By this point in your career, it is not just about the tech you know or how well you can code. It is about what more you want to do with that knowledge. Were you given the tools to go beyond solving for X? Can you help your teammates proceed in the right direction? Can you tackle the challenges our clients face while always looking to take our solutions one step further to succeed at an even higher level? Yes? You ma"
c6290b479fd47ef8,himalayas,"Staff Consultant ,Sap Development BTP",Nagarro,India,India,True,Not disclosed,,,,annual,Core SAP delivery role,Technical / Development,Lead / Manager,BTP / Integration,SAP BTP,1787949199,https://himalayas.app/companies/nagarro/jobs/staff-consultant-sap-development-btp,"By this point in your career, it is not just about the tech you know or how well you can code. It is about what more you want to do with that knowledge. Were you given the tools to go beyond solving for X? Can you help your teammates proceed in the right direction? Can you tackle the challenges our clients face while always looking to take our solutions one step further to succeed at an even higher level? Yes? You ma"
0120414f68140797,himalayas,SuccessFactors Senior/Lead Consultant Employee Central (m/w/d),Nagarro,Germany,Germany,True,Not disclosed,,,,annual,Core SAP delivery role,Functional Consulting,Lead / Manager,HCM / SuccessFactors,SuccessFactors; English; German,1786379298,https://himalayas.app/companies/nagarro/jobs/successfactors-senior-lead-consultant-employee-central-m-w-d,"Implement and support customer projects focused on SAP SuccessFactors Employee Central . Analyze customer requirements and develop strategies for the successful implementation and operation of SuccessFactors solutions. Support all project phases, from initial workshops and solution design to implementation and post-go-live support. Independently conduct customer workshops, trainings, and knowledge transfer sessions. "
82914a7e1020da4e,himalayas,(Senior) Consultant Data Management (m/w/d),Natuvion,Germany,Germany,True,Not disclosed,,,,annual,SAP module/technical requirement,Data / Analytics,Senior,S/4HANA; FI / CO / FICO,S/4HANA; FICO; German,1784957036,https://himalayas.app/companies/natuvion/jobs/senior-consultant-data-management-m-w-d,"Gestalte die Zukunft der Daten in der SAP-Welt. Mit uns. Du fühlst dich im SAP-Universum zu Hause und möchtest in einer agilen Tech-Kultur arbeiten, in der du wirklich etwas bewegen kannst? Für dich sind Daten nicht nur Zahlen, sondern strategische Assets, die Unternehmen zukunftsfähig machen? Dann sollten wir uns kennenlernen! Wir suchen dich als (Senior) Consultant SAP S/4HANA Datenmigrationskonzepte (m/w/d) zur Ve"
52d7a439c6ed6027,himalayas,(Senior) SAP ABAP Developer / Architect – Data Management & ILM (m/w/d),Natuvion,Germany,Germany,True,Not disclosed,,,,annual,Core SAP delivery role,Architecture,Senior,ABAP / Development,ABAP; German,1784451208,https://himalayas.app/companies/natuvion/jobs/senior-sap-abap-developer-architect-data-management-ilm-m-w-d,"Gestalte die Zukunft der Daten in der SAP-Welt. Mit uns. Du entwickelst und konzipierst Lösungen, die Unternehmen dabei unterstützen, ihre Daten sicher, effizient und compliant zu managen. Als Teil unseres Data Management & Retirement Services Teams arbeitest du an spannenden Kundenprojekten, gestaltest technische Lösungsarchitekturen und begleitest unsere Kunden auf ihrem Weg in eine moderne SAP-Landschaft. Wir such"
3ab95e585a048d0a,himalayas,(Senior) SAP Consultant - Digital Transformation (m/w/d),Natuvion,Germany,Germany,True,Not disclosed,,,EUR,annual,Core SAP delivery role,Technical / Development,Senior,S/4HANA; ABAP / Development,ABAP; S/4HANA,1788155017,https://himalayas.app/companies/natuvion/jobs/senior-sap-consultant-digital-transformation-m-w-d,"Du brennst für alle Themen rund um die Digitale Transformation und findest die Arbeit mit SAP Technologien spannend, konntest idealerweise schon einiges an Erfahrung in dem Bereich sammeln und hast Lust in agilen und internationalen Teams Lösungen für komplexe fachlich-technische Themen zu erarbeiten? Dann suchen wir Dich zur Erweiterung unseres Teams als (Senior) SAP Consultant - Digital Transformation (m/w/d) für u"
86ef1ada3928fc30,himalayas,SAP ABAP Lead Developer – Product Development (m/w/d),Natuvion,Germany,Germany,True,Not disclosed,,,EUR,annual,Core SAP delivery role,Technical / Development,Lead / Manager,S/4HANA; ABAP / Development; BTP / Integration,ABAP; S/4HANA; SAP BTP; OData; CDS Views,1787862810,https://himalayas.app/companies/natuvion/jobs/sap-abap-lead-developer-product-development-m-w-d,"Als Senior SAP ABAP Lead Developer – Product Development verantwortest du die technische Konzeption und Weiterentwicklung unserer ABAP-basierten Produktkomponenten innerhalb der Data Conversion Suite, unserer zentralen Plattform für Datenmigration, Transformation und Systemmodernisierung und übernimmst die Architektur- und Designverantwortung in enger Zusammenarbeit mit Product Ownern und Entwicklungsteams. Deine Auf"
97896b12642aa834,himalayas,Team Lead SAP ABAP – Product Development (m/w/d),Natuvion,Germany,Germany,True,Not disclosed,,,EUR,annual,Core SAP delivery role,Technical / Development,Lead / Manager,S/4HANA; ABAP / Development,ABAP; S/4HANA,1788040043,https://himalayas.app/companies/natuvion/jobs/team-lead-sap-abap-product-development-m-w-d,"Du findest ABAP-Entwicklungen und technische Beratung im SAP-Umfeld spannend, bist spezialisiert an Themen der Datenmigration und bringst erste Führungserfahrung und Leidenschaft für die Entwicklung deiner Mitarbeitenden mit? Du hast Lust in agilen und internationalen Teams Lösungen für komplexe technische Themen zu erarbeiten, möchtest noch technisch hands-on arbeiten, aber gleichzeitig auch deine Führungsstärke ent"
25e1055dbdc20d31,himalayas,Global Collections Specialist (Contract/Temp),Neo4j,United States,United States,True,Not disclosed,,,,annual,SAP module/technical requirement,Data / Analytics,Mid / Unspecified,MM / Procurement,Ariba,1786886575,https://himalayas.app/companies/neo4j/jobs/global-collections-specialist-contract-temp,"About Neo4j : Neo4j is the graph intelligence platform that transforms data into knowledge to power the next generation of intelligent applications and AI systems. It includes enterprise-ready knowledge graphs for accurate, explainable, and governed AI; the most comprehensive, trusted, and easy-to-deploy graph capabilities across any environment and data source; and an unmatched ecosystem trusted by 84 of the Fortune"
46d39a6df8509d00,himalayas,Technical Customer Success Manager,Niricson,Canada,Canada,True,Disclosed,70000,80000,CAD,annual,SAP module/technical requirement,Data / Analytics,Lead / Manager,MM / Procurement,Ariba,1787862666,https://himalayas.app/companies/niricson/jobs/technical-customer-success-manager,"Technical Customer Success Manager Technical - Civil Engineering Location: Remote within Canada (Occasional Travel Required) About us At Niricson , we’re transforming the way aging infrastructure is inspected and managed — helping asset owners make smarter, safer, and more sustainable decisions. Our proprietary technologies combine robotics, AI, and data analytics to deliver unparalleled insights into the health of c"
59eff8ec3ed28060,himalayas,SAP S/4HANA Pre-Sales Application Engineer,Nitor Partners,United States,United States,True,Not disclosed,,,,annual,Core SAP delivery role,Technical / Development,Lead / Manager,S/4HANA; Fiori / UI5,S/4HANA; SAP Fiori; SAPUI5 / UI5,1787776380,https://himalayas.app/companies/nitor-partners/jobs/sap-s-4hana-pre-sales-application-engineer,"Nitor Partners , an SAP Gold Partner with over 22 years of delivery excellence and hundreds of successful SAP implementations, is expanding its go-to-market team. We are seeking a highly skilled SAP S/4HANA Pre-Sales Application Engineer to support solution demonstrations, client engagements, and sales pursuits across multiple industries. This role is ideal for a functional SAP expert who can translate business requi"
122996d7421a9868,himalayas,HR Service Delivery Analyst,O-I,Poland,Poland,True,Not disclosed,,,,annual,SAP module/technical requirement,Support / Operations,Mid / Unspecified,HCM / SuccessFactors,SuccessFactors,1788208395,https://himalayas.app/companies/o-i/jobs/hr-service-delivery-analyst,"You will provide a regional execution and operational delivery support for HR Technology across Europe. In this role you will ensure stable, responsive, and high-quality service outcomes across HR systems, partnering with the regional IT Business Partner, Global HR Apps, and HRIT Operations to deliver business-aligned solutions and maintain operational performance. You will act as the regional execution arm of HR Tec"
b6dcab4a83f4320e,himalayas,SAP DRC Finance Consultant (FICO),OPTIVEUM sp. z o.o.,Belgium,Belgium; Bulgaria; Estonia; Greece; Hungary; Latvia; Lithuania; Netherlands; Poland; Portugal; Romania; Slovakia,True,Not disclosed,,,EUR,hourly,Core SAP delivery role,Technical / Development,Mid / Unspecified,S/4HANA; ABAP / Development; BTP / Integration; FI / CO / FICO,ABAP; S/4HANA; SAP BTP; CPI / Integration Suite; FICO; English,1784974148,https://himalayas.app/companies/optiveum-sp-z-o-o/jobs/sap-drc-finance-consultant-fico,"SAP DRC Finance Consultant (FICO) Location: 100% Remote (Anywhere in the EU) Working Hours: EMEA time zone Salary: Up to 180 PLN/h or 42 EUR/h (Net, B2B) Duration: start ASAP and a minimum of 1 year project Engagement: Full-time (0% travel) The Client Our client is a top-tier global consulting company currently delivering a strategic, high-impact project for a leader in the pharmaceutical industry. The Role As an SAP"
0a0fcc96991d2329,himalayas,SAP Technical Architect,Owens & Minor,United States,United States,True,Disclosed,160000,160000,USD,annual,Core SAP delivery role,Architecture,Mid / Unspecified,ABAP / Development; BTP / Integration; Fiori / UI5; Basis / Security; HANA / Data,ABAP; SAP HANA; SAP BTP; SAP Fiori; SAPUI5 / UI5; CPI / Integration Suite; PI/PO; OData; CDS Views; RAP / CAP; GRC / Security; Agile / Scrum,1788122078,https://himalayas.app/companies/owensminor/jobs/sap-technical-architect,"Owens & Minor is a global healthcare solutions company providing essential products, services and technology solutions that support care delivery in leading hospitals, health systems and research centers around the world. For over 140 years, Owens & Minor has delivered comfort and confidence behind the scenes, so healthcare stays at the forefront, helping to make each day better for the hospitals, healthcare partners"
314c13289344ed29,himalayas,HR Advisor I - Spanish Bilingual,PM Consulting,Philippines,Philippines,True,Not disclosed,,,,annual,SAP module/technical requirement,Data / Analytics,Mid / Unspecified,HCM / SuccessFactors,SuccessFactors; English,1787882755,https://himalayas.app/companies/pm-consulting/jobs/hr-advisor-i-spanish-bilingual,"About the role People Services Global Hub Coordinators provide first level advice and support on key foundation and transactional activities (employee lifecycle, policies and procedures, HR systems) to the HR team, Line Managers and Employees within Orica which enables key customers to enhance workplace relations and productivity in line with Business Strategy. They are custodians and administrators of all HR data. W"
c3ff2afe203c4c3a,himalayas,Solution Architect (m/w/d) - remote DE,PROLOGA,Germany,Germany,True,Not disclosed,,,,annual,SAP module/technical requirement,Architecture,Mid / Unspecified,S/4HANA; BTP / Integration; Fiori / UI5,S/4HANA; SAP BTP; SAP Fiori; German,1784053977,https://himalayas.app/companies/prologa/jobs/solution-architect-m-w-d-remote-de,"kurzbeschreibung Gestalte die digitale Zukunft der Circular Economy mit uns! Du willst nicht nur Systeme bedienen, sondern Lösungen gestalten, die wirklich etwas verändern? Bei uns arbeitest du an Projekten mit gesellschaftlicher Relevanz - im Spannungsfeld zwischen Nachhaltigkeit, Innovation und Digitalisierung . Als technisches Bindeglied zwischen Kunden, Vertrieb und Entwicklung bringst du deine Ideen dort ein, wo"
69d93484d0a0f5b8,himalayas,Werkstudent (m/w/d) Sales & Marketing,Parasus GmbH,Germany,Germany,True,Not disclosed,,,EUR,hourly,SAP module/technical requirement,Other SAP-Related,Mid / Unspecified,S/4HANA; MM / Procurement,S/4HANA; German,1786719916,https://himalayas.app/companies/parasus-gmbh/jobs/werkstudent-m-w-d-sales-marketing,"Als Werkstudent:in im Bereich Sales & Business Development unterstützt du aktiv den Ausbau unseres Geschäfts im Umfeld von SAP S/4HANA (Sourcing & Procurement) und Ivalua . Du arbeitest eng mit unserer verantwortlichen Kollegin zusammen – ohne großes Team im Hintergrund. Das bedeutet: viel Eigenverantwortung, direkter Einblick in Vertriebsstrategien und echte Mitwirkung am Wachstum unseres Unternehmens. Aufgaben Unte"
6ee85b70410d9188,himalayas,Senior Technology Vendor Manager,Penn Interactive,United States,United States,True,Disclosed,110000,150000,USD,annual,SAP module/technical requirement,Functional Consulting,Lead / Manager,MM / Procurement,Ariba,1788189149,https://himalayas.app/companies/penn-interactive/jobs/senior-technology-vendor-manager-8408953273,"PENN Entertainment, Inc. is North America’s leading provider of integrated entertainment, sports content, and casino gaming experiences. From casinos and racetracks to online gaming, sports betting and entertainment content, we deliver the experiences people want, how and where they want them. We’re always on the lookout for those who are passionate about creating and delivering cutting-edge online gaming and sports "
4fc8ba56fcae688b,himalayas,Senior Technology Vendor Manager,Penn Interactive,Canada,Canada,True,Disclosed,110000,150000,CAD,annual,SAP module/technical requirement,Functional Consulting,Lead / Manager,MM / Procurement,Ariba,1788155334,https://himalayas.app/companies/penn-interactive/jobs/senior-technology-vendor-manager,"PENN Entertainment, Inc. is North America’s leading provider of integrated entertainment, sports content, and casino gaming experiences. From casinos and racetracks to online gaming, sports betting and entertainment content, we deliver the experiences people want, how and where they want them. We’re always on the lookout for those who are passionate about creating and delivering cutting-edge online gaming and sports "
ef118e3c91002c25,himalayas,Business Analyst,Penn State University,United States,United States,True,Disclosed,72300,122016,USD,annual,SAP module/technical requirement,Data / Analytics,Lead / Manager,HCM / SuccessFactors,SuccessFactors; Agile / Scrum,1785391790,https://himalayas.app/companies/penn-state-university/jobs/business-analyst,"APPLICATION INSTRUCTIONS: CURRENT PENN STATE EMPLOYEE (faculty, staff, technical service, or student), please login to Workday to complete the internal application process. Please do not apply here, apply internally through Workday. CURRENT PENN STATE STUDENT (not employed previously at the university) and seeking employment with Penn State, pleaselogin to Workday to complete thestudent application process. Please do"
8e01dc282a81c13d,himalayas,SAP SuccessFactor Engineer | Offshore - HYD,Photon,India,India,True,Not disclosed,,,,annual,Core SAP delivery role,Technical / Development,Senior,HCM / SuccessFactors,SuccessFactors,1786706788,https://himalayas.app/companies/photon/jobs/sap-successfactor-engineer-offshore-hyd,"SAP SuccessFactors Support Engineer Role: SAP SuccessFactors Support Engineer (Recruiting & Onboarding) Location: Offshore (Preferred: Hyderabad, India) / Nearshore (Romania, Poland) Experience: 4–8+ years Role Summary We are seeking an SAP SuccessFactors professional to provide application support for an existing live SAP SuccessFactors environment, primarily covering Recruiting and Onboarding modules. The role will"
84a0818e8f35aabf,himalayas,Accounts Receivable Specialist,Placer.ai,United States,United States,True,Disclosed,60000,70000,USD,annual,SAP module/technical requirement,Data / Analytics,Senior,MM / Procurement,Ariba,1785206132,https://himalayas.app/companies/placer-ai/jobs/accounts-receivable-specialist,"ABOUT PLACER.AI: Placer.ai is transforming how organizations understand the physical world. Our location analytics platform provides unprecedented visibility into locations, markets, and consumer behavior. Placer empowers thousands of customers—from Fortune 500 companies, to local governments and nonprofits— to make smarter, data-driven decisions. What sets us apart? We've built the most advanced location intelligenc"
d1940bdc513c7c32,himalayas,SAP Integration Specialist,Planit Careers,Philippines,Philippines,True,Not disclosed,,,,annual,Core SAP delivery role,Technical / Development,Mid / Unspecified,ABAP / Development; BTP / Integration,ABAP; IDoc,1788087239,https://himalayas.app/companies/planit-careers/jobs/sap-integration-specialist,"Run Stronger. Evolve Faster. Perform Smarter with NRI Ready to shape what’s next? At NRI, we turn technology into intelligence, delivering solutions that drive measurable business outcomes. Join our team of 3,500+ local experts backed by a global network of 16,000 team members and work on projects that truly make a difference for Australia’s leading organisations. Our Managed Services team ensures businesses operate "
16b36ad11b49fdb8,himalayas,SAP PM/MM Functional Consultant,Planit Careers,Philippines,Philippines,True,Not disclosed,,,,annual,Core SAP delivery role,Technical / Development,Mid / Unspecified,S/4HANA; ABAP / Development; Fiori / UI5; HANA / Data; FI / CO / FICO; MM / Procurement; PM / Asset Management,ABAP; S/4HANA; SAP HANA; SAP Fiori; FICO; SAP MM,1788060647,https://himalayas.app/companies/planit-careers/jobs/sap-pm-mm-functional-consultant,"Run Stronger. Evolve Faster. Perform Smarter with NRI Ready to shape what’s next? At NRI, we turn technology into intelligence, delivering solutions that drive measurable business outcomes. Join our team of 3,500+ local experts backed by a global network of 16,000 team members and work on projects that truly make a difference for Australia’s leading organisations. Our Managed Services team ensures businesses operate "
ad75ca9a0d947d24,himalayas,Procurement Manager – Cybersecurity,Plurilock Security Inc.,Philippines,Philippines,True,Not disclosed,,,,annual,SAP module/technical requirement,Data / Analytics,Lead / Manager,MM / Procurement,Ariba,1785363970,https://himalayas.app/companies/plurilock-security-inc/jobs/procurement-manager-cybersecurity,"Procurement Manager – Cybersecurity Department: Information Security / Supply Chain / IT Procurement **Contract** Job Summary: The Procurement Manager – Cybersecurity is responsible for sourcing, evaluating, and managing vendors that provide cybersecurity solutions, software, and services. This role ensures that all technology acquisitions align with the organization’s security strategy, budget, and compliance requir"
8917e55067769774,himalayas,Principal Salesforce Architect (US),PointClickCare,United States,United States,True,Disclosed,168000,187000,USD,annual,SAP module/technical requirement,Architecture,Lead / Manager,HCM / SuccessFactors,SuccessFactors,1786587260,https://himalayas.app/companies/pointclickcare/jobs/principal-salesforce-architect-us,"At PointClickCare our mission is simple: to help providers deliver exceptional care. And that starts with our people. As a leading health tech company that’s founder-led and privately held, we empower our employees to push boundaries, innovate, and shape the future of healthcare. With the largest long-term and post-acute care dataset and a Marketplace of 400+ integrated partners, our platform serves over 30,000 provi"
a0d23fffe7be02a2,himalayas,Backend Developer,PradeepIT Consulting Services Pvt Ltd,India,India,True,Not disclosed,,,,annual,SAP module/technical requirement,Technical / Development,Senior,ABAP / Development; BTP / Integration,SAP BTP; CDS Views; RAP / CAP,1787949095,https://himalayas.app/companies/pradeepit-consulting-services-pvt-ltd/jobs/backend-developer,"About the job Accelerate your career with PradeepIT PradeepIT is one of the largest, globally recognized IT Consulting firm to connect Indias deeply vetted talent team to global customer . Were headquartered in Bengaluru, Silicon Valley of India. PradeepITs customers include SAP Lab, Bosch, Rolls-Royce, Daikin, Daimler and J&J and hundreds of other Fortune 500 companies and fast-growing startups. With continuous hard"
5e3a9f96d178df92,himalayas,Backend developer-Porsche,PradeepIT Consulting Services Pvt Ltd,India,India,True,Not disclosed,,,,annual,SAP module/technical requirement,Technical / Development,Senior,BTP / Integration; Fiori / UI5,SAP Fiori; SAPUI5 / UI5; OData,1787949093,https://himalayas.app/companies/pradeepit-consulting-services-pvt-ltd/jobs/backend-developer-porsche,"About the job Accelerate your career with PradeepIT PradeepIT is one of the largest, globally recognized IT Consulting firm to connect Indias deeply vetted talent team to global customer . Were headquartered in Bengaluru, Silicon Valley of India. PradeepITs customers include SAP Lab, Bosch, Rolls-Royce, Daikin, Daimler and J&J and hundreds of other Fortune 500 companies and fast-growing startups. With continuous hard"
74de1669c09b075e,himalayas,Lead SAP Workflow Developer,PradeepIT Consulting Services Pvt Ltd,India,India,True,Not disclosed,,,,annual,Core SAP delivery role,Technical / Development,Lead / Manager,Fiori / UI5,SAPUI5 / UI5; Agile / Scrum; English,1787862890,https://himalayas.app/companies/pradeepit-consulting-services-pvt-ltd/jobs/lead-sap-workflow-developer,"About the job Accelerate your career with PradeepIT PradeepIT is one of the largest, globally recognized IT Consulting firm to connect India's deeply vetted talent team to global customer. Were headquartered in Bengaluru, Silicon Valley of India. PradeepITs customers include SAP Lab, Bosch, Rolls-Royce, Daikin, Daimler and J&J and hundreds of other Fortune 500 companies and fast-growing startups. With continuous hard"
f34dd2bf21175e71,himalayas,Lead SAP Workflow Developer (Cloud),PradeepIT Consulting Services Pvt Ltd,United States,United States,True,Not disclosed,,,,annual,Core SAP delivery role,Technical / Development,Lead / Manager,Fiori / UI5,SAPUI5 / UI5; Agile / Scrum; English,1787949105,https://himalayas.app/companies/pradeepit-consulting-services-pvt-ltd/jobs/lead-sap-workflow-developer-cloud-2583413133,"About the job Accelerate your career with PradeepIT PradeepIT is one of the largest, globally recognized IT Consulting firm to connect Indias deeply vetted talent team to global customer. Were headquartered in Bengaluru, Silicon Valley of India. PradeepITs customers include SAP Lab, Bosch, Rolls-Royce, Daikin, Daimler and J&J and hundreds of other Fortune 500 companies and fast-growing startups. With continuous hard "
3a3084702202900a,himalayas,Lead SAP Workflow Developer (Cloud),PradeepIT Consulting Services Pvt Ltd,India,India,True,Not disclosed,,,,annual,Core SAP delivery role,Technical / Development,Lead / Manager,Fiori / UI5,SAPUI5 / UI5; Agile / Scrum; English,1787862894,https://himalayas.app/companies/pradeepit-consulting-services-pvt-ltd/jobs/lead-sap-workflow-developer-cloud,"About the job Accelerate your career with PradeepIT PradeepIT is one of the largest, globally recognized IT Consulting firm to connect India's deeply vetted talent team to global customer. Were headquartered in Bengaluru, Silicon Valley of India. PradeepITs customers include SAP Lab, Bosch, Rolls-Royce, Daikin, Daimler and J&J and hundreds of other Fortune 500 companies and fast-growing startups. With continuous hard"
db8858bfc3eddfa8,himalayas,Lead/Architect,PradeepIT Consulting Services Pvt Ltd,India,India,True,Not disclosed,,,,annual,SAP module/technical requirement,Architecture,Lead / Manager,ABAP / Development; BTP / Integration,SAP BTP; CDS Views; RAP / CAP,1787949098,https://himalayas.app/companies/pradeepit-consulting-services-pvt-ltd/jobs/lead-architect,"About the job Accelerate your career with PradeepIT PradeepIT is one of the largest, globally recognized IT Consulting firm to connect Indias deeply vetted talent team to global customer . Were headquartered in Bengaluru, Silicon Valley of India. PradeepITs customers include SAP Lab, Bosch, Rolls-Royce, Daikin, Daimler and J&J and hundreds of other Fortune 500 companies and fast-growing startups. With continuous hard"
9fd4e29ab605368b,himalayas,SAP ABAP Technical Developer | Sourcebae | Remote,PradeepIT Consulting Services Pvt Ltd,United States,United States,True,Not disclosed,,,,annual,Core SAP delivery role,Technical / Development,Senior,S/4HANA; ABAP / Development; BTP / Integration; Fiori / UI5; HANA / Data; FI / CO / FICO,ABAP; S/4HANA; SAP HANA; SAP Fiori; SAPUI5 / UI5; OData; CDS Views; IDoc; FICO,1787862898,https://himalayas.app/companies/pradeepit-consulting-services-pvt-ltd/jobs/sap-abap-technical-developer-sourcebae-remote,"Years of experience: 7 to 9 years. Location : Remote, Contract duration: 3 months (could be renewed based on need basis) Expected budget: Please share the rates (inclusive all). Shift timings: 7 pm IST to 3 am IST Client Name: Sourcebae Job Description Demonstrated experience with ABAP programming in S/4 HANA with knowledge of the updated table structures. Strong ABAP skills with both custom development, customizatio"
9a54f318a37e487a,himalayas,SAP Architect,PradeepIT Consulting Services Pvt Ltd,United States,United States,True,Not disclosed,,,,annual,Core SAP delivery role,Architecture,Senior,ABAP / Development; BTP / Integration,SAP BTP; RAP / CAP,1787949112,https://himalayas.app/companies/pradeepit-consulting-services-pvt-ltd/jobs/sap-architect,"About The Job Accelerate your career with PradeepIT PradeepIT is one of the largest, globally recognized IT Consulting firm to connect Indias deeply vetted talent team to global customer. Were headquartered in Bengaluru, Silicon Valley of India. PradeepITs customers include SAP Lab, Bosch, Rolls-Royce, Daikin, Daimler and J&J and hundreds of other Fortune 500 companies and fast-growing startups. With continuous hard "
3d59bbe1e2eb5b93,himalayas,SAP BTP,PradeepIT Consulting Services Pvt Ltd,United States,United States,True,Not disclosed,,,,annual,SAP-titled role,Technical / Development,Senior,S/4HANA; ABAP / Development; BTP / Integration,S/4HANA; SAP BTP; OData; CDS Views; RAP / CAP,1787949110,https://himalayas.app/companies/pradeepit-consulting-services-pvt-ltd/jobs/sap-btp-4580633052,"About the job Accelerate your career with PradeepIT PradeepIT is one of the largest, globally recognized IT Consulting firm to connect Indias deeply vetted talent team to global customer. Were headquartered in Bengaluru, Silicon Valley of India. PradeepITs customers include SAP Lab, Bosch, Rolls-Royce, Daikin, Daimler and J&J and hundreds of other Fortune 500 companies and fast-growing startups. With continuous hard "
f6036bdef9a94b35,himalayas,SAP BTP Admin/Remote/5+ Years,PradeepIT Consulting Services Pvt Ltd,India,India,True,Not disclosed,,,,annual,SAP-titled role,Technical / Development,Senior,ABAP / Development; BTP / Integration,SAP BTP; RAP / CAP,1787949111,https://himalayas.app/companies/pradeepit-consulting-services-pvt-ltd/jobs/sap-btp-admin-remote-5-years,Position Name SAP BTP Admin Experience Required 5+ years of experience Location - Remote Job Description Roles & Responsibilities Act as an Individual contributor or consultant on Single or Multiple projects for multiple customers across the globe Apply the subject matter expertise on critical issues or requests & act as go to point to help resolve them in the given SLA Support AMS assignments in the various areas of
ca740ac80eac9948,himalayas,SAP BTP Administration,PradeepIT Consulting Services Pvt Ltd,United States,United States,True,Not disclosed,,,,annual,SAP-titled role,Technical / Development,Senior,S/4HANA; ABAP / Development; BTP / Integration; HANA / Data,ABAP; S/4HANA; SAP HANA; SAP BTP; CDS Views; RAP / CAP,1787862901,https://himalayas.app/companies/pradeepit-consulting-services-pvt-ltd/jobs/sap-btp-administration,"About the job Accelerate your career with PradeepIT PradeepIT is one of the largest, globally recognized IT Consulting firm to connect India's deeply vetted talent team to global customer. Were headquartered in Bengaluru, Silicon Valley of India. PradeepITs customers include SAP Lab, Bosch, Rolls-Royce, Daikin, Daimler and J&J and hundreds of other Fortune 500 companies and fast-growing startups. With continuous hard"
01830d7310623e42,himalayas,SAP BTP Architect,PradeepIT Consulting Services Pvt Ltd,United States,United States,True,Not disclosed,,,,annual,Core SAP delivery role,Architecture,Senior,BTP / Integration; HANA / Data,SAP HANA; SAP BTP; CPI / Integration Suite,1787862908,https://himalayas.app/companies/pradeepit-consulting-services-pvt-ltd/jobs/sap-btp-architect,"Accelerate your career with PradeepIT PradeepIT is one of the largest, globally recognized IT Consulting firm to connect India's deeply vetted talent team to global customer. Were headquartered in Bengaluru, Silicon Valley of India. PradeepITs customers include SAP Lab, Bosch, Rolls-Royce, Daikin, Daimler and J&J and hundreds of other Fortune 500 companies and fast-growing startups. With continuous hard work and work"
4af7942a74d0763c,himalayas,SAP BTP Developer,PradeepIT Consulting Services Pvt Ltd,United States,United States,True,Not disclosed,,,,annual,Core SAP delivery role,Technical / Development,Senior,S/4HANA; ABAP / Development; BTP / Integration; HANA / Data,ABAP; S/4HANA; SAP HANA; SAP BTP; CPI / Integration Suite; OData; RAP / CAP; IDoc,1787862901,https://himalayas.app/companies/pradeepit-consulting-services-pvt-ltd/jobs/sap-btp-developer,"About the job Accelerate your career with PradeepIT PradeepIT is one of the largest, globally recognized IT Consulting firm to connect Indias deeply vetted talent team to global customer. Were headquartered in Bengaluru, Silicon Valley of India. PradeepITs customers include SAP Lab, Bosch, Rolls-Royce, Daikin, Daimler and J&J and hundreds of other Fortune 500 companies and fast-growing startups. With continuous hard "
e876c55925ed45ff,himalayas,SAP BTP Integration Lead | 10+ Yrs | Remote | US Time zone,PradeepIT Consulting Services Pvt Ltd,India,India,True,Not disclosed,,,,annual,Core SAP delivery role,Technical / Development,Lead / Manager,S/4HANA; BTP / Integration; HANA / Data,S/4HANA; SAP HANA; SAP BTP; CPI / Integration Suite,1787949105,https://himalayas.app/companies/pradeepit-consulting-services-pvt-ltd/jobs/sap-btp-integration-lead-10-yrs-remote-us-time-zone,Job Title: SAP BTP Integration Expert Years of Experience: 10+ Years Relevant Experience: - Headcount: 2 Job/Work type: Remote Location: NA Time Zone: US Time Zone (In IST 4:00 PM to 12:00 AM) Project Name: - Client: - End Client: - Mandatory Skills:- Role & Responsibilities / Job Description: Strong Integration (CPI) experience. Setup and configuration of CPI (Administration of the BTP environment is assumed to be c
eaa90aa55434dc15,himalayas,SAP CAP Backend Developer - BTP - Freelancer,PradeepIT Consulting Services Pvt Ltd,United States,United States,True,Not disclosed,,,,annual,Core SAP delivery role,Technical / Development,Senior,ABAP / Development; BTP / Integration,SAP BTP; CDS Views; RAP / CAP,1787862904,https://himalayas.app/companies/pradeepit-consulting-services-pvt-ltd/jobs/sap-cap-backend-developer-btp-freelancer,"About the job SAP CAP Backend Developer - BTP - Freelancer Job Title: ﻿ SAP CAP Backend Developer BTP ﻿ ﻿Experience: ﻿6+ years ﻿Work Type - Remote ﻿Work Time Zone: IST time zone ﻿ ﻿ Job Description: ﻿ SAP CAP Back-End Developer (CDS Modeling, BTP Implementation, Node.js Backend, and Unit Testing Expertise) Overall 6+ years of IT experience Good understanding of SAP CAP, including CDS modeling concepts and best practi"
722efb0c5d9ee8b7,himalayas,SAP CPI,PradeepIT Consulting Services Pvt Ltd,United States,United States,True,Not disclosed,,,,annual,SAP-titled role,Technical / Development,Senior,S/4HANA; BTP / Integration; HANA / Data,S/4HANA; SAP HANA; SAP BTP; CPI / Integration Suite; OData,1787862915,https://himalayas.app/companies/pradeepit-consulting-services-pvt-ltd/jobs/sap-cpi,"About The Job Accelerate your career with PradeepIT PradeepIT is one of the largest, globally recognized IT Consulting firm to connect Indias deeply vetted talent team to global customer. Were headquartered in Bengaluru, Silicon Valley of India. PradeepITs customers include SAP Lab, Bosch, Rolls-Royce, Daikin, Daimler and J&J and hundreds of other Fortune 500 companies and fast-growing startups. With continuous hard "
f5682a7fbad7e260,himalayas,SAP Fiori Consultant | Remote | 6 to 8 years,PradeepIT Consulting Services Pvt Ltd,United States,United States,True,Not disclosed,,,,annual,Core SAP delivery role,Technical / Development,Lead / Manager,ABAP / Development; BTP / Integration; Fiori / UI5,ABAP; SAP BTP; SAP Fiori; SAPUI5 / UI5; OData,1787862911,https://himalayas.app/companies/pradeepit-consulting-services-pvt-ltd/jobs/sap-fiori-consultant-remote-6-to-8-years-9265297318,"Job Title: SAP Fiori Consultant ﻿exp - 6 to 8 years Location: Bangalore/ Pune/ Hyderabad/ Chennai (Remote we can prop Job Summary: We are seeking a skilled SAP Fiori Consultant with expertise in SAP UI5 , Fiori , SAP BTP , and ideally Neptune development. The role involves designing, developing, and implementing modern, user-centric interfaces and cloud-native applications. You will work closely with cross-functional"
60706b1b92557c8d,himalayas,SAP Full stack Developer- SOW_JD_BGSW_2024_2792,PradeepIT Consulting Services Pvt Ltd,United States,United States,True,Not disclosed,,,,annual,Core SAP delivery role,Technical / Development,Senior,S/4HANA; ABAP / Development; BTP / Integration; Fiori / UI5; HANA / Data,ABAP; S/4HANA; SAP HANA; SAP BTP; SAP Fiori; SAPUI5 / UI5; CPI / Integration Suite; OData; CDS Views; RAP / CAP; SAP Analytics Cloud,1787949109,https://himalayas.app/companies/pradeepit-consulting-services-pvt-ltd/jobs/sap-full-stack-developer-sow_jd_bgsw_2024_2792,"Roles & Responsibilities Ability to work independently and carry out assignments to completion within parameters of instructions given, prescribed routines and standard accepted practices Capability to understand the product knowledge and ensuring Quality with on time delivery. Exhibit good communication, presentation, and interpersonal skills. Fungible to adopt new technologies and business processes. Mandatory / Pr"
7d7d4bea0f79626e,himalayas,SAP IS-U ABAP Developer (Billing / DM / FICA / CRM) | 8+ Years | REMOTE,PradeepIT Consulting Services Pvt Ltd,India,India,True,Not disclosed,,,,annual,Core SAP delivery role,Technical / Development,Senior,ABAP / Development; BTP / Integration; Fiori / UI5,ABAP; SAP Fiori; IDoc,1787862909,https://himalayas.app/companies/pradeepit-consulting-services-pvt-ltd/jobs/sap-is-u-abap-developer-billing-dm-fica-crm-8-years-remote,Job Title: SAP IS-U ABAP Developer Experience: 8+ Years Job Type: Remote Location: NA Time Zone: In IST 12:00 pm to 9:00 PM Client: Bosch End Client: SWS (Southern Water Services) Job Title: 8+ years of hands on SAP ISU Abap programmer with at least one SAP IS-U project full implementation. They must be very competent with Object Orientated code (OO) breaking the code up into small methods and putting the minimum cod
305bc794ce6456ab,himalayas,SAP ISU CRM Technical,PradeepIT Consulting Services Pvt Ltd,United States,United States,True,Not disclosed,,,,annual,SAP-titled role,Technical / Development,Mid / Unspecified,S/4HANA; ABAP / Development; BTP / Integration; Fiori / UI5; CRM / CX / Commerce,ABAP; S/4HANA; SAP Fiori; OData; IDoc,1787862904,https://himalayas.app/companies/pradeepit-consulting-services-pvt-ltd/jobs/sap-isu-crm-technical,"Job Title: ISU CRM Technical ﻿Experience: 10+ Yrs ( relevant 7 to 9 yrs in SAP ISU CRM is required)﻿ Work Timings: 1p.m to 10 pm Work Type: WFH Job Description: SAP CRM ABAP with Function modules, Reports, Data dictionary, Object-oriented ABAP programming, BADI- s, BAPI- s, ADOBE forms , SAP CRM WEB UI with BOL Programming , GENIL , UI configurations, Transaction launcher, AET, Interfaces with RFC, ODATA, SPROXY, web"
eac5dac7dffb8309,himalayas,SAP ISU CRM Technical Consultant | 5 to 7 Yrs | Remote |,PradeepIT Consulting Services Pvt Ltd,India,India,True,Not disclosed,,,,annual,Core SAP delivery role,Technical / Development,Senior,ABAP / Development; BTP / Integration; Fiori / UI5; CRM / CX / Commerce,ABAP; SAP Fiori; IDoc,1787949115,https://himalayas.app/companies/pradeepit-consulting-services-pvt-ltd/jobs/sap-isu-crm-technical-consultant-5-to-7-yrs-remote,Job Title: SAP ISU CRM Technical ﻿Experience: 5 to 7 Years ﻿Relevant Experience: ﻿5 Years ﻿Job/Work Type: Remote Location: NA ﻿Time Zone: IST 12:00 pm to 9:00 pm ﻿Client: Bosch ﻿End Client: SWS Job Description: 1x SAP IS-Utilities CRM/ISU Technical 8+ years of hands on SAP CRM/ISU Abap programmer with at least one SAP IS-U project fullimplementation. They must be very competent with Object Orientated code (OO) breaki
24338f2058e0cfae,himalayas,SAP MM Consultant (with Production Planning Integration),PradeepIT Consulting Services Pvt Ltd,India,India,True,Not disclosed,,,,annual,Core SAP delivery role,Technical / Development,Mid / Unspecified,S/4HANA; ABAP / Development; Fiori / UI5; MM / Procurement; PP / QM / Manufacturing; EWM / WM / Logistics,ABAP; S/4HANA; SAP Fiori; SAP MM; Agile / Scrum,1787862915,https://himalayas.app/companies/pradeepit-consulting-services-pvt-ltd/jobs/sap-mm-consultant-with-production-planning-integration-681130426,"Job Description: We are seeking an experienced SAP MM (Materials Management) Consultant with strong knowledge of integration with Production Planning (PP) to join our team. The candidate should have a proven track record in implementing, configuring, and supporting SAP MM module while understanding its critical integration points with PP. This role involves working closely with clients to optimize their supply chain "
55b9f3e33d64d21c,himalayas,SAP S/4 HANA Fiori/UI5 Consultant | 4-8 Years | ISt Timezone | Remote,PradeepIT Consulting Services Pvt Ltd,India,India,True,Not disclosed,,,,annual,Core SAP delivery role,Technical / Development,Lead / Manager,S/4HANA; ABAP / Development; BTP / Integration; Fiori / UI5; HANA / Data,ABAP; S/4HANA; SAP HANA; SAP Fiori; SAPUI5 / UI5; OData,1787862905,https://himalayas.app/companies/pradeepit-consulting-services-pvt-ltd/jobs/sap-s-4-hana-fiori-ui5-consultant-4-8-years-ist-timezone-remote,"Position Title: SAP S/4 HANA Fiori/UI5 Consultant Experience Level: 4-8 Years Job Summary: We are currently seeking an experienced SAP S/4 HANA Fiori/UI5 Consultant with a minimum of 1 End-to-End Implementation in S/4 HANA. The ideal candidate will possess hands-on expertise in SAP Fiori/UI5 development, ODATA services, JavaScript, and proficiency in CAPM (Core Data Services ABAP Managed Procedures). This role involv"
2897bb560e99920a,himalayas,SAP S4 HANA with FIORI,PradeepIT Consulting Services Pvt Ltd,India,India,True,Not disclosed,,,,annual,SAP-titled role,Technical / Development,Mid / Unspecified,S/4HANA; Fiori / UI5; HANA / Data,S/4HANA; SAP HANA; SAP Fiori,1787862918,https://himalayas.app/companies/pradeepit-consulting-services-pvt-ltd/jobs/sap-s4-hana-with-fiori,"About job Accelerate your career with PradeepIT PradeepITis one of the largest, globally recognized IT Consulting firm to connectIndia's deeply vetted talent team to global customer. Wereheadquartered in Bengaluru, Silicon Valley of India. PradeepITs customersinclude SAP Lab, Bosch, Rolls-Royce, Daikin, Daimler and J&J and hundredsof other Fortune 500 companies and fast-growing startups. Withcontinuous hard work and "
25787e3d339881c9,himalayas,SAP SuccessFactors Consultant(Succession & development) | US Time Zone |Remote,PradeepIT Consulting Services Pvt Ltd,India,India,True,Not disclosed,,,,annual,Core SAP delivery role,Technical / Development,Junior,HCM / SuccessFactors,SuccessFactors; Agile / Scrum,1787862910,https://himalayas.app/companies/pradeepit-consulting-services-pvt-ltd/jobs/sap-successfactors-consultant-succession-development-us-time-zone-remote,"Role: SAP SuccessFactors Consultant (Succession & development) Location: Remote Start Date: Immediate Duration: 1 year Number of positions: 1 Experience: 5+ years Working shift timing: Evening shift (US Shift) Selection Process: 1 round Job Description: 5+ years of experience configuring, implementing, and supporting the SAP SuccessFactors Succession module in a lead role . Associate or Professional certification in "
48d8e97a65916bd0,himalayas,SAP Sucess Factor | HRIS | Exp 7-10 Years | IST Time | Remote,PradeepIT Consulting Services Pvt Ltd,India,India,True,Not disclosed,,,INR,monthly,SAP-titled role,Data / Analytics,Senior,HCM / SuccessFactors,SuccessFactors,1787862904,https://himalayas.app/companies/pradeepit-consulting-services-pvt-ltd/jobs/sap-sucess-factor-hris-exp-7-10-years-ist-time-remote,"Job Description: Role: SAP Sucess Factor | HRIS | Experience: 7-10 Years Location: Remote Salary Range: 50K to 1 Lac Job Responsibilities SAP SuccessFactors (SF) HRIS End User / Administrator who is responsible for actively maintaining the organizations SF Systems SF Consultant who has contributed to SAP SuccessFactors Implementation projects i.e., requirements gathering, documentation, configuration, testing, provid"
dd324369515deaeb,himalayas,SAP Technical Architect,PradeepIT Consulting Services Pvt Ltd,United States,United States,True,Not disclosed,,,,annual,Core SAP delivery role,Architecture,Mid / Unspecified,S/4HANA; BTP / Integration,S/4HANA; SAP BTP; Agile / Scrum,1787862919,https://himalayas.app/companies/pradeepit-consulting-services-pvt-ltd/jobs/sap-technical-architect-2361801349,"SAP Technical Architect Role In alignment with invenioLSI Business Strategy, this role will report to Chief Technology Officer and be part of a team of architects and presales leads that are driving the rapid expansion of our SAP business (S/4HANA, BTP, and Saas/Paas Apps, Intelligent Industries, Cloud). At InvenioLSI, we spend every day focused on developing opportunities directly with customers and partners, helpin"
85493723163147d4,himalayas,SAP UI5 Consultant,PradeepIT Consulting Services Pvt Ltd,India,India,True,Not disclosed,,,,annual,Core SAP delivery role,Technical / Development,Senior,Fiori / UI5,SAPUI5 / UI5,1787862904,https://himalayas.app/companies/pradeepit-consulting-services-pvt-ltd/jobs/sap-ui5-consultant,"About the job Accelerate your career with PradeepIT PradeepIT is one of the largest, globally recognized IT Consulting firm to connect India's deeply vetted talent team to global customer. Were headquartered in Bengaluru, Silicon Valley of India. PradeepITs customers include SAP Lab, Bosch, Rolls-Royce, Daikin, Daimler and J&J and hundreds of other Fortune 500 companies and fast-growing startups. With continuous hard"
bd0510d273d75cdf,himalayas,SAP UI5 Senior Consultant,PradeepIT Consulting Services Pvt Ltd,India,India,True,Not disclosed,,,,annual,Core SAP delivery role,Basis / Security,Senior,Fiori / UI5; Basis / Security,SAPUI5 / UI5; GRC / Security; Agile / Scrum,1787862909,https://himalayas.app/companies/pradeepit-consulting-services-pvt-ltd/jobs/sap-ui5-senior-consultant,"About the job Accelerate your career with PradeepIT PradeepIT is one of the largest, globally recognized IT Consulting firm to connect India's deeply vetted talent team to global customer. Were headquartered in Bengaluru, Silicon Valley of India. PradeepITs customers include SAP Lab, Bosch, Rolls-Royce, Daikin, Daimler and J&J and hundreds of other Fortune 500 companies and fast-growing startups. With continuous hard"
f1a0573c78566a97,himalayas,SAP Workflow Developer,PradeepIT Consulting Services Pvt Ltd,India,India,True,Not disclosed,,,,annual,Core SAP delivery role,Technical / Development,Senior,Fiori / UI5,SAPUI5 / UI5; Agile / Scrum; English,1787949112,https://himalayas.app/companies/pradeepit-consulting-services-pvt-ltd/jobs/sap-workflow-developer,"About the job Accelerate your career with PradeepIT PradeepIT is one of the largest, globally recognized IT Consulting firm to connect India's deeply vetted talent team to global customer. Were headquartered in Bengaluru, Silicon Valley of India. PradeepITs customers include SAP Lab, Bosch, Rolls-Royce, Daikin, Daimler and J&J and hundreds of other Fortune 500 companies and fast-growing startups. With continuous hard"
265dd248fbf11e6c,himalayas,SAP Workflow Developer (Cloud),PradeepIT Consulting Services Pvt Ltd,India,India,True,Not disclosed,,,,annual,Core SAP delivery role,Technical / Development,Senior,Fiori / UI5,SAPUI5 / UI5; Agile / Scrum; English,1787949114,https://himalayas.app/companies/pradeepit-consulting-services-pvt-ltd/jobs/sap-workflow-developer-cloud,"About the job Accelerate your career with PradeepIT PradeepIT is one of the largest, globally recognized IT Consulting firm to connect India's deeply vetted talent team to global customer. Were headquartered in Bengaluru, Silicon Valley of India. PradeepITs customers include SAP Lab, Bosch, Rolls-Royce, Daikin, Daimler and J&J and hundreds of other Fortune 500 companies and fast-growing startups. With continuous hard"
5ce63edc03e580d1,himalayas,Senior SAP ABAP Developer,PradeepIT Consulting Services Pvt Ltd,India,India,True,Not disclosed,,,,annual,Core SAP delivery role,Technical / Development,Senior,S/4HANA; ABAP / Development; BTP / Integration; Fiori / UI5; HANA / Data,ABAP; S/4HANA; SAP HANA; SAP Fiori; SAPUI5 / UI5; OData; CDS Views; Agile / Scrum; English,1787862920,https://himalayas.app/companies/pradeepit-consulting-services-pvt-ltd/jobs/senior-sap-abap-developer-9274037102,"About the job Accelerate your career with PradeepIT PradeepIT is one of the largest, globally recognized IT Consulting firm to connect India's deeply vetted talent team to global customer. Were headquartered in Bengaluru, Silicon Valley of India. PradeepITs customers include SAP Lab, Bosch, Rolls-Royce, Daikin, Daimler and J&J and hundreds of other Fortune 500 companies and fast-growing startups. With continuous hard"
b2e68004bda10205,himalayas,Senior SAP ABAP Developer,PradeepIT Consulting Services Pvt Ltd,United States,United States,True,Not disclosed,,,,annual,Core SAP delivery role,Technical / Development,Senior,S/4HANA; ABAP / Development; BTP / Integration; Fiori / UI5; HANA / Data,ABAP; S/4HANA; SAP HANA; SAP Fiori; SAPUI5 / UI5; OData; CDS Views; Agile / Scrum; English,1787862916,https://himalayas.app/companies/pradeepit-consulting-services-pvt-ltd/jobs/senior-sap-abap-developer,"Accelerate your career with PradeepIT PradeepIT is one of the largest, globally recognized IT Consulting firm to connect India's deeply vetted talent team to global customer. Were headquartered in Bengaluru, Silicon Valley of India. PradeepITs customers include SAP Lab, Bosch, Rolls-Royce, Daikin, Daimler and J&J and hundreds of other Fortune 500 companies and fast-growing startups. With continuous hard work and work"
b5172c25542cfb78,himalayas,Senior SAP Developer,PradeepIT Consulting Services Pvt Ltd,United States,United States,True,Not disclosed,,,,annual,Core SAP delivery role,Technical / Development,Senior,ABAP / Development; Fiori / UI5; HANA / Data; FI / CO / FICO,ABAP; SAP HANA; SAP Fiori; FICO; Agile / Scrum,1787949118,https://himalayas.app/companies/pradeepit-consulting-services-pvt-ltd/jobs/senior-sap-developer,"Accelerate your career with PradeepIT PradeepIT is one of the largest, globally recognized IT Consulting firm to connect India's deeply vetted talent team to global customer. Were headquartered in Bengaluru, Silicon Valley of India. PradeepIT customers include SAP Lab, Bosch, Rolls-Royce, Daikin, Daimler and J&J and hundreds of other Fortune 500 companies and fast-growing startups. With continuous hard work and worki"
69f46b30ae8ffc02,himalayas,Senior SAP Workflow Developer,PradeepIT Consulting Services Pvt Ltd,India,India,True,Not disclosed,,,,annual,Core SAP delivery role,Technical / Development,Senior,Fiori / UI5,SAPUI5 / UI5; Agile / Scrum; English,1787862920,https://himalayas.app/companies/pradeepit-consulting-services-pvt-ltd/jobs/senior-sap-workflow-developer,"About the job Accelerate your career with PradeepIT PradeepIT is one of the largest, globally recognized IT Consulting firm to connect India's deeply vetted talent team to global customer. Were headquartered in Bengaluru, Silicon Valley of India. PradeepITs customers include SAP Lab, Bosch, Rolls-Royce, Daikin, Daimler and J&J and hundreds of other Fortune 500 companies and fast-growing startups. With continuous hard"
2357bdba1eb66850,himalayas,Senior Compensation Partner,Prenuvo,United States,United States,True,Disclosed,140000,160000,USD,annual,SAP module/technical requirement,Data / Analytics,Lead / Manager,HCM / SuccessFactors,SuccessFactors,1788082400,https://himalayas.app/companies/prenuvo/jobs/senior-compensation-partner,"About Us At Prenuvo , we are on a mission to flip the paradigm from reactive “sick-care” to proactive health care. Our award-winning whole body scan is fast (under 1 hour), safe (MRI has no ionizing radiation), and non-invasive (no contrast). Our unique integrated stack of optimized hardware, software, and increasingly AI, coupled with the patient-centric experience across our domestic and global clinics, have allowe"
898c06e6b08c366d,himalayas,Sr Engineer – SAP Developer,Protective,United States,United States,True,Disclosed,84000,128667,USD,annual,Core SAP delivery role,Technical / Development,Senior,S/4HANA; ABAP / Development; BTP / Integration; Fiori / UI5; HANA / Data,ABAP; S/4HANA; SAP HANA; SAP BTP; SAP Fiori; CPI / Integration Suite; CDS Views; Agile / Scrum,1786735783,https://himalayas.app/companies/protective/jobs/sr-engineer-sap-developer,"The work we do has an impact on millions of lives, and you can be a part of it. We help protect our customers against life’s uncertainties. Regardless of where you work within the company, you’ll be helping provide protection and peace of mind when our customers need it most. Protective Life is seeking a highly skilled and experienced SAP ABAP Developer with a minimum of 5 years hands-on experience to join our Applic"
6c2715bde8bb59ec,himalayas,Senior Consultant - SAP S/4 HANA - Logistics,Protera,India,India,True,Not disclosed,,,,annual,Core SAP delivery role,Technical / Development,Senior,S/4HANA; Fiori / UI5; HANA / Data; EWM / WM / Logistics,S/4HANA; SAP HANA; SAP Fiori,1787513110,https://himalayas.app/companies/protera/jobs/senior-consultant-sap-s-4-hana-logistics,"Position name: Senior Consultant - SAP S/4 HANA - Logistics Location: Remote Shift timing: Europe Shift About the company: Protera is a Great Place To Work® Certified™ in India. Protera Technologies, is a global Total IT Outsourcing Services Provider for SAP-centric organizations. The Company was formed in the mid-90s to provide comprehensive end-to-end IT solutions for customers with SAP in the core of their IT reso"
e3e5c1d4edf5da9e,himalayas,Senior Consultant - SAP S/4HANA Logistics,Protera,United States,United States,True,Not disclosed,,,,annual,Core SAP delivery role,Technical / Development,Senior,S/4HANA; Fiori / UI5; EWM / WM / Logistics,S/4HANA; SAP Fiori,1788169544,https://himalayas.app/companies/protera/jobs/senior-consultant-sap-s-4hana-logistics,"About Protera Welcome to Protera Technologies, where we’re reimagining how SAP-centric organizations work in the cloud. Since 1998, we’ve been pioneers in bringing SAP and related applications to the cloud—think Microsoft Azure and AWS. Our global crew, spanning the US with offices in Chicago (HQ), Athens, Greece, Barcelona, Spain and Mumbai, India, is on a mission to make IT smoother, faster, and more fun for our cl"
10b70f8cde1274be,himalayas,Sr. Consultant - SAP Production Planning,Protera,United States,United States,True,Not disclosed,,,,annual,Core SAP delivery role,Technical / Development,Junior,S/4HANA; ABAP / Development; BTP / Integration; Fiori / UI5; FI / CO / FICO; MM / Procurement; PP / QM / Manufacturing,S/4HANA; SAP BTP; SAP Fiori; RAP / CAP; FICO; SAP PP,1787949177,https://himalayas.app/companies/protera/jobs/sr-consultant-sap-production-planning,"Overview We are seeking a highly skilled Senior Consultant – SAP Production Planning to lead and deliver manufacturing-focused SAP solutions across ECC and S/4HANA environments. This role requires deep functional expertise, strong cross-module integration capabilities, and the ability to guide clients through complex transformation initiatives, including S/4HANA migrations and advanced manufacturing optimization. The"
ad701341e15c3199,himalayas,"Sr. Consultant, SAP SD & BTP Solutions",Protera,United States,United States,True,Not disclosed,,,,annual,Core SAP delivery role,Technical / Development,Lead / Manager,S/4HANA; BTP / Integration; Fiori / UI5; SD / Sales; EWM / WM / Logistics,S/4HANA; SAP BTP; SAP Fiori; SAP SD,1786292578,https://himalayas.app/companies/protera/jobs/sr-consultant-sap-sd-btp-solutions,"The SAP SD & BTP Solutions Senior Consultant is an experienced SAP functional consultant with well-rounded exposure across SAP delivery and a primary focus in Sales & Distribution (SD). This role combines standard functional consulting delivery, including AMS and brownfield migration work, with the ability to understand a customer's business processes and requirements and translate them into functional designs for BT"
cbd4a14d3bee3463,himalayas,Sr. SAP Engineer - Core,Protera,United States,United States,True,Not disclosed,,,,annual,Core SAP delivery role,Basis / Security,Senior,S/4HANA; ABAP / Development; BTP / Integration; Fiori / UI5; Basis / Security,ABAP; S/4HANA; SAP BTP; SAP Fiori; SAPUI5 / UI5; CPI / Integration Suite; OData; CDS Views; RAP / CAP; GRC / Security,1788085882,https://himalayas.app/companies/protera/jobs/sr-sap-engineer-core,"About Protera Welcome to Protera Technologies, where we’re reimagining how SAP-centric organizations work in the cloud. Since 1998, we’ve been pioneers in bringing SAP and related applications to the cloud—think Microsoft Azure and AWS. Our global crew, spanning the US with offices in Chicago (HQ), Athens, Greece, Barcelona, Spain and Mumbai, India, is on a mission to make IT smoother, faster, and more fun for our cl"
7aa80d63414a04d2,himalayas,SAP BPC,Pyramid Global Technologies,Australia,Australia,True,Not disclosed,,,,annual,SAP-titled role,Technical / Development,Lead / Manager,S/4HANA; ABAP / Development; HANA / Data,ABAP; S/4HANA; SAP HANA; SAP BW / BI,1783964676,https://himalayas.app/companies/pyramid-global-technologies/jobs/sap-bpc,JOB DESCRIPTION Skills · Mandatory Skills o SAP BPC 10.1 Embedded on S/4HANA o SAP BW – IP with FOX Formulae o SAP BW 7.3 or higher o SAP HANA Modelling Experience o Ability to understand and Debug ABAP codes o Ability to map Business Requirement to the Technical Model o SAP BPC Certification desirable · ABAP User Exits and BADI Implementation · SQL scripting · SAP HANA Modelling · SAP BO Analysis for Office 2.2 or h
69138edb413c9ca5,himalayas,AI Solutions Architect,"QAD, Inc.",United States,United States,True,Disclosed,150000,185000,USD,annual,SAP module/technical requirement,Architecture,Lead / Manager,MM / Procurement,Ariba,1785750154,https://himalayas.app/companies/qad-inc/jobs/ai-solutions-architect,"The AI Solutions Architect is a senior, customer-facing role at the front of our delivery motion. You are the person who sits with a customer, leads an agentic workshop on their core manufacturing processes, designs what an agent can and should do, and architects the solution. This is not a slideware role, nor is it a hand-off role. You own the solution end-to-end—from the first workshop through to a live, adopted pr"
1d092e0ee190d862,himalayas,SAP Logistics and Operations Lead,QuidelOrtho,United States,United States,True,Disclosed,125000,145000,USD,annual,Core SAP delivery role,Technical / Development,Lead / Manager,S/4HANA; ABAP / Development; HANA / Data; FI / CO / FICO; MM / Procurement; PP / QM / Manufacturing; EWM / WM / Logistics; TM / GTS / Supply Chain; CRM / CX / Commerce; PM / Asset Management,ABAP; S/4HANA; SAP HANA; SAP PP; Ariba,1786853703,https://himalayas.app/companies/quidelortho/jobs/sap-logistics-and-operations-lead,"The Opportunity QuidelOrtho unites the strengths of Quidel Corporation and Ortho Clinical Diagnostics, creating a world-leading in vitro diagnostics company with award-winning expertise in immunoassay and molecular testing, clinical chemistry and transfusion medicine. We are more than 6,000 strong and do business in over 130 countries, providing answers with fast, accurate and consistent testing where and when they a"
dd151e6586d21e7f,himalayas,SAP EWM Techno Functional Consultant,R.S.Consultants,India,India,True,Not disclosed,,,,annual,Core SAP delivery role,Technical / Development,Senior,S/4HANA; EWM / WM / Logistics; TM / GTS / Supply Chain,S/4HANA; PI/PO; SAP EWM; English; German,1785153378,https://himalayas.app/companies/r-s-consultants/jobs/sap-ewm-techno-functional-consultant,A leading multinational consulting company is looking for SAP SCM Execution (EWM) consultant with 5+ years of SAP experience in implementation projects. The company is a UK based leading SAP application oriented Consultancy for Digital Value Chain Management servicing their clients in Digital Transformation journey. Their capabilities range from strategic dialogue around current challenges in the digital world to imp
973105d6a9508361,himalayas,Principal Specialist: SAP BTP Integration Suite Developer,RTX,United States,United States,True,Disclosed,86800,165200,USD,annual,Core SAP delivery role,Technical / Development,Lead / Manager,S/4HANA; ABAP / Development; BTP / Integration; HANA / Data,ABAP; S/4HANA; SAP HANA; SAP BTP; CPI / Integration Suite,1783968133,https://himalayas.app/companies/rtx/jobs/principal-specialist-sap-btp-integration-suite-developer,"Date Posted: 2026-05-15 Country: United States of America Location: US-NC-REMOTE Position Role Type: Remote U.S. Citizen, U.S. Person, or Immigration Status Requirements: U.S. citizenship is required, as only U.S. citizens are authorized to access information under this program/contract. Security Clearance Type: None/Not Required Security Clearance Status: Not Required RTX Corporation is an Aerospace and Defense comp"
d5c4e74cb8d29efb,himalayas,SAP BTP Integration Suite Developer,RTX,United States,United States,True,Disclosed,68900,131100,USD,annual,Core SAP delivery role,Technical / Development,Mid / Unspecified,S/4HANA; ABAP / Development; BTP / Integration; HANA / Data,ABAP; S/4HANA; SAP HANA; SAP BTP; CPI / Integration Suite,1783681852,https://himalayas.app/companies/rtx/jobs/sap-btp-integration-suite-developer,"Date Posted: 2026-07-07 Country: United States of America Location: US-NC-REMOTE Position Role Type: Remote U.S. Citizen, U.S. Person, or Immigration Status Requirements: U.S. citizenship is required, as only U.S. citizens are authorized to access information under this program/contract. Security Clearance Type: None/Not Required Security Clearance Status: Not Required RTX Corporation is an Aerospace and Defense comp"
995b2dd6a7b81663,himalayas,SAP Berechtigungsberater,Recruit 121 Group,Hungary,Hungary,True,Not disclosed,,,,annual,SAP-titled role,Basis / Security,Mid / Unspecified,S/4HANA; Fiori / UI5; Basis / Security,S/4HANA; SAP Fiori; GRC / Security; German,1786742264,https://himalayas.app/companies/recruit-121-group/jobs/sap-berechtigungsberater,SAP Berechtigungsberater (w/m/d) – Ungarn | Vollzeit | Unbefristet & Remote Für ein internationales SAP-Umfeld suchen wir aktuell einen erfahrenen SAP Berechtigungsberater (w/m/d) zur Verstärkung eines spezialisierten Teams in Ungarn. 📍 Standort: Ungarn (remote innerhalb des Landes möglich) Deutschkenntnisse: zwingend erforderlich (Kundenkommunikation erfolgt überwiegend auf Deutsch) 🌍 Englisch: gutes Arbeitsniveau e
57a4725fb57e9f39,himalayas,SAP Berechtigungsberater (w/m/d) gesucht!,Recruit 121 Group,Germany,Germany,True,Disclosed,95000,95000,EUR,annual,SAP-titled role,Technical / Development,Mid / Unspecified,S/4HANA; Fiori / UI5,S/4HANA; SAP Fiori; German,1784078530,https://himalayas.app/companies/recruit-121-group/jobs/sap-berechtigungsberater-w-m-d-gesucht,"Du möchtest Deine SAP-Expertise in einem innovativen IT-Umfeld einbringen und Unternehmen bei sicheren und zukunftsfähigen SAP-Landschaften unterstützen? Dann solltest Du weiterlesen! 👇 Unser Kunde ist eines der führenden IT-Service-Unternehmen im deutschsprachigen Raum und begleitet namhafte Kunden bei ihrer digitalen Transformation. Dich erwarten abwechslungsreiche Projekte, modernste Technologien und ein Team, das"
efaa3c8a5f7332a8,himalayas,SAP HCM Berater:in (m/w/d),Recruit 121 Group,Germany,Germany,True,Not disclosed,,,,annual,SAP-titled role,Technical / Development,Mid / Unspecified,BTP / Integration; HCM / SuccessFactors,SAP BTP; SuccessFactors,1788059627,https://himalayas.app/companies/recruit-121-group/jobs/sap-hcm-berater-in-m-w-d,"Remote oder deutschlandweit Ein führender deutscher IT-Dienstleister sucht erfahrene Verstärkung im Bereich SAP HCM Beratung ! Unser Mandant ist ein innovatives, etabliertes Unternehmen mit klarer technologischer Vision. Dich erwartet eine offene Unternehmenskultur, spannende Entwicklungsmöglichkeiten und die Chance, echte Verantwortung in Kundenprojekten zu übernehmen. Tasks Fachliche Beratung im SAP HCM mit Fokus a"
14ab7497ac68273e,himalayas,SAP HCM Entwickler:in (m/w/d),Recruit 121 Group,Germany,Germany,True,Disclosed,55000,85000,EUR,annual,SAP-titled role,Technical / Development,Mid / Unspecified,ABAP / Development; BTP / Integration; Fiori / UI5; HCM / SuccessFactors,ABAP; SAP BTP; SAP Fiori; SAPUI5 / UI5,1788063639,https://himalayas.app/companies/recruit-121-group/jobs/sap-hcm-entwickler-in-m-w-d,"Remote oder deutschlandweit Ein führender deutscher IT-Dienstleister sucht Verstärkung! Unser Mandant ist ein innovatives Unternehmen, das sich seit Jahren erfolgreich im Markt etabliert hat. Mit Leidenschaft für Technologie und einem klaren Fokus auf Qualität bietet das Unternehmen spannende Entwicklungsmöglichkeiten, eine offene Unternehmenskultur und die Chance, Verantwortung zu übernehmen. Tasks Weiterentwicklung"
168f2ea0e5da2503,himalayas,SAP HCM/SuccessFactors Consultant,Recruit 121 Group,Germany,Germany,True,Not disclosed,,,,annual,Core SAP delivery role,Technical / Development,Mid / Unspecified,S/4HANA; ABAP / Development; HCM / SuccessFactors,ABAP; S/4HANA; SuccessFactors; German,1788381153,https://himalayas.app/companies/recruit-121-group/jobs/sap-hcm-successfactors-consultant,"🚀 SAP HCM / SuccessFactors Consultant (m/w/d) – 100% Remote in Deutschland Du bist SAP HCM- oder SuccessFactors-Experte und suchst den nächsten Karriereschritt? Du möchtest spannende Projekte, moderne Arbeitsbedingungen und echte Entwicklungsmöglichkeiten? Dann könnte diese Position genau das Richtige für dich sein! 💡 Aufgaben 🌟 Deine Chance Für mehrere renommierte SAP-Beratungen in Deutschland suchen wir erfahrene S"
32e2d00ccaac2f12,himalayas,SAP Integration Developer (m/w/d) - PI/PO/BTP,Recruit 121 Group,Germany,Germany,True,Disclosed,55000,90000,EUR,annual,Core SAP delivery role,Technical / Development,Mid / Unspecified,ABAP / Development; BTP / Integration,ABAP; SAP BTP; CPI / Integration Suite; PI/PO; German,1788037908,https://himalayas.app/companies/recruit-121-group/jobs/sap-integration-developer-m-w-d-pi-po-btp,"Unser Kunde, ein führender deutscher IT-Dienstleister sucht Verstärkung! Unser Mandant ist ein innovatives Unternehmen, das sich seit Jahren erfolgreich im Markt etabliert hat. Mit Leidenschaft für Technologie und einem klaren Fokus auf Qualität bietet das Unternehmen spannende Entwicklungsmöglichkeiten, eine offene Unternehmenskultur und die Chance, Verantwortung zu übernehmen. Aufgaben Entwicklung und Betrieb von S"
89a1db7cabe37f07,himalayas,SAP Functional Analyst FICO,Refresco,United States,United States,True,Disclosed,120000,140000,USD,annual,Core SAP delivery role,Basis / Security,Mid / Unspecified,ABAP / Development; Basis / Security; HANA / Data; FI / CO / FICO,ABAP; SAP HANA; FICO; GRC / Security,1788167305,https://himalayas.app/companies/refresco/jobs/sap-functional-analyst-fico-3821663688,"This role is Home-Based. Make a Difference in YOUR Career! Our vision is both simple and ambitious: to put our drinks on every table. We are the leading global independent beverage solutions provider. We serve a broad range of national and international retailers as well as Global, National and Emerging (GNE) brands. Our products are distributed worldwide from our production sites in Europe, North America, and Austra"
f47816e8e10a5218,himalayas,SAP Basis Administrator,"Resolve Tech Solutions, LLC",United States,United States,True,Not disclosed,,,,annual,Core SAP delivery role,Basis / Security,Lead / Manager,S/4HANA; Basis / Security; HANA / Data,S/4HANA; SAP HANA,1787024856,https://himalayas.app/companies/resolve-tech-solutions-llc/jobs/sap-basis-administrator-3949230693,"About Resolve Tech Solutions Resolve Tech Solutions delivers innovative IT infrastructure and enterprise application services to help clients optimize their technology investments. We specialize in cloud, ERP, and digital transformation solutions that empower businesses to scale securely and efficiently. Position Overview We are seeking an experienced SAP Basis Administrator to join our Enterprise Applications team. "
035ad3eda07b7fa1,himalayas,"Sr. Director, Commercial Delivery - Managed Services","Resolve Tech Solutions, LLC",United States,United States,True,Not disclosed,,,,annual,SAP module/technical requirement,Data / Analytics,Lead / Manager,S/4HANA; HANA / Data,S/4HANA; SAP HANA,1787022764,https://himalayas.app/companies/resolve-tech-solutions-llc/jobs/sr-director-commercial-delivery-managed-services-797237528,"Position Summary The Sr. Director, MCD Commercial Delivery is responsible for the leading the delivery and operations of SAP/Non-SAP workloads across multi-cloud environments for Commercial clients. This role will lead cross- functional global delivery teams—including Linux, Windows, Cloud, DBA, and Service Desk functions—while driving standardization, automation, and continuous improvement across service delivery. T"
d056e0d5626436f4,himalayas,Digital Commerce Resolution Specialist (Afternoon hours),Revvity,Poland,Poland,True,Not disclosed,,,,annual,SAP module/technical requirement,Technical / Development,Mid / Unspecified,BTP / Integration; MM / Procurement,IDoc; Ariba,1784831219,https://himalayas.app/companies/revvity/jobs/digital-commerce-resolution-specialist-afternoon-hours,"Job Title Digital Commerce Resolution Specialist (Afternoon hours) Location(s) Poland - Remote (Home Based) About Us Revvity is a developer and provider of end-to-end solutions designed to help scientists, researchers, and clinicians solve the world’s greatest health challenges. We pair the enthusiasm of an industry disruptor with the experience of a longtime leader. Our team of 11,000+ colleagues from around the glo"
967cf9d3751ffe84,himalayas,"Lead, Accounts Receivable Operations",RigUp,United States,United States,True,Not disclosed,,,,annual,SAP module/technical requirement,Data / Analytics,Lead / Manager,MM / Procurement,Ariba,1785747597,https://himalayas.app/companies/rigup/jobs/lead-accounts-receivable-operations,"RigUp is the source-to-pay solution built for energy. By combining purpose-built software with expert teams, we empower the world’s leading energy companies and their suppliers to work better, together. Learn more about how RigUp is equipping everyone in the energy ecosystem to operate with greater speed and efficiency at RigUp is hiring a Lead, Accounts Receivable Operations plays a key role in supporting the invoic"
9d1a0ff072bfb094,himalayas,Forward Deployed Engineer (Agentic AI),"Rimini Street, Inc",United States,United States,True,Disclosed,140000,180000,USD,annual,SAP module/technical requirement,Technical / Development,Mid / Unspecified,S/4HANA; ABAP / Development; BTP / Integration; Fiori / UI5,ABAP; S/4HANA; SAP BTP; SAP Fiori; CPI / Integration Suite; OData; RAP / CAP; IDoc,1788164373,https://himalayas.app/companies/rimini-street-inc/jobs/forward-deployed-engineer-agentic-ai-3631457214,"About Rimini Street, Inc . Rimini Street, Inc . (Nasdaq: RMNI), a Russell 2000® Company, is a proven, trusted global provider of end-to-end, mission-critical enterprise software support, managed services and innovative Agentic AI ERP solutions, and is the leading third-party support provider for Oracle, SAP and VMware software. Our comprehensive portfolio of unified solutions help run, manage, support, customize, con"
b10075e858ea5f64,himalayas,Principal SAP Integration Architect,"Rimini Street, Inc",Brazil,Brazil,True,Not disclosed,,,,annual,Core SAP delivery role,Architecture,Lead / Manager,S/4HANA; ABAP / Development; BTP / Integration; Basis / Security; HANA / Data; FI / CO / FICO,ABAP; S/4HANA; SAP HANA; SAP BTP; CPI / Integration Suite; OData; CDS Views; IDoc; GRC / Security; English,1788045846,https://himalayas.app/companies/rimini-street-inc/jobs/principal-sap-integration-architect,"About Rimini Street, Inc . Rimini Street, Inc . (Nasdaq: RMNI), a Russell 2000® Company, is a global provider of end-to-end enterprise software support, products and services, the leading third-party support provider for Oracle and SAP software and a Salesforce and AWS partner. The Company has operations globally and offers a comprehensive family of unified solutions to run, manage, support, customize, configure, con"
d39306a7e51c7074,himalayas,Sr. Associate Project Manager,"Rimini Street, Inc",Brazil,Brazil,True,Not disclosed,,,,annual,SAP module/technical requirement,Project / Program,Junior,S/4HANA; ABAP / Development,ABAP; S/4HANA; Agile / Scrum; English,1787631379,https://himalayas.app/companies/rimini-street-inc/jobs/sr-associate-project-manager,"About Rimini Street, Inc . Rimini Street, Inc . (Nasdaq: RMNI), a Russell 2000® Company, is a global provider of end-to-end enterprise software support, products and services, the leading third-party support provider for Oracle and SAP software and a Salesforce and AWS partner. The Company has operations globally and offers a comprehensive family of unified solutions to run, manage, support, customize, configure, con"
2f9bfb71fce8c299,himalayas,Sr. Support Engineer,"Rimini Street, Inc",Japan,Japan,True,Not disclosed,,,,annual,SAP module/technical requirement,Technical / Development,Senior,S/4HANA; ABAP / Development; HANA / Data,ABAP; S/4HANA; SAP HANA; English,1785806495,https://himalayas.app/companies/rimini-street-inc/jobs/sr-support-engineer-9525901330,"About Rimini Street, Inc . Rimini Street, Inc . (Nasdaq: RMNI), a Russell 2000® Company, is a proven, trusted global provider of end-to-end, mission-critical enterprise software support, managed services and innovative Agentic AI ERP solutions, and is the leading third-party support provider for Oracle, SAP and VMware software. Our comprehensive portfolio of unified solutions help run, manage, support, customize, con"
0acc0264569c9350,himalayas,"Sr. Support Engineer, SAP ABAP/BTP","Rimini Street, Inc",Brazil,Brazil,True,Not disclosed,,,,annual,Core SAP delivery role,Basis / Security,Senior,ABAP / Development; BTP / Integration; Fiori / UI5; Basis / Security; FI / CO / FICO; EWM / WM / Logistics,ABAP; SAP BTP; SAP Fiori; OData; RAP / CAP; FICO; GRC / Security; English,1784411352,https://himalayas.app/companies/rimini-street-inc/jobs/sr-support-engineer-sap-abap-btp,"About Rimini Street, Inc . Rimini Street, Inc . (Nasdaq: RMNI), a Russell 2000® Company, is a global provider of end-to-end enterprise software support, products and services, the leading third-party support provider for Oracle and SAP software and a Salesforce and AWS partner. The Company has operations globally and offers a comprehensive family of unified solutions to run, manage, support, customize, configure, con"
a50fc5634d20276e,himalayas,"Sr. Support Engineer, SAP FI-CO","Rimini Street, Inc",Brazil,Brazil,True,Not disclosed,,,,annual,Core SAP delivery role,Technical / Development,Senior,S/4HANA; ABAP / Development; HANA / Data; FI / CO / FICO,ABAP; S/4HANA; SAP HANA; FICO; English,1787035169,https://himalayas.app/companies/rimini-street-inc/jobs/sr-support-engineer-sap-fi-co,"About Rimini Street, Inc . Rimini Street, Inc . (Nasdaq: RMNI), a Russell 2000® Company, is a global provider of end-to-end enterprise software support, products and services, the leading third-party support provider for Oracle and SAP software and a Salesforce and AWS partner. The Company has operations globally and offers a comprehensive family of unified solutions to run, manage, support, customize, configure, pro"
4c0e1dc399620227,himalayas,"Sr. Support Engineer, SAP FICO","Rimini Street, Inc",Mexico,Mexico,True,Not disclosed,,,,annual,Core SAP delivery role,Technical / Development,Senior,S/4HANA; ABAP / Development; FI / CO / FICO,ABAP; S/4HANA; FICO,1787195713,https://himalayas.app/companies/rimini-street-inc/jobs/sr-support-engineer-sap-fico,"About Rimini Street, Inc . Rimini Street, Inc . (Nasdaq: RMNI), a Russell 2000® Company, is a proven, trusted global provider of end-to-end, mission-critical enterprise software support, managed services and innovative Agentic AI ERP solutions, and is the leading third-party support provider for Oracle, SAP and VMware software. Our comprehensive portfolio of unified solutions help run, manage, support, customize, con"
726099911329f38a,himalayas,Banking Technical Consultant - SA,SAP Fioneer,South Africa,South Africa,True,Not disclosed,,,,annual,SAP module/technical requirement,Technical / Development,Mid / Unspecified,S/4HANA; ABAP / Development; BTP / Integration; HANA / Data,ABAP; S/4HANA; SAP HANA; OData; IDoc; Agile / Scrum,1786353267,https://himalayas.app/companies/sapfioneer/jobs/banking-technical-consultant-sa-4239776959,"About Us: Innovation is and will always be the core of SAP Fioneer , and it is the promise of why we were spun out of SAP: agility, innovation, and delivery. SAP Fioneer builds on a heritage of outstanding technology and a deep understanding of corporate and consumer demands. At the heart of it all it is simple: We bring financial services to the next level with innovative software solutions and platforms. We are hel"
9a5d4c2e393c0bb6,himalayas,Junior Software Developer (SAP ABAP) - German speaker,SAP Fioneer,Romania,Romania,True,Not disclosed,,,,annual,Core SAP delivery role,Technical / Development,Junior,ABAP / Development,ABAP; Agile / Scrum; English; German,1787462668,https://himalayas.app/companies/sapfioneer/jobs/junior-software-developer-sap-abap-german-speaker,"Welcome future financial services experts! Innovation is and will always be the core of SAP Fioneer , and it is the promise of why we were spun out of SAP: agility, innovation, and delivery. SAP Fioneer builds on a heritage of outstanding technology and a deep understanding of corporate and consumer demands. At the heart of it all it is simple: We bring financial services to the next level with innovative software so"
902a72138b638f13,himalayas,Lead Frontend Entwickler - SAPUI5/Fiori (m/w/d),SAP Fioneer,Germany,Germany,True,Not disclosed,,,,annual,Core SAP delivery role,Technical / Development,Lead / Manager,ABAP / Development; BTP / Integration; Fiori / UI5,ABAP; SAP BTP; SAP Fiori; SAPUI5 / UI5; CDS Views; Agile / Scrum; English,1783275735,https://himalayas.app/companies/sapfioneer/jobs/lead-frontend-entwickler-sapui5-fiori-m-w-d,"As a Lead Lead SAP Fiori / UI5 Frontend Engineer – Cloud & BTP m/f/d , you will take a central role in designing and developing intuitive, high-performance user interfaces for SAP-based applications. You’ll lead a small team of developers and work closely with cross-functional stakeholders to deliver scalable solutions within SAP BTP environments. Your expertise in SAPUI5 and Fiori Elements will be key to driving inn"
1726f23d83994b56,himalayas,Product Support Specialist,SAP Fioneer,India,India,True,Not disclosed,,,,annual,SAP module/technical requirement,Technical / Development,Mid / Unspecified,ABAP / Development,ABAP,1786574807,https://himalayas.app/companies/sapfioneer/jobs/product-support-specialist,"Be Part of Us Innovation is and will always be the core of SAP Fioneer . SAP Fioneer builds on a heritage of outstanding technology and a deep understanding of corporate and consumer demands. At the heart of it all it is simple: We bring financial services to the next level with innovative software solutions and platforms. We are empowering companies in the financial services industry to achieve speed, scalability, a"
54a6e72e74f3a2ff,himalayas,SAP Fiori Developer,SAP Fioneer,Serbia,Serbia,True,Not disclosed,,,,annual,Core SAP delivery role,Technical / Development,Mid / Unspecified,BTP / Integration; Fiori / UI5,SAP Fiori; SAPUI5 / UI5; OData,1783229492,https://himalayas.app/companies/sapfioneer/jobs/sap-fiori-developer,"Innovation is and will always be the core to SAP Fioneer , and it is the promise of why we were spun out of SAP: agility, innovation, and delivery. SAP Fioneer builds on a heritage of outstanding technology and a deep understanding of corporate and consumer demands. At the heart of it all it is simple: We bring financial services to the next level with innovative software solutions and platforms. We are helping compa"
b0e60e0c7c6ebdaa,himalayas,SAP Technology Consultant for Banking (f/m/d),SAP Fioneer,Germany,Germany,True,Not disclosed,,,,annual,Core SAP delivery role,Basis / Security,Mid / Unspecified,ABAP / Development; BTP / Integration; Fiori / UI5; Basis / Security; HCM / SuccessFactors,ABAP; SAP BTP; SAP Fiori; SAPUI5 / UI5; RAP / CAP; German,1788082335,https://himalayas.app/companies/sapfioneer/jobs/sap-technology-consultant-for-banking-f-m-d,"Über SAP Fioneer Innovation ist und bleibt das Herzstück von SAP Fioneer – und genau deshalb wurden wir aus SAP ausgegründet: für mehr Agilität, Innovationskraft und konsequente Umsetzung. Wir bauen auf einer starken technologischen Basis und einem tiefen Verständnis für die Bedürfnisse von Unternehmen und Endkund:innen. Unser Ziel ist klar: Wir bringen Finanzdienstleistungen mit innovativen Softwarelösungen und Plat"
0961439d5e00db04,himalayas,Senior ABAP Developer - C4M (Canada),SAP Fioneer,Canada,Canada,True,Not disclosed,,,,annual,Core SAP delivery role,Technical / Development,Lead / Manager,S/4HANA; ABAP / Development; BTP / Integration,ABAP; S/4HANA; OData; RAP / CAP; Agile / Scrum; English,1785794296,https://himalayas.app/companies/sapfioneer/jobs/senior-abap-developer-c4m-canada,"Do you want to be part of a new, fast-growing global company delivering the next generation of software solutions for the financial services industry? As a spin-off from SAP (a market leader in enterprise application software), SAP Fioneer builds on a heritage of outstanding technology and a deep understanding of corporate and consumer demands. This gives us a head start to bring financial services to the next level "
695c05755654130e,himalayas,Senior ABAP Developer - C4M (USA),SAP Fioneer,United States,United States,True,Not disclosed,,,,annual,Core SAP delivery role,Technical / Development,Lead / Manager,S/4HANA; ABAP / Development; BTP / Integration,ABAP; S/4HANA; OData; RAP / CAP; Agile / Scrum; English,1785747866,https://himalayas.app/companies/sapfioneer/jobs/senior-abap-developer-c4m-usa,"Do you want to be part of a new, fast-growing global company delivering the next generation of software solutions for the financial services industry? As a spin-off from SAP (a market leader in enterprise application software), SAP Fioneer builds on a heritage of outstanding technology and a deep understanding of corporate and consumer demands. This gives us a head start to bring financial services to the next level "
19c4cdec0221563a,himalayas,Senior SAP ABAP Engineer,SAP Fioneer,Germany,Germany,True,Not disclosed,,,,annual,Core SAP delivery role,Technical / Development,Senior,S/4HANA; ABAP / Development; BTP / Integration; Fiori / UI5; HANA / Data,ABAP; S/4HANA; SAP HANA; SAP BTP; SAP Fiori; SAPUI5 / UI5; OData; CDS Views; RAP / CAP; Agile / Scrum; English,1784996691,https://himalayas.app/companies/sapfioneer/jobs/senior-sap-abap-engineer,"Innovation is and will always be the core of SAP Fioneer , and it is the promise of why we were spun out of SAP: agility, innovation, and delivery. SAP Fioneer builds on a heritage of outstanding technology and a deep understanding of corporate and consumer demands. At the heart of it all it is simple: We bring financial services to the next level with innovative software solutions and platforms. We are helping compa"
bb1e18ccb783e668,himalayas,Senior SAP ABAP Engineer (Banking AMS),SAP Fioneer,Romania,Romania,True,Not disclosed,,,,annual,Core SAP delivery role,Technical / Development,Senior,S/4HANA; ABAP / Development; BTP / Integration; Fiori / UI5,ABAP; S/4HANA; SAP Fiori; SAPUI5 / UI5; OData; CDS Views; RAP / CAP; English; German,1786037359,https://himalayas.app/companies/sapfioneer/jobs/senior-sap-abap-engineer-banking-ams,"Innovation is and will always be the core of SAP Fioneer , and it is the promise of why we were spun out of SAP: agility, innovation, and delivery. SAP Fioneer builds on a heritage of outstanding technology and a deep understanding of corporate and consumer demands. At the heart of it all it is simple: We bring financial services to the next level with innovative software solutions and platforms. We are helping compa"
aea5ec3808bbe2df,himalayas,Cloud Developer,SAPSOL Technologies Inc.,Germany,Germany,True,Not disclosed,,,,annual,SAP module/technical requirement,Technical / Development,Mid / Unspecified,ABAP / Development,ABAP,1787444948,https://himalayas.app/companies/sapsol-technologies-inc/jobs/cloud-developer,"A Cloud Developer is responsible for the analysis, development, implementation, and maintenance of cloud-based applications and services. The role requires a deep understanding of the AWS cloud platform and related technologies. Cloud Developers work closely with other developers, architects, and IT professionals to ensure that the developed solutions meet business requirements. Required Skills and Experience: Must: "
3e78559c03059ff3,himalayas,Entry Level of SAP Training - Paid,SAPSOL Technologies Inc.,United States,United States,True,Not disclosed,,,,annual,SAP-titled role,Basis / Security,Entry / Intern,S/4HANA; ABAP / Development; BTP / Integration; Basis / Security; FI / CO / FICO; MM / Procurement; SD / Sales; PP / QM / Manufacturing; TM / GTS / Supply Chain; HCM / SuccessFactors,ABAP; S/4HANA; SAP BTP; FICO; SAP MM; SAP SD; SAP PP; SuccessFactors,1787395444,https://himalayas.app/companies/sapsol-technologies-inc/jobs/entry-level-of-sap-training-paid,"Job Overview We are looking for motivated and career-oriented candidates to join our SAP Training and Development Program . This opportunity is designed for recent graduates, entry-level professionals, and individuals looking to build a career in SAP. Selected candidates will receive structured training on SAP S/4HANA , SAP business processes, functional concepts, and hands-on project scenarios. Candidates will have "
9f9db54236f1a5f0,himalayas,"Entry-Level SAP Success Factor Consultant, Remote",SAPSOL Technologies Inc.,United States,United States,True,Not disclosed,,,,annual,Core SAP delivery role,Technical / Development,Entry / Intern,MM / Procurement; HCM / SuccessFactors,SAP MM; SuccessFactors,1787344479,https://himalayas.app/companies/sapsol-technologies-inc/jobs/entry-level-sap-success-factor-consultant-remote-5273945154,"SAPSOL Technologies Inc. is actively seeking freshers who are passionate about SAP and eager to start their careers as SAP MM Consultants. If you are a recent graduate or someone with little to no prior work experience and you have a passion for SAP and are eager to work in cutting-edge technology areas, this could be an excellent opportunity to kick start your career. What you will learn- Lead and manage end-to-end "
34d83471ddeef505,himalayas,RFP & Proposal Writer - Contract,SAPSOL Technologies Inc.,India,India,True,Not disclosed,,,,annual,SAP module/technical requirement,Technical / Development,Mid / Unspecified,S/4HANA; BTP / Integration; MM / Procurement,S/4HANA; SAP BTP,1788164179,https://himalayas.app/companies/sapsol-technologies-inc/jobs/rfp-proposal-writer-contract,"We are looking for an experienced SAP Technical RFP Writer to support the preparation of high-quality RFP, RFI, RFQ and proposal responses for SAP implementation, transformation, AMS and staffing opportunities. · Key Responsibilities Review RFP requirements, scope, evaluation criteria and compliance requirements. Develop technical and functional proposal responses in collaboration with SAP SMEs. Prepare solution appr"
c42c61bdf6f2082b,himalayas,SAP Abap,SAPSOL Technologies Inc.,India,India,True,Not disclosed,,,,annual,SAP-titled role,Technical / Development,Senior,S/4HANA; ABAP / Development; BTP / Integration; Fiori / UI5; FI / CO / FICO,ABAP; S/4HANA; SAP Fiori; SAPUI5 / UI5; OData; CDS Views; RAP / CAP; FICO,1788061046,https://himalayas.app/companies/sapsol-technologies-inc/jobs/sap-abap,"Hiring an SAP ABAP Developer with strong knowledge in both ECC and S/4HANA development frameworks. Domain experience in Mining or Oil & Gas is an advantage. Key Responsibilities Develop and support custom programs, reports, enhancements (BADIs/BAPIs), smart forms, and Fiori/UI5 apps. Work with functional consultants across MM, FICO, PM, PS, HR, and SD. Develop CDS views, OData services, and RAP models for S/4HANA. Su"
d8e47720214dd8ee,himalayas,SAP EWM Functional Analyst,SAPSOL Technologies Inc.,Canada,Canada,True,Not disclosed,,,,annual,Core SAP delivery role,Technical / Development,Senior,Fiori / UI5; EWM / WM / Logistics,SAP Fiori; SAP EWM; English,1788191657,https://himalayas.app/companies/sapsol-technologies-inc/jobs/sap-ewm-functional-analyst,"EWM Outbound process Certifications/Industry Expertise: Consumer Packaged Goods Over 5 years of functional and technical experience in EWM (integration points, master data alignment, inventory, HU, TU, inbound/outbound processing) GAP identification with standard functionalities (requirement gathering) Functional design for RICEFW Led and presented EWM workshops in front of client Logistic execution FIORI experience "
ddaab94f90d096bc,himalayas,SAP Finance & Controlling,SAPSOL Technologies Inc.,India,India,True,Not disclosed,,,,annual,SAP-titled role,Technical / Development,Mid / Unspecified,S/4HANA; Fiori / UI5; FI / CO / FICO,S/4HANA; SAP Fiori; FICO,1788055791,https://himalayas.app/companies/sapsol-technologies-inc/jobs/sap-finance-controlling,"We are seeking an SAP FICO Consultant with strong functional knowledge in both ECC and S/4HANA Finance and Controlling . Domain expertise in Mining or Oil & Gas is highly desired. Key Responsibilities Configure and support FI and CO modules (GL, AP, AR, AA, CCA, PCA, COPA). Work on migration projects from ECC to S/4HANA (New GL, Universal Ledger). Design financial process improvements and automation solutions. Suppor"
a7275670116d5ddd,himalayas,SAP Freshers Training & Project Implementation Program- Remote,SAPSOL Technologies Inc.,Canada,Canada,True,Not disclosed,,,,annual,SAP-titled role,Technical / Development,Mid / Unspecified,ABAP / Development; HANA / Data; FI / CO / FICO; HCM / SuccessFactors,ABAP; SAP HANA; FICO; SuccessFactors,1786538158,https://himalayas.app/companies/sapsol-technologies-inc/jobs/sap-freshers-training-project-implementation-program-remote,"SAPSOL technologies Inc is looking for SAP consultants in the FICO, SD, MM, HCM, Success Factors, BIBO, PS, PP, ABAP, Hana Cloud, and BASIS to implement the project for SPIL (SAPSOL Product Innovation Lab) project program. We are specialized SAP, Cloud, and Big Data consulting company. The project is ideal for candidates who want to work in real time world and new technology areas to get gainful employment after comp"
b1ea6300ec639041,himalayas,SAP HR & Payroll ( ECC + SFSF module,SAPSOL Technologies Inc.,India,India,True,Not disclosed,,,,annual,SAP-titled role,Technical / Development,Mid / Unspecified,BTP / Integration; HCM / SuccessFactors,CPI / Integration Suite; SuccessFactors,1788082441,https://himalayas.app/companies/sapsol-technologies-inc/jobs/sap-hr-payroll-ecc-sfsf-module,"Hiring an SAP HR Consultant with experience in SAP ECC HCM and SuccessFactors (SFSF) modules. Candidate should have strong HR processes and payroll expertise, ideally for Mining or O&G workforce environments. Key Responsibilities Configure and support SAP ECC HCM modules: PA, OM, Time Management, Payroll. Implement and support SFSF modules (Employee Central, Talent, Recruitment, etc.). Perform integration between ECC"
d3ebe6fcc9b605f3,himalayas,SAP MM Solution Architect,SAPSOL Technologies Inc.,India,India,True,Not disclosed,,,,annual,Core SAP delivery role,Architecture,Mid / Unspecified,ABAP / Development; Fiori / UI5; MM / Procurement; EWM / WM / Logistics,ABAP; SAP Fiori; SAP MM,1788155305,https://himalayas.app/companies/sapsol-technologies-inc/jobs/sap-mm-solution-architect,"The SAP MM Solution Architect will support global Business Units and collaborate closely with business stakeholders, functional teams, and application developers to design, enhance, and support mission-critical applications within the SAP Procure-to-Pay (PTP) landscape. This includes SAP Material Management (MM), OpenText VIM, Fiori applications, SRM tools, and all related procurement/inventory interfaces. The role i"
8ab11ba70a88e1e3,himalayas,SAP Materials Management,SAPSOL Technologies Inc.,India,India,True,Not disclosed,,,,annual,SAP-titled role,Technical / Development,Lead / Manager,S/4HANA; Fiori / UI5; FI / CO / FICO; MM / Procurement,S/4HANA; SAP Fiori; FICO; SAP MM,1788046941,https://himalayas.app/companies/sapsol-technologies-inc/jobs/sap-materials-management,"Job Description Position Overview Seeking an experienced SAP MM Consultant with hands-on expertise in ECC and S/4HANA . The ideal candidate should have strong knowledge of procurement, inventory management, and logistics processes, preferably within Mining or Oil & Gas domain. Key Responsibilities Lead and support SAP MM implementation, enhancement, and support activities (ECC & S/4HANA). Configure and support proces"
c43e46d74eae7c38,himalayas,SAP Plant Maintenance,SAPSOL Technologies Inc.,India,India,True,Not disclosed,,,,annual,SAP-titled role,Technical / Development,Lead / Manager,S/4HANA; ABAP / Development; Fiori / UI5; FI / CO / FICO; MM / Procurement; PM / Asset Management,ABAP; S/4HANA; SAP Fiori; FICO; SAP MM,1788047717,https://himalayas.app/companies/sapsol-technologies-inc/jobs/sap-plant-maintenance,"Position Overview We are seeking an experienced SAP PM (Plant Maintenance) Consultant with strong hands-on expertise in SAP ECC and SAP S/4HANA environments. The ideal candidate will have deep functional knowledge of PM processes and proven experience supporting or implementing SAP solutions within the Mining or Oil & Gas industry. Key Responsibilities Lead or support end-to-end implementation, enhancement, and suppo"
30a2422d5e53bf60,himalayas,SAP S/4HANA Project Experience & Consulting Exposure Program,SAPSOL Technologies Inc.,United States,United States,True,Not disclosed,,,,annual,SAP-titled role,Functional Consulting,Mid / Unspecified,S/4HANA,S/4HANA,1787481375,https://himalayas.app/companies/sapsol-technologies-inc/jobs/sap-s-4hana-project-experience-consulting-exposure-program-5775266206,"SAPSOL Technologies Inc. is offering a structured SAP Project Experience & Consulting Exposure Program designed for SAP-trained individuals seeking additional exposure to SAP S/4HANA consulting environments, implementation workflows, and project collaboration practices. Conducted through the SAPSOL Product Innovation Lab (SPIL), the program is intended to help participants strengthen their understanding of SAP consul"
e10ea69a8bc72fd8,himalayas,SAP S/4HANA Project Experience & Consulting Exposure Program,SAPSOL Technologies Inc.,India,India,True,Not disclosed,,,,annual,SAP-titled role,Functional Consulting,Mid / Unspecified,S/4HANA,S/4HANA,1787462644,https://himalayas.app/companies/sapsol-technologies-inc/jobs/sap-s-4hana-project-experience-consulting-exposure-program,"SAP S/4HANA Project Experience & Consulting Exposure Program (Remote) India Cohort | North America Consulting Exposure SAPSOL Technologies Inc. is offering a structured SAP S/4HANA Project Experience & Consulting Exposure Program designed for SAP-trained individuals seeking additional exposure to SAP consulting environments, implementation workflows, and collaborative project practices commonly followed in enterprise"
1d4b02e2f422e6f3,himalayas,SAP S/4HANA Project Manager,SAPSOL Technologies Inc.,Canada,Canada,True,Not disclosed,,,,annual,Core SAP delivery role,Project / Program,Lead / Manager,S/4HANA,S/4HANA,1787423783,https://himalayas.app/companies/sapsol-technologies-inc/jobs/sap-s-4hana-project-manager,"Tools/Tech SAP S/4HANA, SAP Activate, Integration & Data Migration tools, Testing & Training frameworks, PM/RAID tooling (e.g., RAID logs, status dashboards) About the Team & Impact Join a SAP delivery team to lead a complex, multi‑site S/4HANA transformation for a public sector organization. You will drive the end‑to‑end program, from initiation through deployment and stabilization, ensuring delivery to scope, sched"
954c082037b2d234,himalayas,SAP Technical RFP Writer,SAPSOL Technologies Inc.,India,India,True,Not disclosed,,,,annual,SAP-titled role,Technical / Development,Mid / Unspecified,S/4HANA; BTP / Integration; MM / Procurement,S/4HANA; SAP BTP,1787445773,https://himalayas.app/companies/sapsol-technologies-inc/jobs/sap-technical-rfp-writer,"Role Overview We are looking for an experienced SAP Technical RFP Writer to support the preparation of high-quality RFP, RFI, RFQ and proposal responses for SAP implementation, transformation, AMS and staffing opportunities. Key Responsibilities Review RFP requirements, scope, evaluation criteria and compliance requirements. Develop technical and functional proposal responses in collaboration with SAP SMEs. Prepare s"
8ca95b3c4ef7b90a,himalayas,SAP Training,SAPSOL Technologies Inc.,United States,United States,True,Not disclosed,,,,annual,SAP-titled role,Technical / Development,Mid / Unspecified,S/4HANA; ABAP / Development; BTP / Integration; FI / CO / FICO; MM / Procurement; SD / Sales; HCM / SuccessFactors,ABAP; S/4HANA; SAP BTP; FICO; SAP MM; SAP SD; SuccessFactors,1787397846,https://himalayas.app/companies/sapsol-technologies-inc/jobs/sap-training-3106954987,"We are looking for candidates interested in building their career in SAP through structured training and project-oriented learning. What We Offer: SAP training with practical, project-based learning Guidance from experienced SAP professionals Exposure to real-time SAP project scenarios Opportunity to strengthen your SAP skills Suitable for candidates looking to start or transition into an SAP career Ideal Candidates:"
7b22a98529ad9a27,himalayas,Sap Project System,SAPSOL Technologies Inc.,India,India,True,Not disclosed,,,,annual,SAP-titled role,Data / Analytics,Senior,S/4HANA; FI / CO / FICO,S/4HANA; FICO,1788033301,https://himalayas.app/companies/sapsol-technologies-inc/jobs/sap-project-system,"Position Overview We are looking for an SAP PS Consultant with practical experience in ECC and S/4HANA , especially with active WBS, networks, and budgeting. Mining or Oil & Gas project execution knowledge preferred. Key Responsibilities Configure WBS structures, networks, activities, milestones, and settlements. Support capital project planning, shutdown/turnaround projects, and investment management. Integrate with"
2d1eae5b8d789637,himalayas,SuccessFactors Payroll Consultant,SAPSOL Technologies Inc.,Canada,Canada,True,Not disclosed,,,,annual,Core SAP delivery role,Data / Analytics,Lead / Manager,HCM / SuccessFactors,SuccessFactors,1787344417,https://himalayas.app/companies/sapsol-technologies-inc/jobs/successfactors-payroll-consultant-2454787953,"Responsibilities Lead HCM data migration workshops ; define scope, deliverables, and quality bars. Serve as the functional SME for SuccessFactors Payroll , aligning configuration with business rules. Map and validate HR core processes (payroll, benefits, time, org management) with stakeholders. Document functional specs and data requirements to support build, test, and deployment. Coordinate with technical teams duri"
02fad8084166001d,himalayas,🔥 CAREER OPPORTUNITY: Entry-Level SAP Consultants & Trainees (USA & Canada) 🔥,SAPSOL Technologies Inc.,Canada,Canada,True,Not disclosed,,,,annual,SAP-titled role,Basis / Security,Entry / Intern,S/4HANA; ABAP / Development; Basis / Security; HANA / Data; FI / CO / FICO; MM / Procurement; SD / Sales; HCM / SuccessFactors,ABAP; S/4HANA; FICO; SAP MM; SAP SD; SuccessFactors; SAP BW / BI,1786721101,https://himalayas.app/companies/sapsol-technologies-inc/jobs/career-opportunity-entry-level-sap-consultants-trainees-usa-canada,"Are you a recent graduate, career changer, or new immigrant to North America looking to build a high-paying career in enterprise technology? SAPSOL Technologies Inc. is actively sourcing and onboarding Entry-Level SAP Consultants for our upcoming enterprise implementation pipelines across North America! 🎓 Target SAP Modules: Functional: SAP FICO | SAP SD | SAP MM | SAP HCM / SuccessFactors Technical: SAP ABAP | SAP S"
3fb88a7ab94c021f,himalayas,Customer Delivery Lead,SD Worx,Poland,Poland,True,Not disclosed,,,,annual,SAP module/technical requirement,Functional Consulting,Lead / Manager,S/4HANA; HCM / SuccessFactors,S/4HANA; SuccessFactors; Agile / Scrum; English,1787369792,https://himalayas.app/companies/sd-worx/jobs/customer-delivery-lead,"SD Worx is a leading European provider of Payroll & HR services with global reach. We have offices in Europe and Mauritius. Our goal? We bring people solutions to life and turn HR into a value source for our clients and their people. Our people solutions span the entire employee journey, from salary payment to attracting, rewarding, and developing talent. Are you ready to join us? We are looking for Customer Delivery"
b79c6db75f0c34c3,himalayas,Payroll Senior Specialist - Nordic countries,SD Worx,Belgium,Belgium,True,Not disclosed,,,,annual,SAP module/technical requirement,Technical / Development,Senior,HCM / SuccessFactors,SuccessFactors; Concur; English,1785358320,https://himalayas.app/companies/sd-worx/jobs/payroll-senior-specialist-nordic-countries,"About SD Worx SD Worx is a leading European provider of Payroll & HR services with global reach. We have offices across Europe and in Mauritius. Our purpose is to bring people solutions to life, enabling organisations of all sizes to turn Human Resources into a source of value for both the business and its people. Our people solutions cover the entire employee journey – from getting people paid to attracting, rewardi"
980d65fdfdcb8107,himalayas,SAP Architecture and Integration Consultant,SD Worx,Poland,Poland,True,Not disclosed,,,,annual,Core SAP delivery role,Technical / Development,Mid / Unspecified,ABAP / Development; BTP / Integration; Fiori / UI5; HCM / SuccessFactors,ABAP; SAP Fiori; SAPUI5 / UI5; CPI / Integration Suite; PI/PO; SuccessFactors; English,1788020873,https://himalayas.app/companies/sd-worx/jobs/sap-architecture-and-integration-consultant,"SD Worx is a leading European provider of Payroll & HR services with global reach. We have offices in Europe and Mauritius. Our goal? We bring people solutions to life and turn HR into a value source for our clients and their people. Our people solutions span the entire employee journey, from salary payment to attracting, rewarding, and developing talent. Are you ready to join us? About the role: Join our dynamic tea"
3c887bee5f0d3b62,himalayas,SAP Functional Solution Architect (m/f/d),SD Worx,Germany,Germany,True,Not disclosed,,,,annual,Core SAP delivery role,Architecture,Mid / Unspecified,HCM / SuccessFactors,SuccessFactors; English; German,1788182704,https://himalayas.app/companies/sd-worx/jobs/sap-functional-solution-architect-m-f-d,"About SD Worx SD Worx is a leading European provider of Payroll & HR services with global reach. We have offices across Europe and in Mauritius. Our purpose is to bring people solutions to life, enabling organisations of all sizes to turn Human Resources into a source of value for both the business and its people. Our people solutions cover the entire employee journey – from getting people paid to attracting, rewardi"
5eddee366f2c4a60,himalayas,SAP PY Advanced Consultant,SD Worx,Poland,Poland,True,Not disclosed,,,,annual,Core SAP delivery role,Technical / Development,Senior,ABAP / Development; HCM / SuccessFactors,ABAP; SuccessFactors; English,1788033703,https://himalayas.app/companies/sd-worx/jobs/sap-py-advanced-consultant,"SD Worx is a leading European provider of Payroll & HR services with global reach. We have offices in Europe and Mauritius. Our goal? We bring people solutions to life and turn HR into a value source for our clients and their people. Our people solutions span the entire employee journey, from salary payment to attracting, rewarding, and developing talent. Are you ready to join us? About the Role We are looking for an"
43665ea3f473f344,himalayas,SAP BW Consultant,SDG Group,Spain,Spain,True,Not disclosed,,,,annual,Core SAP delivery role,Technical / Development,Mid / Unspecified,ABAP / Development; HANA / Data,ABAP; SAP BW / BI; SAP Analytics Cloud; Datasphere,1788040805,https://himalayas.app/companies/sdg-group/jobs/sap-bw-consultant,"¡Hola, Data Lover! 💙 ¿Quieres llevar tus habilidades en Data, Analytics & IA al siguiente nivel? 🚀. Somos líderes globales, trabajamos con la mitad del IBEX-35 y no paramos de crecer desde 1994. Si te apasionan los datos, ¡únete a nosotrxs! ✨📊 ¿Cuál será tu misión? ✍ Participarás en la toma de requerimientos para proyectos y evolutivos de Business Intelligence de entornos SAP. Realizarás el diseño técnico de la mano "
fd62dbf8d2ad3061,himalayas,SAP ARIBA Consultor,SIBIOS,United States,United States,True,Not disclosed,,,,annual,SAP-titled role,Other SAP-Related,Mid / Unspecified,MM / Procurement,Ariba,1784022119,https://himalayas.app/companies/sibios/jobs/sap-ariba-consultor,"SIBIOS necesita un Consultores SAP ARIBA en tiempo parcial, 100% remoto durante dos dos años. Proyecto de soporte Nivel 2 (corrección de errores) y nivel 3 (mejoras y proyectos pequeños). Procesar y resolver Incidentes de SAP Ariba L2 en coordinación con otros niveles de soporte. Proporcionar análisis de causa raíz (Gestión de Incidentes) Proceso estándar de SAP Ariba Solicitudes (Gestión de Solicitudes) Implementaci"
25812e824e2eee1e,himalayas,SAP Fiori BTP Consultor,SIBIOS,United States,United States,True,Not disclosed,,,,annual,SAP-titled role,Technical / Development,Mid / Unspecified,ABAP / Development; BTP / Integration; Fiori / UI5; HANA / Data; FI / CO / FICO; HCM / SuccessFactors,ABAP; SAP HANA; SAP BTP; SAP Fiori; OData; FICO; SuccessFactors,1784014596,https://himalayas.app/companies/sibios/jobs/sap-fiori-btp-consultor,"SIBIOS necesita un Desarrollador SAP Fiori BTP para nuestro cliente, ﻿en tiempo parcial, 100% remoto durante dos años.﻿ Fuerte conocimiento del entorno de desarrollo SAP Fiori y SAP BTP, que incluye creación de prototipos y especificaciones técnicas. Experto en Servicios de Soporte y Mejora Continua de aplicaciones SAP-FIORI en entornos (BTP-Business Technology Platform y BSP-Back-end) incluyendo todos los servicios "
4a189d0e9a8d97bc,himalayas,SAP MII Consultor para Soporte,SIBIOS,United States,United States,True,Not disclosed,,,,annual,SAP-titled role,Technical / Development,Lead / Manager,ABAP / Development; BTP / Integration; FI / CO / FICO; HCM / SuccessFactors,ABAP; SAP BTP; FICO; SuccessFactors,1783975938,https://himalayas.app/companies/sibios/jobs/sap-mii-consultor-para-soporte,"SIBIOS necesita un Consultor de Soporte SAP MII para nuestro cliente, ﻿en tiempo parcial, 100% remoto durante dos años. Fuerte conocimiento del entorno de soporte de SAP MII. Experto en Servicios de Soporte y Mejora Continua de aplicaciones SAP MII. Experto en Resolución de errores e incidencias relativas a SAP MII, integraciones, aplicaciones BTP y relaciones de tecnologías (SAP-ABAP y otras) involucradas en el corr"
8edc7ea325f05b64,himalayas,"Sr. Manager, HR Technology",Safelite,United States,United States,True,Not disclosed,,,,annual,SAP module/technical requirement,Technical / Development,Lead / Manager,HCM / SuccessFactors,SuccessFactors; Agile / Scrum,1788052082,https://himalayas.app/companies/safelite/jobs/sr-manager-hr-technology,"Does this position interest you? You should apply –even if you don’t match every single requirement! We're known as an auto glass company. That's the focus of what we do. But beyond the glass, we're so much more. We'll help you build a fulfilling career and encourage you to have a life. Let us be the best place you'll ever work. Does this position interest you? You should apply – even if you don’t match every single "
e50de1735666ee2e,himalayas,Global People Data & Technology Specialist,Sage,United States,United States,True,Not disclosed,,,,annual,SAP module/technical requirement,Technical / Development,Mid / Unspecified,HCM / SuccessFactors,SuccessFactors,1787373411,https://himalayas.app/companies/sage/jobs/global-people-data-technology-specialist,"The Global People Data & Technology Specialist is part of a forward-thinking People & Culture team responsible for administering, optimizing, and evolving Sage ’s global HR technology ecosystem, including learning, performance, HRIS, compensation, and related platforms. This role combines hands-on HR technology expertise, strong analytical thinking, and a continuous improvement attitude to solve complex problems at t"
ba515d2949a73179,himalayas,SAP PO/CI Consultant,Sales Consulting,Romania,Romania,True,Not disclosed,,,,annual,Core SAP delivery role,Technical / Development,Mid / Unspecified,ABAP / Development; BTP / Integration,ABAP; SAP BTP; CPI / Integration Suite; PI/PO; English; German,1786526060,https://himalayas.app/companies/sales-consulting/jobs/sap-po-ci-consultant,"Are you excited by the challenge of modernizing enterprise integration landscapes and shaping how systems talk to each other across a global organization? As an SAP PO / CI Consultant, you will join Enterprise Application Integration team and become a core part of our growing Data & Integration hub. You will work hands-on with SAP Process Orchestration (PO) and SAP Cloud Integration (CI), supporting the strategic mig"
5808325aa454cfbd,himalayas,"Administrative Assistant, ERP",Sciens Building Solutions,United States,United States,True,Not disclosed,,,,annual,SAP module/technical requirement,Data / Analytics,Junior,S/4HANA,S/4HANA,1786855030,https://himalayas.app/companies/sciens-building-solutions/jobs/administrative-assistant-erp,"THE POSITION IN A NUTSHELL Sciens Building Solutions is seeking a detail-oriented, organized Administrative Assistant to support our ERP Project Management Office. This is a junior-level role that requires prior hands-on experience supporting the delivery of complex ERP solutions based on SAP systems. Experience with SAP S/4HANA Public Cloud is a strong plus. The successful candidate will provide essential administra"
01909e7ebbc401a6,himalayas,ERP Functional Trainer - Project Delivery,Sciens Building Solutions,United States,United States,True,Not disclosed,,,,annual,SAP module/technical requirement,Technical / Development,Mid / Unspecified,S/4HANA; Fiori / UI5; FI / CO / FICO; MM / Procurement,S/4HANA; SAP Fiori; FICO; Agile / Scrum,1785747577,https://himalayas.app/companies/sciens-building-solutions/jobs/erp-functional-trainer-project-delivery,"ERP Functional Trainer - Project Delivery THE POSITION IN A NUTSHELL We are seeking an experienced Trainer who will be responsible for designing, developing, and delivering comprehensive end-user and super-user training in support of the end-to-end Project Execution Processes. Initially the focus will be on delivering SAP S/4 Project Systems and Procore as part of an enterprise-wide transformation program. Over time "
446042f8b7caf5c2,himalayas,Fullstack SAP developer ABAP & SAP UI5,SecurityBridge,Germany,Germany,True,Not disclosed,,,,annual,Core SAP delivery role,Basis / Security,Mid / Unspecified,S/4HANA; ABAP / Development; BTP / Integration; Fiori / UI5; Basis / Security,ABAP; S/4HANA; SAPUI5 / UI5; OData; GRC / Security; Agile / Scrum,1785418465,https://himalayas.app/companies/securitybridge/jobs/fullstack-sap-developer-abap-sap-ui5,"SecurityBridge is a fast-growing global software leader transforming how enterprises secure their SAP environments. Our mission is to deliver cutting-edge, high-impact SAP security solutions that enable some of the world’s largest organizations to stay ahead of ever-evolving cyber threats. As an SAP Developer, you will be responsible for designing, developing, and maintaining SAP solutions. You will play a crucial ro"
b23008be296ef484,himalayas,Business Analyst with expertise in SAP SuccessFactors and Data Integration,Sequoia Connect,Mexico,Mexico,True,Not disclosed,,,,annual,Core SAP delivery role,Technical / Development,Mid / Unspecified,HCM / SuccessFactors,SuccessFactors; English,1786387729,https://himalayas.app/companies/sequoia-connect/jobs/business-analyst-with-expertise-in-sap-successfactors-and-data-integration,"Description At Sequoia Connect , we are a Talent-First Technology Ecosystem that redefines how elite professionals interact with the global digital landscape. We move beyond traditional models to act as a catalyst for the top 1% of global talent, connecting human potential with complex industrial execution. By joining our inner circle, you are not simply taking a position; you are aligning with a strategic partner de"
de290e1247a13f74,himalayas,SAP ABAP Fiori,Sequoia Connect,Mexico,Mexico,True,Not disclosed,,,,annual,SAP-titled role,Technical / Development,Mid / Unspecified,S/4HANA; ABAP / Development; BTP / Integration; Fiori / UI5; HANA / Data,ABAP; S/4HANA; SAP HANA; SAP Fiori; SAPUI5 / UI5; OData; CDS Views; RAP / CAP; IDoc; Agile / Scrum; English,1788240385,https://himalayas.app/companies/sequoia-connect/jobs/sap-abap-fiori,"Description At Sequoia Connect , we are a Talent-First Technology Ecosystem that redefines how elite professionals interact with the global digital landscape. We move beyond traditional models to act as a catalyst for the top 1% of global talent, connecting human potential with complex industrial execution. By joining our inner circle, you are not simply taking a position; you are aligning with a strategic partner de"
5fe8b9de6a8c1693,himalayas,SAP FICO Consultant,Sequoia Connect,Mexico,Mexico,True,Not disclosed,,,,annual,Core SAP delivery role,Technical / Development,Mid / Unspecified,S/4HANA; ABAP / Development; BTP / Integration; Fiori / UI5; HANA / Data; FI / CO / FICO,ABAP; S/4HANA; SAP Fiori; IDoc; FICO; SAP BW / BI; SAP Analytics Cloud; Agile / Scrum; English,1786694845,https://himalayas.app/companies/sequoia-connect/jobs/sap-fico-consultant,"Description At Sequoia Connect , we are a Talent-First Technology Ecosystem that redefines how elite professionals interact with the global digital landscape. We move beyond traditional models to act as a catalyst for the top 1% of global talent, connecting human potential with complex industrial execution. By joining our inner circle, you are not simply taking a position; you are aligning with a strategic partner de"
744eff90f3a54946,himalayas,SAP Success Factors Employee Central Consultant,Sequoia Connect,Mexico,Mexico,True,Not disclosed,,,,annual,Core SAP delivery role,Data / Analytics,Mid / Unspecified,HCM / SuccessFactors,SuccessFactors; Agile / Scrum; English,1786894479,https://himalayas.app/companies/sequoia-connect/jobs/sap-success-factors-employee-central-consultant,"Description At Sequoia Connect , we are a Talent-First Technology Ecosystem that redefines how elite professionals interact with the global digital landscape. We move beyond traditional models to act as a catalyst for the top 1% of global talent, connecting human potential with complex industrial execution. By joining our inner circle, you are not simply taking a position; you are aligning with a strategic partner de"
96528edbd362ec81,himalayas,Talent Project Manager,Sequoia Connect,Mexico,Mexico,True,Not disclosed,,,,annual,SAP module/technical requirement,Project / Program,Lead / Manager,HCM / SuccessFactors,SuccessFactors; Agile / Scrum; English,1788004363,https://himalayas.app/companies/sequoia-connect/jobs/talent-project-manager,"Description At Sequoia Connect , we are a Talent-First Technology Ecosystem that redefines how elite professionals interact with the global digital landscape. We move beyond traditional models to act as a catalyst for the top 1% of global talent, connecting human potential with complex industrial execution. By joining our inner circle, you are not simply taking a position; you are aligning with a strategic partner de"
bd55ddb92b3a3462,himalayas,Senior Solution Sales Executive - Finance & Supply Chain Solutions,ServiceNow,United States,United States,True,Not disclosed,,,,annual,SAP module/technical requirement,Data / Analytics,Lead / Manager,MM / Procurement,Ariba,1786205832,https://himalayas.app/companies/servicenow/jobs/senior-solution-sales-executive-finance-supply-chain-solutions,"About the Role ServiceNow empowers organizations with AI-driven autonomous workflows to streamline operations and achieve results. We seek an experienced solution sales specialist with business expertise and technical skills to drive growth for our Finance, Procurement, and Legal Workflow solutions. This quota carrying sales role will partner with enterprise sales teams to identify opportunities, lead strategic disco"
19906c67689b1650,himalayas,Solution Sales Executive - Finance & Supply Chain Solutions,ServiceNow,United Kingdom,United Kingdom,True,Not disclosed,,,,annual,SAP module/technical requirement,Data / Analytics,Lead / Manager,MM / Procurement,Ariba,1787537063,https://himalayas.app/companies/servicenow/jobs/solution-sales-executive-finance-supply-chain-solutions-3095922432,"About the Role ServiceNow empowers organizations with AI-driven autonomous workflows to streamline operations and achieve results. We seek an experienced solution sales specialist with business expertise and technical skills to drive growth for our Finance, Procurement, and Legal Workflow solutions. This quota carrying sales role will partner with enterprise sales teams to identify opportunities, lead strategic disco"
3fd3a9f711c3ca5e,himalayas,"Senior SAP S/4HANA Finance & Tax Transformation Expert (Freelance, Remote EU/CH)",Sidekick Network GmbH & Co. KG,Germany,Germany,True,Not disclosed,,,,annual,SAP-titled role,Technical / Development,Senior,S/4HANA; FI / CO / FICO,S/4HANA; English,1786743244,https://himalayas.app/companies/sidekick-network-gmbh-co-kg/jobs/senior-sap-s-4hana-finance-tax-transformation-expert-freelance-remote-eu-ch,"We are supporting a global S/4HANA rollout program for an international organization. As part of the ongoing deployment activities, we are looking for experienced SAP Finance & Tax experts to support the rollout of the global template across multiple countries and business units. The focus of the role is to assess local Finance and Tax requirements, align them with the global S/4HANA template, and ensure compliant an"
923c3fa5fa039e14,himalayas,SAP Technical Architect / Manager,Sierre Technologies,United States,United States,True,Not disclosed,,,,annual,Core SAP delivery role,Architecture,Lead / Manager,S/4HANA; ABAP / Development; BTP / Integration; Fiori / UI5; Basis / Security; HANA / Data; EWM / WM / Logistics,S/4HANA; SAP HANA; SAP BTP; SAP Fiori; SAPUI5 / UI5; CPI / Integration Suite; OData; CDS Views; IDoc,1786742861,https://himalayas.app/companies/sierre-technologies/jobs/sap-technical-architect-manager,"Designing SAP S/4 Technical landscape, specifically the SAP Rise platform, including BTP Ultimate accountability and oversight for driving overall S4 HANA technical solution architecture from business idea to technical implementation. Play a key role in design reviews, identify gaps and recommend changes. drive modernization, keeping in mind complexity of the landscape. Articulate and document technical solutions to "
e20402705c53ac17,himalayas,"Mid Level SAP with S/4HANA, WM, MM, IM & Logistics Techno-Functional Consultant",Simple Software Solutions Group,United States,United States,True,Not disclosed,,,,annual,Core SAP delivery role,Data / Analytics,Lead / Manager,S/4HANA; BTP / Integration; HANA / Data; MM / Procurement; PP / QM / Manufacturing; EWM / WM / Logistics; TM / GTS / Supply Chain,S/4HANA; SAP HANA; IDoc; SAP MM; SAP PP,1787010002,https://himalayas.app/companies/simple-software-solutions-group/jobs/mid-level-sap-with-s-4hana-wm-mm-im-logistics-techno-functional-consultant,"Category: Health Care Location: Jacksonville Florida United States Mid Level SAP with S/4HANA, WM, MM, IM & Logistics Techno-Functional Consultant - Mostly Remote some travel to Canada Job Description SAP Warehouse Manager Role with S/4HANA, WM, Logistics and Supply Chain Mgmt experience. Havingat 1-2 full life cycle implementations and also support experience too.The candidate will lead the delivery of WM, MM & IM p"
b3b226e3844be7b7,himalayas,"SAP Support Manager with WM, Logistics & SCM - Remote with some Travel",Simple Software Solutions Group,United States,United States,True,Not disclosed,,,,annual,Core SAP delivery role,Technical / Development,Lead / Manager,S/4HANA; MM / Procurement; EWM / WM / Logistics; TM / GTS / Supply Chain,S/4HANA; SAP MM; SAP GTS; Ariba,1784845078,https://himalayas.app/companies/simple-software-solutions-group/jobs/sap-support-manager-with-wm-logistics-scm-remote-with-some-travel,"Category: Health Care Location: Jacksonville Florida United States SAP SupportManager Role with S/4HANA, WM, Logistics and Supply Chain Mgmt Techno-Functional Consultant - Mostly Remote some travel to Canada Job Description SAP SupportManager Role with S/4HANA, WM, Logistics and Supply Chain Mgmt experience. Havingat least three full life cycle implementations and also support experience too.The candidate will lead t"
3877f45df8c1f2ac,himalayas,Senior SAP DRC (Document & Reporting Compliance) Techno-Functional Consultant -,Simple Software Solutions Group,United States,United States,True,Not disclosed,,,,annual,Core SAP delivery role,Technical / Development,Senior,S/4HANA; BTP / Integration,S/4HANA; SAP BTP; CPI / Integration Suite,1785764809,https://himalayas.app/companies/simple-software-solutions-group/jobs/senior-sap-drc-document-reporting-compliance-techno-functional-consultant,"Category: Other Location: Jacksonville Florida United States Job Title: Senior SAP DRC (Document & Reporting Compliance) Techno-Functional Consultant Role Summary We are seeking a senior-level SAP DRC (Document & Reporting Compliance) techno-functional expert to advise on, scope, and support the implementation of SAP’s compliance and statutory reporting capabilities. This role will help the client understand the busi"
1e5b19a18ab07d29,himalayas,Senior SAP MM & PP functional Consultant - Remote,Simple Software Solutions Group,United States,United States,True,Not disclosed,,,,annual,Core SAP delivery role,Technical / Development,Senior,S/4HANA; Fiori / UI5; HANA / Data; FI / CO / FICO; MM / Procurement; PP / QM / Manufacturing,S/4HANA; SAP HANA; SAP Fiori; FICO; SAP MM,1786264479,https://himalayas.app/companies/simple-software-solutions-group/jobs/senior-sap-mm-pp-functional-consultant-remote-4594469622,"Category: Manufacturing Location: Jacksonville Florida United States Senior SAP MM & PP functional Consultant - Remote As a Senior SAP MM & PP functional Consultant, you will be a key player in the consulting team that helps work with the Global Team on this project based out of Germany where HQ is located for the client. You will help confirm and and define the As is to be for the USA implementation. Help evaluate t"
2c380386a386b397,himalayas,Senior SAP Solution Architect – SAP TM Transformation - Remote with some travel,Simple Software Solutions Group,United States,United States,True,Not disclosed,,,,annual,Core SAP delivery role,Architecture,Senior,S/4HANA; BTP / Integration; Basis / Security; EWM / WM / Logistics; TM / GTS / Supply Chain,S/4HANA; PI/PO; IDoc; SAP TM,1787401633,https://himalayas.app/companies/simple-software-solutions-group/jobs/senior-sap-solution-architect-sap-tm-transformation-remote-with-some-travel,"Category: Manufacturing Location: Jacksonville Florida United States Senior SAP Solution Architect / Chief Architect – SAP TM Transformation - Remote with some travel Skills & Experience Deep hands-on experience with SAP Transportation Management (TM) and SAP LE-TRA (Logistics Execution – Transportation). Preferably SAP TM certified. Strong experience with LE-TRA to SAP TM transformation in complex, highly integrated"
e2fe5bb69297b544,himalayas,Sr Techno-functional SAP S/4HANA Data Migration & Integration Lead - Remote,Simple Software Solutions Group,United States,United States,True,Not disclosed,,,,annual,Core SAP delivery role,Technical / Development,Lead / Manager,S/4HANA; BTP / Integration; Fiori / UI5,S/4HANA; SAP BTP; SAP Fiori; OData; IDoc,1787949150,https://himalayas.app/companies/simple-software-solutions-group/jobs/sr-techno-functional-sap-s-4hana-data-migration-integration-lead-remote,"Category: Manufacturing Location: Jacksonville Florida United States Sr Techno-functional SAP S/4HANA Data Migration & Integration Lead If there is ANY TRAVEL the Client pays all travel expenses Start Date: Immediate Start Job Type: 6-12 Month contract Work with business users to identify all data that needs to be migrated from legacy systems. Analyze the source data structure, fields, and values. Identify data quali"
0fd97a4bcffa4fb3,himalayas,Sr. SAP S/4 - SAP FICO / functional - Remote,Simple Software Solutions Group,United States,United States,True,Not disclosed,,,,annual,SAP-titled role,Technical / Development,Lead / Manager,S/4HANA; ABAP / Development; Fiori / UI5; FI / CO / FICO,ABAP; S/4HANA; SAP Fiori; FICO; SAP Analytics Cloud,1783651285,https://himalayas.app/companies/simple-software-solutions-group/jobs/sr-sap-s-4-sap-fico-functional-remote,"Category: Government/Military Location: Jacksonville Florida United States Sr. SAP S/4 - SAP FICO - functional Consultants - 100% Remote We are seeking an experienced SAP FICO Functional Consultant to support a critical SAP finance initiative within a highly regulated DOD environment. This role will partner with finance and IT teams to deliver configuration, enhancements, specializing in ACH payment processing and su"
7453c0f7de90964e,himalayas,Sr. SAP S/4 - SAP Lead FICO w/ SCM & Pharma - Remote,Simple Software Solutions Group,United States,United States,True,Not disclosed,,,,annual,Core SAP delivery role,Technical / Development,Lead / Manager,S/4HANA; ABAP / Development; Fiori / UI5; FI / CO / FICO,ABAP; S/4HANA; SAP Fiori; FICO; SAP Analytics Cloud,1787428970,https://himalayas.app/companies/simple-software-solutions-group/jobs/sr-sap-s-4-sap-lead-fico-w-scm-pharma-remote,Category: Manufacturing Location: Jacksonville Florida United States Sr. SAP S/4 - SAP FICO with SCM & PHARMA LEAD functional Consultant - 100% Remote We are seeking an experienced Principal level SAP FICO Lead Functional Consultant to support a critical SAP finance initiative within a Bio Pharma company. Must have excellent comm skills and knowledge of working on RFP's and building presentations and presenting to ex
e95325b17fdd227f,himalayas,Sr. SAP S/4 - SAP MM BOA/ functional - Remote,Simple Software Solutions Group,United States,United States,True,Not disclosed,,,,annual,SAP-titled role,Technical / Development,Lead / Manager,S/4HANA; Fiori / UI5; FI / CO / FICO; MM / Procurement; TM / GTS / Supply Chain,S/4HANA; SAP Fiori; FICO; SAP MM; Ariba,1784443971,https://himalayas.app/companies/simple-software-solutions-group/jobs/sr-sap-s-4-sap-mm-boa-functional-remote,"Category: Government/Military Location: Jacksonville Florida United States SAP MM Functional Consultant (BOA / Procurement Focus) Remote Overview We are seeking an experienced SAP MM Functional Consultant with strong expertise in Blanket Order Agreements (BOA) and procurement processes to support enterprise SAP initiatives. This role will work closely with business stakeholders to design, configure, and optimize SAP "
6855914ffdc9d7d1,himalayas,Sr. SAP Technical Lead Remote some possible travel,Simple Software Solutions Group,United States,United States,True,Not disclosed,,,,annual,Core SAP delivery role,Technical / Development,Lead / Manager,S/4HANA; ABAP / Development; BTP / Integration; Fiori / UI5,ABAP; S/4HANA; SAP BTP; SAP Fiori; SAPUI5 / UI5; CPI / Integration Suite; PI/PO; OData; CDS Views; IDoc; Agile / Scrum,1788052150,https://himalayas.app/companies/simple-software-solutions-group/jobs/sr-sap-technical-lead-remote-some-possible-travel,"Category: Government/Military Location: Jacksonville Florida United States Job Title: Sr. SAP Technical Lead Remote some possible travel Position Summary The SAP Technical Lead is responsible for providing technical leadership across SAP implementation, upgrade, migration, and support projects. This role partners closely with business stakeholders, functional consultants, architects, and development teams to design, "
8508f218c3915cb3,himalayas,Consultor SAP ABAP BTP Sr,Softtek,Brazil,Brazil,True,Not disclosed,,,,annual,SAP-titled role,Technical / Development,Senior,S/4HANA; ABAP / Development; BTP / Integration; Fiori / UI5,ABAP; S/4HANA; SAP BTP; SAP Fiori; SAPUI5 / UI5; CDS Views; RAP / CAP,1787501724,https://himalayas.app/companies/softtek/jobs/consultor-sap-abap-btp-sr,"Consultor SAP ABAP Estamos à procura de um Consultor SAP ABAP Sênior para se juntar à nossa equipe. O candidato ideal deve ter uma sólida experiência em desenvolvimento SAP ABAP e estar familiarizado com as tecnologias SAP S/4HANA, ABAP OO, CDS Views e SAP Fiori. Responsabilidades Desenvolver e manter soluções SAP ABAP de alta qualidade. Trabalhar em estreita colaboração com equipes de projeto para garantir a integra"
0b588a61556a9d28,himalayas,Consultor SAP CO,Softtek,Colombia,Colombia,True,Not disclosed,,,,annual,SAP-titled role,Technical / Development,Mid / Unspecified,S/4HANA; ABAP / Development; BTP / Integration; FI / CO / FICO,ABAP; S/4HANA; SAP BTP; CDS Views; FICO,1785409126,https://himalayas.app/companies/softtek/jobs/consultor-sap-co,"Requisitos • Requerido – Habilidades Técnicas Profesional en Ingeniería Industrial, Ingeniería de Sistemas, Contaduría Pública, Administración de Empresas, Finanzas o carreras afines. Participación en proyecto de implementación SAP S/4HANA Cloud, Private Edition (última versión). Conocimientos específicos en Costos (CO), CO-PA, Material Ledger (ML) y Gestión Presupuestaria. Experiencia demostrada en al menos un proye"
66bc23c55d36ec16,himalayas,"Consultor SAP FI (Finanzas GL, TR, AP, AR - DRC Localización)",Softtek,Ecuador,Ecuador,True,Not disclosed,,,,annual,SAP-titled role,Technical / Development,Mid / Unspecified,S/4HANA; ABAP / Development; FI / CO / FICO,ABAP; S/4HANA; FICO,1785320645,https://himalayas.app/companies/softtek/jobs/consultor-sap-fi-finanzas-gl-tr-ap-ar-drc-localizacion,Consultor SAP FI S4Hana – Localización Ecuador Requisitos Requerido – Habilidades Técnicas Experiencia en SAP ECC y S4HANA del módulo SAP FI. Configuración y soporte de procesos financieros: Contabilidad General (FI-GL). Cuentas por Pagar (FI-AP). Cuentas por Cobrar (FI-AR). Activos Fijos (FI-AA). Tesorería y Bancos. Integración FI-CO. Configuración de Centros de Costo y Órdenes Internas para integración con FI. Expe
6f0a884a439bc44a,himalayas,Consultor SAP PS Sênior,Softtek,Brazil,Brazil,True,Not disclosed,,,,annual,SAP-titled role,Other SAP-Related,Mid / Unspecified,S/4HANA; FI / CO / FICO; MM / Procurement,S/4HANA; FICO; SAP MM,1787327575,https://himalayas.app/companies/softtek/jobs/consultor-sap-ps-senior,"Consultor SAP PS Sênior Buscamos um Consultor SAP PS Sênior para atuar na implementação do módulo SAP Project System (PS) em uma empresa do setor de transmissão de energia elétrica , apoiando o desenho, configuração e implantação dos processos relacionados à gestão de projetos de investimento e expansão da infraestrutura. Principais responsabilidades: Levantar e analisar os processos de negócio relacionados à gestão "
0771e24774cd7c57,himalayas,Consultor SAP SD/MM/TM Sênior,Softtek,Brazil,Brazil,True,Not disclosed,,,,annual,SAP-titled role,Technical / Development,Mid / Unspecified,ABAP / Development; BTP / Integration; Fiori / UI5; FI / CO / FICO; MM / Procurement; SD / Sales; TM / GTS / Supply Chain,ABAP; SAP Fiori; OData; CDS Views; IDoc; FICO; SAP MM; SAP SD; SAP TM,1785332133,https://himalayas.app/companies/softtek/jobs/consultor-sap-sd-mm-tm-senior,"Consultor SAP SD/MM Sênior Visão Geral da Vaga: Buscamos um(a) Consultor(a) SAP SD Sênior com sólida experiência nos processos de Vendas e Distribuição para atuar em projetos de implementação, melhorias e evolução de soluções SAP. O profissional será responsável por conduzir análises funcionais, levantamento de requisitos, desenho de soluções, configurações, testes e integrações entre módulos, garantindo entregas ali"
98b7061068f0f921,himalayas,Consultor SAP TM/WMS Sênior,Softtek,Brazil,Brazil,True,Not disclosed,,,,annual,SAP-titled role,Technical / Development,Mid / Unspecified,Fiori / UI5; EWM / WM / Logistics; TM / GTS / Supply Chain,SAP Fiori; SAP EWM; SAP TM,1785323889,https://himalayas.app/companies/softtek/jobs/consultor-sap-tm-wms-senior,"CONSULTOR SAP TMS/WMS Requisitos Obrigatório: Experiência sólida nos módulos SAP TM (Transportation Management) e SAP WM (Warehouse Management) . Experiência em projetos de implementação, melhorias e sustentação (AMS). Conhecimento em configuração e customização dos módulos SAP TM e WM. Experiência na configuração de rotas, cargas e unidades de transporte. Conhecimento em gestão de Handling Units (HU) , endereçamento"
8f43f280c249db13,himalayas,Consultor SAP VIM Sênior,Softtek,Brazil,Brazil,True,Not disclosed,,,,annual,SAP-titled role,Technical / Development,Mid / Unspecified,ABAP / Development; MM / Procurement; SD / Sales,ABAP; SAP MM; SAP SD,1786262247,https://himalayas.app/companies/softtek/jobs/consultor-sap-vim-senior,"Consultor SAP VIM Sênior Visão Geral da Vaga: Buscamos um(a) Consultor(a) SAP VIM Sênior para atuar em projetos de sustentação e pequenas melhorias, garantindo a estabilidade e evolução das soluções relacionadas ao OpenText VIM. O profissional será responsável pela gestão de incidentes e problemas, além de atuar na integração entre diferentes soluções SAP, contribuindo para a continuidade e eficiência dos processos d"
e7190c218c6f61e5,himalayas,Funcional SAP ACM,Softtek,Brazil,Brazil,True,Not disclosed,,,,annual,SAP-titled role,Other SAP-Related,Lead / Manager,S/4HANA,S/4HANA,1785400671,https://himalayas.app/companies/softtek/jobs/funcional-sap-acm,CONSULTOR SAP ACM Requisitos Obrigatório: Experiência em suporte SAP nível 2 e nível 3 (análise de causa raiz e melhorias) Experiência na elaboração de especificações funcionais (FS) e estimativa de esforço (HH) Experiência em interação com Key Users e áreas de negócio Domínio de processos end-to-end no SAP ACM (Agricultural Contract Management) Experiência com: Gestão de contratos agrícolas Originação e precificação
e988184749e8b9f9,himalayas,SAP CO Loc BR,Softtek,Brazil,Brazil,True,Not disclosed,,,,annual,SAP-titled role,Other SAP-Related,Mid / Unspecified,S/4HANA; FI / CO / FICO,S/4HANA; FICO,1785344592,https://himalayas.app/companies/softtek/jobs/sap-co-loc-br,"Consultor(a) SAP CO Sênior Obrigatório: Sólida experiência em SAP CO (Controlling) no ambiente S/4HANA; Gestão e análise de processos de controladoria, custos e rentabilidade ; Definição e manutenção da estrutura organizacional de CO (centros de custo, centros de lucro, ordens internas, objetos de custo, etc.); Levantamento de requisitos, configuração, especificação funcional e execução de testes do módulo CO; Atuaçã"
d129b61e8bdc29fc,himalayas,SAP Yard Logistics,Softtek,Brazil,Brazil,True,Not disclosed,,,,annual,SAP-titled role,Functional Consulting,Mid / Unspecified,S/4HANA; EWM / WM / Logistics; TM / GTS / Supply Chain,S/4HANA,1785357419,https://himalayas.app/companies/softtek/jobs/sap-yard-logistics,"CONSULTOR SAP Yard Logistics Requisitos Obrigatório: Conhecimento funcional em SAP Yard Logistics Experiência sólida com SAP Yard Logistics for SAP S/4HANA Cloud Domínio dos processos de: Checkin / Checkout de veículos e Gestão de yard objects (caminhões, trailers, contêineres) Movimentação interna no pátio Chamadas de doca (dock appointment / dock assignment) Status e lifecycle de veículos no pátio Configuração de r"
fd1db0d4e926c7ee,himalayas,Global Procurement Excellence Manager,Solventum,United States,United States,True,Disclosed,125600,172700,USD,annual,SAP module/technical requirement,Data / Analytics,Lead / Manager,MM / Procurement,Ariba; Agile / Scrum,1786840847,https://himalayas.app/companies/solventum/jobs/global-procurement-excellence-manager,"Thank you for your interest in joining Solventum . Solventum is a new healthcare company with a long legacy of solving big challenges that improve lives and help healthcare professionals perform at their best. At Solventum , people are at the heart of every innovation we pursue. Guided by empathy, insight, and clinical intelligence, we collaborate with the best minds in healthcare to address our customers’ toughest c"
5bac698fcc753cc2,himalayas,Data Application Developer,Sonny's Enterprises LLC,United States,United States,True,Not disclosed,,,,annual,SAP module/technical requirement,Technical / Development,Mid / Unspecified,S/4HANA,S/4HANA,1784924509,https://himalayas.app/companies/sonny-s-enterprises-llc/jobs/data-application-developer,"Overview Sonny's Enterprises is the world's largest manufacturer of conveyorized car wash equipment, parts, and supplies. We are the industry leader, recognized and awarded by the International Car Wash Association for innovating new technologies to advance the industry with products proudly designed and built in the USA. Our culture thrives on finding new and better ways to accelerate what’s next. We embrace change "
3fd563ea4d861ba6,himalayas,"Manager, SAP SuccessFactors Platform",Sophos,United Kingdom,United Kingdom,True,Not disclosed,,,,annual,Core SAP delivery role,Basis / Security,Lead / Manager,Basis / Security; HCM / SuccessFactors,SuccessFactors; GRC / Security; Agile / Scrum,1787326804,https://himalayas.app/companies/sophos/jobs/manager-sap-successfactors-platform,"About Us Sophos is a cybersecurity leader defending 600,000 organizations globally with an AI-driven platform and expert-led services. Sophos meets organizations wherever they are in their security maturity and grows with them to defeat cyberattacks. Its solutions combine machine learning, automation, and real-time threat intelligence with frontline human expertise from Sophos X-Ops to deliver advanced, 24/7 threat m"
689c8be163e0e792,himalayas,Solution Architect SAP Technology (m/w/d),Sopra Steria,Germany,Germany,True,Not disclosed,,,,annual,Core SAP delivery role,Architecture,Mid / Unspecified,S/4HANA; HANA / Data; HCM / SuccessFactors,S/4HANA; SAP HANA; SuccessFactors; German,1787258115,https://himalayas.app/companies/sopra-steria/jobs/solution-architect-sap-technology-m-w-d,"Du bist für die Architekturberatung und Teilprojektleitung im Rahmen von SAP S/4HANA- und SAP HANA/Cloud Platform-Projekten verantwortlich Das Designen moderner heterogener Systemlandschaften mit Schwerpunkt SAP gehört unter anderem zu deinen Hauptaufgaben Du unterstützt bei Integrations- und Implementierungsprojekten mit folgenden Technologien: SAP onPremise, SAP Cloud Plattform, HANA, Salesforce, Successfactors, AW"
d5d4868a45f74695,himalayas,SAP Functional Architect - FICO and Global Tax,Spinnaker Support,United States,United States,True,Disclosed,165000,175000,USD,annual,Core SAP delivery role,Architecture,Mid / Unspecified,S/4HANA; FI / CO / FICO,S/4HANA; FICO; Agile / Scrum,1786110662,https://himalayas.app/companies/spinnaker-support/jobs/sap-functional-architect-fico-and-global-tax-1982158526,"Spinnaker Support provides global enterprise software support, managed services, and project-based consulting to many of the world’s most recognized and respected brands. Founded in 2008, our customer focus, business integrity, exacting standards, and depth of expertise have earned us the trust and loyalty of over 1,300 organizations located in 104 countries. Our dedicated international team works closely with every "
d99c292b222b1c60,himalayas,SAP Solution Consultant,Spinnaker Support,South Africa,South Africa,True,Not disclosed,,,,annual,Core SAP delivery role,Basis / Security,Mid / Unspecified,S/4HANA; ABAP / Development; BTP / Integration; Basis / Security,ABAP; S/4HANA; SAP BTP; GRC / Security,1784014628,https://himalayas.app/companies/spinnaker-support/jobs/sap-solution-consultant,"Spinnaker Support provides global enterprise software support, managed services, and project-based consulting to many of the world’s most recognized and respected brands. Founded in 2008, our customer focus, business integrity, exacting standards, and depth of expertise have earned us the trust and loyalty of over 1,300 organizations located in 104 countries. Our dedicated international team works closely with every "
599db4f681e1ed2a,himalayas,Integration Solutions Consultant | Remote (UK),Spotted Zebra,United Kingdom,United Kingdom,True,Not disclosed,,,,annual,SAP module/technical requirement,Technical / Development,Mid / Unspecified,HCM / SuccessFactors,SuccessFactors,1788381207,https://himalayas.app/companies/spotted-zebra/jobs/integration-solutions-consultant-remote-uk,"About Spotted Zebra At Spotted Zebra , we're building something we genuinely believe in: an AI-native end-to-end hiring platform that helps the world's leading organisations find the right people, faster and fairer than ever before. In short, we're making hiring something everyone loves again - both talent teams and candidates alike. We're a multi-award-winning Series A company giving talent leaders the solution they"
84a0c519d4f4f68e,himalayas,Professional Services DACH SuccessFactors Talent Consultant,Strada,India,India,True,Not disclosed,,,,annual,Core SAP delivery role,Basis / Security,Lead / Manager,BTP / Integration; Basis / Security; HCM / SuccessFactors,CPI / Integration Suite; SuccessFactors; GRC / Security; English; German,1787063315,https://himalayas.app/companies/strada/jobs/professional-services-dach-successfactors-talent-consultant,"Join us on a journey of endless possibilities At Strada , possibility isn’t just a promise – it’s the foundation of everything we do. We believe in unlocking potential for every colleague, creating a journey of growth, discovery, and impact. With the support, resources, and opportunities we provide, you’ll build a fulfilling future – working on meaningful projects that span industries and regions, contributing to out"
01d86f5c419b826b,himalayas,SAP HCM PY Jr Consultant,Strada,Argentina,Argentina,True,Not disclosed,,,,annual,Core SAP delivery role,Basis / Security,Mid / Unspecified,ABAP / Development; Basis / Security; HCM / SuccessFactors,ABAP; GRC / Security,1786250009,https://himalayas.app/companies/strada/jobs/sap-hcm-py-jr-consultant,"Join us on a journey of endless possibilities At Strada , possibility isn’t just a promise – it’s the foundation of everything we do. We believe in unlocking potential for every colleague, creating a journey of growth, discovery, and impact. With the support, resources, and opportunities we provide, you’ll build a fulfilling future – working on meaningful projects that span industries and regions, contributing to out"
f1399ec400af3ca1,himalayas,Client HR Tech Lead,Strada Inc.,Spain,Spain,True,Not disclosed,,,,annual,SAP module/technical requirement,Basis / Security,Lead / Manager,Basis / Security; HCM / SuccessFactors,SuccessFactors; GRC / Security,1787517046,https://himalayas.app/companies/strada-inc/jobs/client-hr-tech-lead,"Position : Client HR Tech Lead Location: Europe (fully remote) Join us on a journey of endless possibilities At Strada, possibility isn’t just a promise – it’s the foundation of everything we do. We believe in unlocking potential for every colleague, creating a journey of growth, discovery, and impact. With the support, resources, and opportunities we provide, you’ll build a fulfilling future – working on meaningful "
9e4ac4bd028bf97b,himalayas,SAP HCM Payroll Consultant,Strada Inc.,India,India,True,Not disclosed,,,,annual,Core SAP delivery role,Basis / Security,Mid / Unspecified,ABAP / Development; Fiori / UI5; Basis / Security; HCM / SuccessFactors,ABAP; SAP Fiori; GRC / Security,1783258548,https://himalayas.app/companies/strada-inc/jobs/sap-hcm-payroll-consultant,"Join us on a journey of endless possibilities At Strada , possibility isn’t just a promise – it’s the foundation of everything we do. We believe in unlocking potential for every colleague, creating a journey of growth, discovery, and impact. With the support, resources, and opportunities we provide, you’ll build a fulfilling future – working on meaningful projects that span industries and regions, contributing to out"
d5b209326991bc5d,himalayas,SCP - Country Champions- TW,Strada Inc.,China,China,True,Not disclosed,,,,annual,SAP module/technical requirement,Basis / Security,Senior,Basis / Security; HCM / SuccessFactors,SuccessFactors; GRC / Security,1787430755,https://himalayas.app/companies/strada-inc/jobs/scp-country-champions-tw,"Join us on a journey of endless possibilities At Strada, possibility isn’t just a promise – it’s the foundation of everything we do. We believe in unlocking potential for every colleague, creating a journey of growth, discovery, and impact. With the support, resources, and opportunities we provide, you’ll build a fulfilling future – working on meaningful projects that span industries and regions, contributing to outc"
b6d16b63c3882134,himalayas,Senior SAP HR Payroll Consultant Germany,Strada Inc.,Germany,Germany,True,Not disclosed,,,,annual,Core SAP delivery role,Basis / Security,Senior,Basis / Security; HCM / SuccessFactors,SuccessFactors; GRC / Security; English; German,1787517046,https://himalayas.app/companies/strada-inc/jobs/senior-sap-hr-payroll-consultant-germany,"Join us on a journey of endless possibilities At Strada, possibility isn’t just a promise – it’s the foundation of everything we do. We believe in unlocking potential for every colleague, creating a journey of growth, discovery, and impact. With the support, resources, and opportunities we provide, you’ll build a fulfilling future – working on meaningful projects that span industries and regions, contributing to outc"
de9a4271be2f92f4,himalayas,Senior SAP Time Consultant Germany,Strada Inc.,Germany,Germany,True,Not disclosed,,,,annual,Core SAP delivery role,Basis / Security,Senior,ABAP / Development; Basis / Security; HCM / SuccessFactors,ABAP; SuccessFactors; GRC / Security; English; German,1787517047,https://himalayas.app/companies/strada-inc/jobs/senior-sap-time-consultant-germany,"Join us on a journey of endless possibilities At Strada, possibility isn’t just a promise – it’s the foundation of everything we do. We believe in unlocking potential for every colleague, creating a journey of growth, discovery, and impact. With the support, resources, and opportunities we provide, you’ll build a fulfilling future – working on meaningful projects that span industries and regions, contributing to outc"
747364643099cb6f,himalayas,SuccessFactors Employee Central (EC) Consulting Lead,Strada Inc.,Mexico,Mexico,True,Not disclosed,,,,annual,Core SAP delivery role,Basis / Security,Lead / Manager,BTP / Integration; Basis / Security; HCM / SuccessFactors,CPI / Integration Suite; SuccessFactors; GRC / Security,1787430760,https://himalayas.app/companies/strada-inc/jobs/successfactors-employee-central-ec-consulting-lead,"Join us on a journey of endless possibilities At Strada, possibility isn’t just a promise – it’s the foundation of everything we do. We believe in unlocking potential for every colleague, creating a journey of growth, discovery, and impact. With the support, resources, and opportunities we provide, you’ll build a fulfilling future – working on meaningful projects that span industries and regions, contributing to outc"
835896537e24cc53,himalayas,Manager - SAP FICO S4 HANA Public Cloud,Sutherland,India,India,True,Not disclosed,,,,annual,Core SAP delivery role,Technical / Development,Lead / Manager,S/4HANA; BTP / Integration; Fiori / UI5; HANA / Data; FI / CO / FICO; MM / Procurement; HCM / SuccessFactors,S/4HANA; SAP HANA; SAP Fiori; IDoc; FICO; SuccessFactors; Ariba; Concur; SAP Analytics Cloud,1788153443,https://himalayas.app/companies/sutherland/jobs/manager-sap-fico-s4-hana-public-cloud,"Interested suitable candidates please be in touch with Requirement for SAP FICO Functional Consultant. Work Mode - Remote Exp Level : 7-15 Yrs Key Skills: SAP FICO Functional consultant Experience with CBC, SSCUI, and Fiori Apps Exp in Public Cloud S4 Hana Implementation Min 2 end to end implementation experience. Quick joiners preferred. Detailed JD: Job Title Senior SAP FICO Consultant – S/4HANA Public Cloud Role O"
6d48c3c2594dee0f,himalayas,SAP BTP Consultant,Sutherland,India,India,True,Not disclosed,,,,annual,Core SAP delivery role,Technical / Development,Lead / Manager,S/4HANA; ABAP / Development; BTP / Integration; Fiori / UI5,S/4HANA; SAP BTP; SAP Fiori; SAPUI5 / UI5; CPI / Integration Suite; RAP / CAP; Agile / Scrum,1787185709,https://himalayas.app/companies/sutherland/jobs/sap-btp-consultant,"We are looking for an experienced SAP BTP (Business Technology Platform) Consultant with strong coding experience and a solid understanding of SAP's cloud technologies. The ideal candidate should have 10-12 years of hands-on coding experience, including at least 2 years of focused experience with SAP BTP. Candidate must have experience with one full life cycle implementation on S/4HANA Public Cloud. Key Responsibilit"
0adf88e1bdcfd2b5,himalayas,Senior SAP MII Developer,Symbiotic Services,United States,United States,True,Not disclosed,,,,annual,Core SAP delivery role,Technical / Development,Lead / Manager,S/4HANA; BTP / Integration,S/4HANA; SAP BTP,1786205145,https://himalayas.app/companies/symbiotic-services/jobs/senior-sap-mii-developer,"This is a remote position. Job Title: Senior SAP MII Developer – Fixed Term Job Code: L6442 FLSA Status: Exempt Grade: 19 Recruiting Firm: Symbiotic Services Revised: 11/18/2025 Job Summary Symbiotic Services is seeking a highly skilled Senior SAP MII Developer for a fixed-term opportunity. This role will lead the analysis, design, and development of SAP MII integrations across SAP S/4HANA, Blue Yonder, and various m"
12dcaebc77f41df4,himalayas,Task Order – SAP Ariba ITK to BTP Integration Resource Search,Syncreon Consulting,United States,United States,True,Not disclosed,,,,annual,SAP-titled role,Technical / Development,Lead / Manager,BTP / Integration; MM / Procurement,SAP BTP; CPI / Integration Suite; Ariba,1788221312,https://himalayas.app/companies/syncreon-consulting/jobs/task-order-sap-ariba-itk-to-btp-integration-resource-search,"Candidate Screening – Important Do not qualify candidates based solely on résumé keywords. For every candidate, specifically confirm: Have you personally worked with Ariba ITK ? What ITK integrations did you support or migrate? Have you personally built integrations in SAP BTP Integration Suite / Cloud Integration ? Have you performed an ITK-to-BTP migration ? What types of Ariba data/interfaces were involved? What E"
68bc79d7a02c9a80,himalayas,"Director, Strategic Partnerships & Ecosystem",Syndio,United States,United States,True,Disclosed,180000,210000,USD,annual,SAP module/technical requirement,Data / Analytics,Lead / Manager,HCM / SuccessFactors,SuccessFactors,1787876413,https://himalayas.app/companies/syndio/jobs/director-strategic-partnerships-ecosystem,"Do you want to empower organizations to build smarter compensation strategies while ensuring fair pay for all employees? Syndio is the leading pay governance and compensation intelligence platform. We help organizations make better pay decisions at every stage of the compensation lifecycle, from leveling and offers to promotions and merit. Our platform gives HR, compensation, and finance leaders the data and decision"
0c3c4013ea3c588a,himalayas,SAP BW / BDC Developer (Data Engineer – SAP Data & BI) (m/f/d),TD SYNNEX,Poland,Poland,True,Not disclosed,,,,annual,Core SAP delivery role,Technical / Development,Mid / Unspecified,ABAP / Development; HANA / Data; EWM / WM / Logistics,ABAP; SAP HANA; SAP BW / BI; Datasphere,1785758959,https://himalayas.app/companies/td-synnex/jobs/sap-bw-bdc-developer-data-engineer-sap-data-bi-m-f-d,"Why Choose TD SYNNEX We are a Fortune 500 global IT company with over 22,000 employees, operating in more than 100 countries. As a leading IT distributor, we connect the world with the power of technology, enabling our partners to deliver innovative solutions that drive business success. About the Role We are looking for a Data Engineer with experience in SAP BW/4HANA and SAP Datasphere to support the development of "
3e0a72b2434bdab0,himalayas,"SAP HCM Consultant AMS (Remote, Cluj/Romania)",TISS Partners GmbH,Romania,Romania,True,Not disclosed,,,,annual,Core SAP delivery role,Technical / Development,Mid / Unspecified,S/4HANA; FI / CO / FICO; EWM / WM / Logistics; HCM / SuccessFactors,S/4HANA; FICO; SuccessFactors; German,1783656362,https://himalayas.app/companies/tiss-partners-gmbh/jobs/sap-hcm-consultant-ams-remote-cluj-romania,"About the Client Our client is a newly established technology hub with highly ambitious growth objectives. They are building a large, multidisciplinary SAP team to support global operations across Finance, Logistics, Production, and HR in Romania. This is a unique opportunity to join from the very beginning, shape the setup, and grow together with a future-oriented organization. Role Overview We are looking for an ex"
f4caa1e842da7ad9,himalayas,Master Data Management Lead (gn),TQG,Germany,Germany,True,Not disclosed,,,,annual,SAP module/technical requirement,Data / Analytics,Lead / Manager,S/4HANA,S/4HANA; German,1787335976,https://himalayas.app/companies/tqg/jobs/master-data-management-lead-gn,"Start: ab sofort | Level: Lead | Location: Deutschland, remote| Arbeitszeit: Vollzeit (40h/Woche) Als Master Data Management Lead trägst du die strategische Gesamtverantwortung für das Stammdatenmanagement im gesamten Unternehmen. Die Rolle definiert die Governance-Struktur, setzt Prioritäten für MDM-Initiativen und stellt sicher, dass Datenverantwortung, Entscheidungsrechte und Prozesse klar festgelegt sind. Die Rol"
7439e1b4808ce241,himalayas,Consultant SAP Finance/Controlling expérimenté- H/F,Talan,France,France,True,Not disclosed,,,,annual,Core SAP delivery role,Technical / Development,Mid / Unspecified,S/4HANA; Fiori / UI5; FI / CO / FICO,S/4HANA; SAP Fiori; FICO,1788121984,https://himalayas.app/companies/talan/jobs/consultant-sap-finance-controlling-experimente-h-f,"Télétravail possible partout en France 🎯 Votre mission En rejoignant notre communauté d’experts SAP, vous interviendrez en contexte multi-clients sur des missions de conseil de bout en bout : Analyse des besoins métiers Recommandations et mise en œuvre de solutions fonctionnelles et techniques Accompagnement tout au long du cycle de vie SAP 👤 Votre profil Vous êtes notre futur(e) collègue si vous avez : ✔️ 5 ans d’ex"
c0005264b8981159,himalayas,Consultant SAP PP / ePPDS - H/F,Talan,France,France,True,Not disclosed,,,,annual,Core SAP delivery role,Data / Analytics,Mid / Unspecified,S/4HANA; PP / QM / Manufacturing,S/4HANA; SAP PP,1785214499,https://himalayas.app/companies/talan/jobs/consultant-sap-pp-eppds-h-f,"🔍 Pourquoi ce poste pourrait vous plaire Impact concret : En contexte multi-client (200 clients actifs sur l’année en cours), vous rejoignez une équipe pluridisciplinaire et participerez à des missions de conseil comportant l'analyse d'une situation, la préconisation et la mise en place des solutions fonctionnelles ou techniques, tout au long du cycle de vie de la solution SAP de nos clients. Expertise reconnue : che"
d9d5e40a924939ea,himalayas,Digital Marketing Specialist,Talent Shore,South Africa,South Africa,True,Not disclosed,,,,annual,SAP module/technical requirement,Technical / Development,Lead / Manager,MM / Procurement,Ariba,1783746904,https://himalayas.app/companies/talent-shore/jobs/digital-marketing-specialist,"We are seeking a contract Digital Marketing Specialist to own and optimize our presence across the full ecosystem of third-party websites, portals, and partner platforms. This is a highly operational yet strategically important role: the way we appear on authorized training partner sites, technology vendor portals, and enterprise supplier platforms directly influences discoverability, credibility, and conversion for "
973a43b3c3b38139,himalayas,SAP S/4HANA Administrator,TalentCloud Group,Switzerland,Switzerland,True,Not disclosed,,,,annual,Core SAP delivery role,Basis / Security,Lead / Manager,S/4HANA; Fiori / UI5; Basis / Security; HANA / Data,S/4HANA; SAP HANA; SAP Fiori; German,1783723338,https://himalayas.app/companies/talentcloud-group/jobs/sap-s-4hana-administrator,"Du bist SAP-ExpertIn mit Leidenschaft für Systemstabilität, Performance und Sicherheit? Du denkst in Mandanten, Transporten und Systemkopien und fühlst dich in der Welt zwischen Linux, Oracle und HANA zuhause? Dann könnte das dein nächster Karriereschritt sein. Deine Aufgaben: Betreuung und Optimierung von SAP ERP- und HCM-Systemlandschaften Durchführung von Releasewechseln, Systemkopien und Restores Einspielen von P"
260db07a10607ad6,himalayas,0825 - 300CAF | Especialista en FM/GM deSAP,TalentCross,Argentina,Argentina; Belize; Bolivia; Brazil; Chile; Colombia; Costa Rica; Cuba; Dominican Republic; Ecuador; El Salvador; Guatemala; Guyana; Haiti; Honduras; Jamaica; Mexico; Nicaragua; Panama; Paraguay; Peru; Suriname; Trinidad and Tobago; Uruguay; Venezuela,True,Not disclosed,,,,annual,SAP module/technical requirement,Data / Analytics,Lead / Manager,S/4HANA,S/4HANA,1786250447,https://himalayas.app/companies/talentcross/jobs/0825-300caf-especialista-en-fm-gm-desap,"Ejecutivo/a Principal – Especialista en SAP FM/GM 🏦 Institución: CAF – Banco de Desarrollo de América Latina y el Caribe 🌱 Sobre CAF Somos una institución financiera multilateral que apoya el desarrollo sostenible y la integración de América Latina y el Caribe (ALC). Financamos al sector público y privado, y promovemos la generación y difusión de conocimiento, integrando criterios sociales y ambientales. Con la misió"
fd11118af0473008,himalayas,"AI Systems Analyst, HR Technology",Talivity,United States,United States,True,Mentioned in text,,,USD,hourly,SAP module/technical requirement,Technical / Development,Mid / Unspecified,HCM / SuccessFactors,SuccessFactors,1785368286,https://himalayas.app/companies/talivity/jobs/ai-systems-analyst-hr-technology,"Overview: We’re looking for an AI Systems Analyst to help modernize and optimize the HR technology stack. This role bridges the gap between talent strategy, technology, and AI—analyzing existing systems, identifying integration opportunities, and helping clients deploy AI tools that enhance recruiting, engagement, and workforce analytics. Key Responsibilities: Audit and map HR technology ecosystems (ATS, CRM, HCM, an"
e0e6785491e0c1fb,himalayas,Sr. Category Manager,Tarkett,United States,United States,True,Not disclosed,,,,annual,SAP module/technical requirement,Data / Analytics,Lead / Manager,MM / Procurement,Ariba,1788040742,https://himalayas.app/companies/tarkett/jobs/sr-category-manager,Senior Category Manager – Direct Materials Tarkett North America | Corporate Sourcing THIS IS A REMOTE ROLE. Basic Function The Senior Category Manager – Direct Materials is a key leadership role within Tarkett North America’s Corporate Procurement organization. This position is responsible for developing and executing commercially competitive category management and sourcing strategies across Tarkett ’s North Americ
56895d3a3e475e14,himalayas,SAP CPI - Cloud Platform Integration,Taxera Technologies,Spain,Spain,True,Not disclosed,,,,annual,SAP-titled role,Technical / Development,Mid / Unspecified,BTP / Integration; Fiori / UI5; HANA / Data,SAP BTP; SAP Fiori; CPI / Integration Suite; PI/PO; OData; IDoc; SAP Analytics Cloud,1784739737,https://himalayas.app/companies/taxera-technologies/jobs/sap-cpi-cloud-platform-integration,"You will be responsible to ensure successful technical integration of our system with our clients and 3rd parties. You need previous experience in building integration flows in SAP CPI integration Platform Good experience on End to End implementation Good Knowledge on all adapters Knowledge on Java, APIs, BAPIs Experience in message monitoring Knowledge working with SAP PI/PO would be a plus Developments with Web Ser"
e2131fff753e43f3,himalayas,SAP Technical/Development Lead,Taxera Technologies,Spain,Spain,True,Not disclosed,,,,annual,Core SAP delivery role,Technical / Development,Lead / Manager,ABAP / Development; BTP / Integration; Fiori / UI5; HANA / Data; FI / CO / FICO,ABAP; SAP HANA; SAP BTP; SAP Fiori; CPI / Integration Suite; OData; RAP / CAP; SAP Analytics Cloud,1784755070,https://himalayas.app/companies/taxera-technologies/jobs/sap-technical-development-lead,"You will take part into a highly ambitious project which to revolutionize the corporate world Tax function by automating the Indirect Tax processes. Greenfield Cloud implementation in SAP Cloud Platform ABAP environment. This is a very much hands on role with potential for development as we grow. Lead technical architecture, planification and design. Lead cloud platform build and integration with cutting edge technol"
5b718e34fa911a35,himalayas,Senior SAP ABAP on S/4,Taxera Technologies,Spain,Spain,True,Not disclosed,,,,annual,SAP-titled role,Technical / Development,Senior,ABAP / Development; BTP / Integration; Fiori / UI5; HANA / Data,ABAP; SAP BTP; SAP Fiori; CPI / Integration Suite; SAP Analytics Cloud,1784778731,https://himalayas.app/companies/taxera-technologies/jobs/senior-sap-abap-on-s-4,"Senior SAP ABAP - Immediate Start Build custom cockpit in an S4 Onpremise system Create custom solution to review and analyse data quality for configuration, master data and transactional data in the Finance Domain e.g Customers, Vendors, POs, SOs etc. Senior SAP ABAP S/4 experience If this sounds like you next challenge and you would like to know, please send us your latest cv. We will call you back quickly to discu"
3fac139d4c82867b,himalayas,Senior SAP Finance,Taxera Technologies,Spain,Spain,True,Not disclosed,,,,annual,SAP-titled role,Technical / Development,Senior,BTP / Integration; Fiori / UI5; HANA / Data; FI / CO / FICO,SAP BTP; SAP Fiori; CPI / Integration Suite; SAP Analytics Cloud,1784759758,https://himalayas.app/companies/taxera-technologies/jobs/senior-sap-finance,"SAP Finance SAP Finance If this sounds like you next challenge and you would like to know, please send us your latest cv. We will call you back quickly to discuss it in further details. We offer a competitive package, opportunity to work on the latest technology, flexible hours, remote working, experienced team. Taxera is a global indirect tax platfom in the cloud that is built on SAP BTP and integrate with multinati"
49ee2f32284c74d3,himalayas,SAP SuccessFactors Employee Central Senior Consultant (m/w/d),Teamwork Corporate,Germany,Germany,True,Not disclosed,,,,annual,Core SAP delivery role,Functional Consulting,Senior,HCM / SuccessFactors,SuccessFactors,1787344507,https://himalayas.app/companies/teamwork-corporate/jobs/sap-successfactors-employee-central-senior-consultant-m-w-d-914852882,"Als Senior Consultant unterstützen Sie unsere Kunden durch Beratung, Konzeption und Implementierung von SAP SuccessFactors EC Das Management von SAP SuccessFactors EC Projekten einschließlich Ressourcen- und Zeitplanung sowie Budgetierung steht im Zentrum Ihrer Tätigkeiten In Projekten nehmen Sie eine Beratungs- und Führungsposition ein, in der Sie eigenverantwortlich Projektteams fachlich steuern Sie konzipieren gem"
1275902d373ddf29,himalayas,Resource & Vendor Management Specialist,Tenthpin,United Kingdom,United Kingdom,True,Not disclosed,,,,annual,SAP module/technical requirement,Data / Analytics,Mid / Unspecified,S/4HANA,S/4HANA,1785137858,https://himalayas.app/companies/tenthpin/jobs/resource-vendor-management-specialist-4096534963,"At Tenthpin , we are looking for a highly organised, commercially minded and collaborative Resource & Vendor Management Specialist to join our rapidly growing global team. The successful candidate will play a key role in helping us identify, engage and manage high-quality external consultants across Europe and other international markets, ensuring our clients have access to the specialist expertise required to delive"
a7e63e6d21316807,himalayas,"SAP BTP Developer/ Architect (Anywhere in India; preferred Bengaluru, Hyderabad",Tenthpin,India,India,True,Not disclosed,,,,annual,Core SAP delivery role,Architecture,Senior,S/4HANA; ABAP / Development; BTP / Integration; Fiori / UI5,S/4HANA; SAP BTP; SAP Fiori; SAPUI5 / UI5; CPI / Integration Suite; RAP / CAP,1787236238,https://himalayas.app/companies/tenthpin/jobs/sap-btp-developer-architect-anywhere-in-india-preferred-bengaluru-hyderabad,"At Tenthpin , we are seeking talented, client-facing, and collaborative Senior BTP Consultant to join our rapidly growing team. The successful applicants will possess robust transformation experience and have a passion for delivering innovative solutions that add substantial value to our clients—contributing to our reputation as one of the recent success stories of industry. The Opportunity As a Senior BTP Consultant"
4a4d8b9db879ac42,himalayas,SAP BTP Developer/ Architect (all genders) (Any location in Poland),Tenthpin,Poland,Poland,True,Not disclosed,,,,annual,Core SAP delivery role,Architecture,Senior,S/4HANA; ABAP / Development; BTP / Integration; Fiori / UI5,S/4HANA; SAP BTP; SAP Fiori; SAPUI5 / UI5; CPI / Integration Suite; RAP / CAP,1783235218,https://himalayas.app/companies/tenthpin/jobs/sap-btp-developer-architect-all-genders-any-location-in-poland,"At Tenthpin , we are seeking talented, client-facing, and collaborative Senior BTP Developer/Architect to join our rapidly growing team. The successful applicants will possess robust transformation experience and have a passion for delivering innovative solutions that add substantial value to our clients—contributing to our reputation as one of the recent success stories of industry. The Opportunity As a Senior BTP C"
291772ae00c456ea,himalayas,"SAP Developer (ABAP, S4/Hana) (Any location in India)",Tenthpin,India,India,True,Not disclosed,,,,annual,Core SAP delivery role,Technical / Development,Mid / Unspecified,S/4HANA; ABAP / Development; BTP / Integration; HANA / Data,ABAP; S/4HANA; SAP HANA; SAP BTP; OData; CDS Views; RAP / CAP,1783436539,https://himalayas.app/companies/tenthpin/jobs/sap-developer-abap-s4-hana-any-location-in-india,"At Tenthpin we are seeking a talented SAP developer to join our growing team. The successful applicant will have strong technical expertise in developing applications using ABAP within S/4HANA environments, including modern development approaches such as ABAP in Eclipse. You will have a passion for delivering high-quality solutions that add real value to our clients. The Opportunity As an SAP Developer, you will be r"
37bb5341548179f7,himalayas,SAP Finance & Controlling (FI/CO) Consultant (all genders) (Any location in Pola,Tenthpin,Poland,Poland,True,Not disclosed,,,,annual,Core SAP delivery role,Technical / Development,Mid / Unspecified,S/4HANA; FI / CO / FICO,S/4HANA; FICO,1787358915,https://himalayas.app/companies/tenthpin/jobs/sap-finance-controlling-fi-co-consultant-all-genders-any-location-in-pola,"At Tenthpin we are seeking talented, client-facing, and collaborative SAP Finance & Controlling (FI/CO) Consultants to join our rapidly growing team. The successful applicants will possess robust S/4HANA transformation experience and will have a passion for delivering innovative solutions that add substantial value to our clients, contributing to our reputation as one of the recent success stories within the Manageme"
9d2e69cf2d91dc29,himalayas,SAP Finance and Controlling (FI/CO) Consultant,Tenthpin,United Kingdom,United Kingdom,True,Not disclosed,,,,annual,Core SAP delivery role,Technical / Development,Mid / Unspecified,S/4HANA; FI / CO / FICO,S/4HANA; FICO,1785424798,https://himalayas.app/companies/tenthpin/jobs/sap-finance-and-controlling-fi-co-consultant-8318612116,"At Tenthpin we are seeking talented, client-facing, and collaborative SAP Finance & Controlling (FI/CO) Consultants to join our rapidly growing team. The successful applicants will possess robust S/4HANA transformation experience and will have a passion for delivering innovative solutions that add substantial value to our clients, contributing to our reputation as one of the recent success stories within the Manageme"
210608f4310c3374,himalayas,SAP MM Consultant (all gender) - Any location in Germany,Tenthpin,Germany,Germany,True,Not disclosed,,,,annual,Core SAP delivery role,Technical / Development,Mid / Unspecified,S/4HANA; BTP / Integration; Fiori / UI5; FI / CO / FICO; MM / Procurement,S/4HANA; SAP Fiori; IDoc; SAP MM; Ariba; Agile / Scrum,1788381085,https://himalayas.app/companies/tenthpin/jobs/sap-mm-consultant-all-gender-any-location-in-germany,"At Tenthpin we are seeking talented, client-facing, and collaborative SAP Material Management (MM) Consultant to join our rapidly growing team. The successful applicant will possess strong S/4HANA experience and will have a passion for delivering innovative solutions that add substantial value to our clients, contributing to our reputation as one of the recent success stories within the Management Consulting Industry"
13e3f660171e7fed,himalayas,SAP Manufacturing/ Production Planning (PP-PI) Consultant (Advisor/Director),Tenthpin,United States,United States,True,Not disclosed,,,,annual,Core SAP delivery role,Technical / Development,Lead / Manager,S/4HANA; HANA / Data; FI / CO / FICO; PP / QM / Manufacturing; EWM / WM / Logistics; TM / GTS / Supply Chain,S/4HANA; SAP HANA; SAP PP,1787252895,https://himalayas.app/companies/tenthpin/jobs/sap-manufacturing-production-planning-pp-pi-consultant-advisor-director,"SAP Manufacturing/ Production Planning (PP-PI)Consultant At Tenthpin we are seeking talented, client-facing, and collaborative SAP Manufacturing/ Production Planning (PP-PI) Consultants to join our rapidly growing team. The successful applicants will possess strong S/4HANA experience and will have a passion for delivering innovative solutions that add substantial value to our clients, contributing to our reputation a"
a2fc0af765c6c10e,himalayas,SAP Quality Management (QM) Consultant (all genders) (Any location in Poland),Tenthpin,Poland,Poland,True,Not disclosed,,,,annual,Core SAP delivery role,Technical / Development,Mid / Unspecified,S/4HANA; HANA / Data; PP / QM / Manufacturing,S/4HANA; SAP HANA; SAP QM,1787334053,https://himalayas.app/companies/tenthpin/jobs/sap-quality-management-qm-consultant-all-genders-any-location-in-poland-8545570500,"At Tenthpin we are seeking talented, client-facing, and collaborative SAP Quality Management (QM) Consultants to join our rapidly growing team. The successful applicants will possess strong S/4HANA experience and will have a passion for delivering innovative solutions that add substantial value to our clients, contributing to our reputation as one of the recent success stories within the Management Consulting Industr"
bddc880319b62abb,himalayas,SAP Quality Management (QM) Consultant (all genders) (Any location in Portugal),Tenthpin,Portugal,Portugal,True,Not disclosed,,,,annual,Core SAP delivery role,Technical / Development,Mid / Unspecified,S/4HANA; HANA / Data; PP / QM / Manufacturing,S/4HANA; SAP HANA; SAP QM,1787327187,https://himalayas.app/companies/tenthpin/jobs/sap-quality-management-qm-consultant-all-genders-any-location-in-portugal-9862656133,"At Tenthpin we are seeking talented, client-facing, and collaborative SAP Quality Management (QM) Consultants to join our rapidly growing team. The successful applicants will possess strong S/4HANA experience and will have a passion for delivering innovative solutions that add substantial value to our clients, contributing to our reputation as one of the recent success stories within the Management Consulting Industr"
601f3dd7a1915401,himalayas,Senior SAP Finance & Controlling (FICO) Consultant (Any location in India),Tenthpin,India,India,True,Not disclosed,,,,annual,Core SAP delivery role,Basis / Security,Senior,S/4HANA; BTP / Integration; Fiori / UI5; Basis / Security; FI / CO / FICO; MM / Procurement,S/4HANA; SAP Fiori; IDoc; FICO; SAP Analytics Cloud; GRC / Security,1787873957,https://himalayas.app/companies/tenthpin/jobs/senior-sap-finance-controlling-fico-consultant-any-location-in-india,"At Tenthpin we are seeking talented, client-facing, and collaborative SAP Finance & Controlling (FI/CO) Consultant to join our rapidly growing team. The successful applicants will possess robust S/4HANA transformation experience and will have a passion for delivering innovative solutions that add substantial value to our clients, contributing to our reputation as one of the recent success stories within the Managemen"
58928abdbab1e226,himalayas,"Senior Specialist HRIS (Mumbai, Remote, IN)",The Hershey Company,India,India,True,Not disclosed,,,,annual,SAP module/technical requirement,Data / Analytics,Lead / Manager,HCM / SuccessFactors,SuccessFactors,1786246744,https://himalayas.app/companies/the-hershey-company/jobs/senior-specialist-hris-mumbai-remote-in,"About The Hershey Company The Hershey Company (NYSE: HSY) is an industry-leading snacks company known for making more moments of goodness through its iconic brands. With a strong portfolio across chocolate, confectionery, and salty snacks, Hershey delights consumers every day. Our beloved brands include Hershey’s, Reese’s, KitKat®, Dots Pretzels, Lesser Evil, Jolly Rancher, Twizzlers, Ice Breakers, and more. At Hersh"
886098f1c55e0dca,himalayas,Procurement Professional II,The Nielsen Company,Mexico,Mexico,True,Not disclosed,,,,annual,SAP module/technical requirement,Data / Analytics,Lead / Manager,MM / Procurement,Ariba,1788045892,https://himalayas.app/companies/the-nielsen-company/jobs/procurement-professional-ii-7488209046,"Join the transformation of our Global Procurement function! This is a high-impact, newly created role designed to scale Nielsen’s procurement operations globally. As a Procurement Professional , you will be a key player in enhancing long-term profitability and supporting sustainable growth while effectively managing global risks. You won't just be running reports; you will develop and execute sourcing plans for indir"
401f290ac1f71fac,himalayas,"Accounts Receivable Accountant - Remote, Argentina",Tires-Easy,Argentina,Argentina,True,Not disclosed,,,,annual,SAP module/technical requirement,Data / Analytics,Mid / Unspecified,S/4HANA,S/4HANA; English,1786690303,https://himalayas.app/companies/tires-easy/jobs/accounts-receivable-accountant-remote-argentina,"Accounts Receivable Accountant Please submit resume in English A bit about Tires Easy: We’re on a mission to change the tire industry — how it’s delivered and how it’s experienced. A pioneer in the automotive e-commerce industry, we take pride in our extensive selection of top-name brands and budget-friendly options, ensuring our customers find the perfect tire to suit their needs. As a part of our growing and dynami"
d84eb8d8620295ac,himalayas,SAP Consultant,Trimetis Services,Egypt,Egypt,True,Not disclosed,,,,annual,Core SAP delivery role,Technical / Development,Mid / Unspecified,ABAP / Development; FI / CO / FICO; MM / Procurement; EWM / WM / Logistics,ABAP; FICO; SAP MM; German,1788206613,https://himalayas.app/companies/trimetis-services/jobs/sap-consultant,🔎 Open Roles (1–4 Years Experience): • SAP FICO (Finance & Controlling) • SAP MM / SD / PP / LE / EWM (Logistics) • SAP ABAP Developers (Technical Consultants) Requirements ✔ University Degree ✔ 1–4 years of SAP experience ✔ Hands-on experience with SAP ERP ✔ German language level B1 or higher (mandatory) ✔ Strong communication & teamwork skills 🌍 Location: Cairo 🇪🇬 This opportunity is open for Egyptian nationals onl
7e846ecb3ced2349,himalayas,SAP GRC/Security Consultant,Turnkey Consulting,United States,United States,True,Not disclosed,,,,annual,Core SAP delivery role,Basis / Security,Mid / Unspecified,S/4HANA; Fiori / UI5; Basis / Security; HANA / Data,S/4HANA; SAP HANA; SAP Fiori; GRC / Security,1787221357,https://himalayas.app/companies/turnkey-consulting/jobs/sap-grc-security-consultant,"Job Title: SAP GRC/Security Consultant Company: Turnkey Consulting Location: United States (Considering candidates in any US location ) About Turnkey Consulting Turnkey Consulting is a leading advisory and implementation organization with deep expertise in risk management, governance, and compliance & security. Having the ability to provide end-to-end solutions that integrate technology, process, and people. Our busi"
9d363f3d38e6383f,himalayas,SAP GRC/Security Senior Consultant,Turnkey Consulting,United States,United States,True,Not disclosed,,,,annual,Core SAP delivery role,Basis / Security,Senior,S/4HANA; BTP / Integration; Fiori / UI5; Basis / Security; HANA / Data,S/4HANA; SAP HANA; SAP BTP; SAP Fiori; GRC / Security,1787264514,https://himalayas.app/companies/turnkey-consulting/jobs/sap-grc-security-senior-consultant,"Job Title: SAP GRC/Security Senior Consultant Company: Turnkey Consulting Location: United States (Considering candidates in any US location that are fully authorized to work in the US - Applicants needing sponsorship will NOT be considered) About Turnkey Consulting Turnkey Consulting is a leading advisory and implementation organization with deep expertise in risk management, governance, and compliance & security. H"
bacae27995e84471,himalayas,Senior SAP Security Consultant,Turnkey Consulting,Malaysia,Malaysia,True,Not disclosed,,,,annual,Core SAP delivery role,Basis / Security,Senior,S/4HANA; BTP / Integration; Basis / Security,S/4HANA; SAP BTP; GRC / Security,1786704104,https://himalayas.app/companies/turnkey-consulting/jobs/senior-sap-security-consultant,"About Us Turnkey is helping to make the world a safer place to do business. As a global consulting provider of risk management, identity and access management and cyber security solutions to companies who run enterprise software, we help some of the largest companies in the world to manage their business risks and protect their most important assets from internal and external threats. We are a fast growing and dynami"
9c953ba4c4e8c451,himalayas,Senior Consultant (m/w/d) Meter-to-Cash & SAP S/4HANA Utilities,UTILITY PARTNERS GmbH,Australia,Australia; Canada; India; Ireland; New Zealand; Nigeria; Pakistan; South Africa; United Kingdom; United States,True,Not disclosed,,,,annual,Core SAP delivery role,Functional Consulting,Senior,S/4HANA,S/4HANA; Agile / Scrum,1785143348,https://himalayas.app/companies/utility-partners-gmbh/jobs/senior-consultant-m-w-d-meter-to-cash-sap-s-4hana-utilities,"das erwartet dich bei uns: Gestalte mit uns das Heute und Morgen der Energiewirtschaft. Als Consultant Meter-to-Cash & SAP S/4HANA Utilities unterstützt du Energieversorgungsunternehmen, Netzbetreiber und Messstellenbetreiber bei der Optimierung und Transformation ihrer energiewirtschaftlichen Geschäftsprozesse. Du verbindest operative Erfahrung aus der Energiewirtschaft mit einer ausgeprägten Beratungsmentalität und"
fe9d8bb2ed0c11e9,himalayas,"Senior Manager, Global Credit & Collections",VIAVI Solutions,United States,United States,True,Not disclosed,,,,annual,SAP module/technical requirement,Data / Analytics,Lead / Manager,MM / Procurement,Ariba,1788148286,https://himalayas.app/companies/viavi-solutions/jobs/senior-manager-global-credit-collections,"Summary: VIAVI (NASDAQ: VIAV) is a global provider of network test, monitoring and assurance solutions for telecommunications, cloud, enterprises, first responders, military, aerospace, and railway. VIAVI is also a leader in light management technologies for 3D sensing, anti-counterfeiting, consumer electronics, industrial, automotive, government and aerospace applications. We are the people behind the products that "
d57bfb9e8b2ee533,himalayas,CAP/FIORI/JAVE Node,VMG Labs,United States,United States,True,Not disclosed,,,,annual,SAP-titled role,Technical / Development,Senior,ABAP / Development; BTP / Integration; Fiori / UI5; PP / QM / Manufacturing,ABAP; SAP BTP; SAP Fiori; RAP / CAP; SAP PP,1787095705,https://himalayas.app/companies/vmg-labs/jobs/cap-fiori-jave-node,This is a remote position. We have 2 opportunities available to start immediately or latest end of February - Senior SAP I am reaching out to you as you might know of consultants with the below skills: CAP - Has to be their primary Skill FIORI - Secondary JAVA Node Consultants need to be available to start asap till the end of November. Requirements CAP - Has to be their primary Skill FIORI - Secondary JAVA Node Has 
1ea15935b55b9267,himalayas,Business Analyst - SAP SuccessFactors,Valce Talent Solutions,United States,United States,True,Not disclosed,,,,annual,Core SAP delivery role,Technical / Development,Junior,HCM / SuccessFactors,SuccessFactors; English,1786168316,https://himalayas.app/companies/valce-talent-solutions/jobs/business-analyst-sap-successfactors,"Business Analyst with expertise in SAP SuccessFactors and Data Integration job Title: Business Analyst, Supervising Associate The opportunity We are seeking a skilled Business Analyst with expertise in SAP SuccessFactors and Data Integration to drive Talent projects forward. The successful candidate will play a crucial role in gathering requirements, analyzing business processes, and ensuring the seamless integration"
8d6fbbadfbab47ed,himalayas,SAP ABAP Fiori,Valce Talent Solutions,United States,United States,True,Not disclosed,,,,annual,SAP-titled role,Technical / Development,Mid / Unspecified,S/4HANA; ABAP / Development; BTP / Integration; Fiori / UI5; HANA / Data,ABAP; S/4HANA; SAP HANA; SAP Fiori; SAPUI5 / UI5; OData; CDS Views; RAP / CAP; IDoc; English,1788224831,https://himalayas.app/companies/valce-talent-solutions/jobs/sap-abap-fiori,"SAP ABAP Fiori We are looking for an experienced SAP ABAP Fiori Developer with strong hands-on expertise in SAP S/4HANA, ABAP, CDS Views, RAP, OData, and SAP Fiori Elements/UI5. The resource will be responsible for designing, developing, enhancing, and supporting SAP applications while working closely with functional and integration teams. Strong experience in SAP ABAP and ABAP Objects. Strong knowledge of SAP S/4HAN"
2e4ec1f5adeefdd8,himalayas,SAP BASIS Digital Customer Engagement Manager,Valce Talent Solutions,United States,United States,True,Not disclosed,,,,annual,Core SAP delivery role,Project / Program,Lead / Manager,S/4HANA; Basis / Security; HANA / Data; MM / Procurement,S/4HANA; SAP HANA; Ariba,1786566617,https://himalayas.app/companies/valce-talent-solutions/jobs/sap-basis-digital-customer-engagement-manager,"We are looking for people with SAP brownfield migration and hyperscaler exposure for PL Requirements. a.Proven hands-on technical experience Basis skillset with migration experiences from on-Prem to the cloud environment -Hyperscaler understanding nd experience b.Understanding of Technical Managed Services and related ITSM processes c.Excellent internal and external stakeholder management, presentation and communicat"
3d153b3e815e3a46,himalayas,SAP BTP Developer,Valce Talent Solutions,United States,United States,True,Not disclosed,,,,annual,Core SAP delivery role,Basis / Security,Lead / Manager,S/4HANA; ABAP / Development; BTP / Integration; Fiori / UI5; Basis / Security; HANA / Data; HCM / SuccessFactors,S/4HANA; SAP HANA; SAP BTP; SAP Fiori; SAPUI5 / UI5; OData; RAP / CAP; SuccessFactors; GRC / Security; English,1783994412,https://himalayas.app/companies/valce-talent-solutions/jobs/sap-btp-developer,"SAP BTP Developer ""Job Summary: (Briefly describe the main objectives and purpose of the job. Why does the job exist? What is it expected to accomplish?) Talent IT Service Delivery team is responsible for the end-to-end delivery of programs/projects to develop and maintain global applications and systems in Talent IT Landscape in SAP technology stack. The main function of this pillar is to coordinates and manages a t"
bb189417e2f1fd44,himalayas,SAP Success Factors Employee Central Consultant,Valce Talent Solutions,United States,United States,True,Not disclosed,,,,annual,Core SAP delivery role,Technical / Development,Mid / Unspecified,ABAP / Development; HCM / SuccessFactors,ABAP; SuccessFactors; English,1786794379,https://himalayas.app/companies/valce-talent-solutions/jobs/sap-success-factors-employee-central-consultant,SAP Success Factors Employee Central Consultant 4+ years of experience as an SAP HCM Payroll or SAP SuccessFactors Employee Central Payroll Consultant. Experience providing production support for payroll solutions. Hands-on experience with SAP HCM Payroll configuration. Experience troubleshooting payroll calculation issues. Experience working directly with customers. Technical Skills SAP HCM Payroll. Employee Central
61bdd8331f75effb,himalayas,Sr Project Manager,Valce Talent Solutions,United States,United States,True,Not disclosed,,,,annual,SAP module/technical requirement,Project / Program,Lead / Manager,HCM / SuccessFactors,SuccessFactors,1786574806,https://himalayas.app/companies/valce-talent-solutions/jobs/sr-project-manager,"Talent Project Manager, Strategic Projects - Assistant Director The opportunity We are seeking a skilled Project Manager with expertise in SAP SuccessFactors and Data Integration to lead and manage projects related to the implementation, integration, and optimization of EY Talent systems. The ideal candidate will have a strong background in project management, SAP SuccessFactors, and data integration methodologies, w"
ec755d41b3f1d5c5,himalayas,Sr Project Manager + SAP SuccessFactors and Data Integration,Valce Talent Solutions,Mexico,Mexico,True,Not disclosed,,,,annual,Core SAP delivery role,Project / Program,Lead / Manager,HCM / SuccessFactors,SuccessFactors,1787465280,https://himalayas.app/companies/valce-talent-solutions/jobs/sr-project-manager-sap-successfactors-and-data-integration,"Job Title: Talent Project Manager, Strategic Projects - Assistant Director The opportunity We are seeking a skilled Project Manager with expertise in SAP SuccessFactors and Data Integration to lead and manage projects related to the implementation, integration, and optimization of EY Talent systems. The ideal candidate will have a strong background in project management, SAP SuccessFactors, and data integration metho"
8bd68e05ec7562c2,himalayas,Especialista SAP,Valgroup,Brazil,Brazil,True,Not disclosed,,,,annual,SAP-titled role,Other SAP-Related,Mid / Unspecified,S/4HANA; MM / Procurement; EWM / WM / Logistics,S/4HANA; SAP MM; SAP EWM,1786526598,https://himalayas.app/companies/valgroup/jobs/especialista-sap,"Somos uma das maiores produtoras, transformadoras e recicladoras de plástico. Investimos em inovação sustentável e oferecemos a diversas indústrias soluções em embalagens plásticas completas e inovadoras, além de compostos, resinas recicladas, masterbatches e máquinas, produzidos com as melhores matérias-primas e equipamentos do mercado. Se você se identifica com a nossa Empresa e com o desafio, venha ser VALGROUP, j"
041cade227bd4a05,himalayas,"Director, Procurement Intelligence & Predictive Analytics, Global",Vantage Data Centers,United States,United States,True,Disclosed,180000,200000,USD,annual,SAP module/technical requirement,Data / Analytics,Lead / Manager,MM / Procurement,Ariba,1786231372,https://himalayas.app/companies/vantagedatacenters/jobs/director-procurement-intelligence-predictive-analytics-global,"About Vantage Data Centers Vantage Data Centers powers, cools, protects and connects the technology of the world’s well-known hyperscalers, cloud providers and large enterprises. Developing and operating across North America, EMEA and Asia Pacific, Vantage has evolved data center design in innovative ways to deliver dramatic gains in reliability, efficiency and sustainability in flexible environments that can scale a"
8cac6042d3298e56,himalayas,Senior People Technology (HRIS) Analyst,Veolia,United States,United States,True,Disclosed,90000,120000,USD,annual,SAP module/technical requirement,Basis / Security,Senior,Basis / Security; HCM / SuccessFactors,SuccessFactors; GRC / Security; Agile / Scrum,1783457254,https://himalayas.app/companies/veolia/jobs/senior-people-technology-hris-analyst,"This role is designed to be 100% remote! Are you a technical strategist who loves to get under the hood of global HR systems? At Veolia , we are looking for a Senior HRIS Analyst to serve as the technical backbone of our global HR ecosystem. This isn't just a maintenance role—you will be the architect of our SaaS environment, ensuring our technology scales as fast as our business. Why this role? You will own the tech"
0cedef8b3707423b,himalayas,"M&A Specialist (HR, Org Design & Talent Strategy)",Veralto,United States,United States,True,Disclosed,100000,125000,USD,annual,SAP module/technical requirement,Technical / Development,Mid / Unspecified,HCM / SuccessFactors,SuccessFactors,1786160990,https://himalayas.app/companies/veralto/jobs/m-a-specialist-hr-org-design-talent-strategy,"Imagine yourself… Growing your expertise and expanding your skillset with every project. Joining a company with a proven track record of success and an exciting future. Contributing to a brighter, more sustainable future. At Veralto , our unifying purpose of Safeguarding the World’s Most Vital Resources™ is more than words: it’s a proven path towards positive change, improvement for our planet, and development for yo"
1375cd6f60598fa0,himalayas,Technical Solutions Analyst III,Vertex Inc.,United States,United States,True,Disclosed,86600,112500,USD,annual,SAP module/technical requirement,Technical / Development,Lead / Manager,ABAP / Development,ABAP,1786757473,https://himalayas.app/companies/vertex-inc/jobs/technical-solutions-analyst-iii,"Job Description: Summary Serve as the final escalation point for highly complex, visible, and sensitive client technical issues, applying expert-level judgment and creative problem-solving to drive resolution. Provide advanced troubleshooting and support for data-driven applications, relational databases, networking protocols, APIs, Java, Linux, and related enterprise technologies. Act as a Customer Support liaison d"
5d75e0970148d98d,himalayas,Consultor SAP Basis Especialista,Vetta Tecnologia,Brazil,Brazil,True,Not disclosed,,,,annual,SAP-titled role,Basis / Security,Mid / Unspecified,ABAP / Development; Basis / Security; HANA / Data,ABAP; SAP HANA,1787594503,https://himalayas.app/companies/vetta-tecnologia/jobs/consultor-sap-basis-especialista,"Estamos buscando uma pessoa Consultor SAP Basis Especialista para o Time Vetta! Você atuará no time de uma empresa líder na produção e comercialização de aços, que produz soluções para os principais desafios industriais do país. VOCÊ JÁ CONHECE A VETTA? Na Vetta, acreditamos que a tecnologia e a inovação são essenciais para criar um futuro mais sustentável e eficiente para todos. Como uma empresa líder em digitalizaç"
71c721ecb2ee2e0c,himalayas,Consultor SAP Basis Sênior,Vetta Tecnologia,Brazil,Brazil,True,Not disclosed,,,,annual,SAP-titled role,Basis / Security,Mid / Unspecified,ABAP / Development; Basis / Security,ABAP,1787304701,https://himalayas.app/companies/vetta-tecnologia/jobs/consultor-sap-basis-senior,"Estamos buscando uma pessoa [gestor(a), insira aqui o nome do cargo] para o Time Vetta! Você atuará no time de uma empresa líder na produção e comercialização de aços, que produz soluções para os principais desafios industriais do país. VOCÊ JÁ CONHECE A VETTA? Na Vetta, acreditamos que a tecnologia e a inovação são essenciais para criar um futuro mais sustentável e eficiente para todos. Como uma empresa líder em dig"
0beaffda4e763131,himalayas,Desenvolvedor ABAP Sênior,Vetta Tecnologia,Brazil,Brazil,True,Not disclosed,,,,annual,SAP-titled role,Technical / Development,Mid / Unspecified,S/4HANA; ABAP / Development; Fiori / UI5; PM / Asset Management,ABAP; S/4HANA; SAP Fiori,1787294119,https://himalayas.app/companies/vetta-tecnologia/jobs/desenvolvedor-abap-senior,"Estamos buscando uma pessoa [gestor(a), insira aqui o nome do cargo] para o Time Vetta! Você atuará no time de uma empresa líder na produção e comercialização de aços, que produz soluções para os principais desafios industriais do país. VOCÊ JÁ CONHECE A VETTA? Na Vetta, acreditamos que a tecnologia e a inovação são essenciais para criar um futuro mais sustentável e eficiente para todos. Como uma empresa líder em dig"
845bf7c0c03b7214,himalayas,Proposal Senior Manager,Vialto Partners,United States,United States,True,Disclosed,175000,205000,USD,annual,SAP module/technical requirement,Technical / Development,Lead / Manager,MM / Procurement,Ariba; English,1785366709,https://himalayas.app/companies/vialto/jobs/proposal-senior-manager,"Company Description Vialto helps multinational companies and their people work across borders legally and compliantly. We combine deep expertise in immigration, tax, business travel, remote work, payroll, and compensation with a single, integrated platform and team—to make global work better. Whether someone is moving to a new country, working remotely, or traveling for business, we help ensure they have the right pe"
f449088d546b2324,himalayas,Proposal Senior Manager,Vialto Partners,United States,United States,True,Disclosed,175000,205000,USD,annual,SAP module/technical requirement,Technical / Development,Lead / Manager,MM / Procurement,Ariba; English,1784822745,https://himalayas.app/companies/vialto-partners/jobs/proposal-senior-manager,"Company Description Vialto helps multinational companies and their people work across borders legally and compliantly. We combine deep expertise in immigration, tax, business travel, remote work, payroll, and compensation with a single, integrated platform and team—to make global work better. Whether someone is moving to a new country, working remotely, or traveling for business, we help ensure they have the right pe"
512c95fe7c977aa5,himalayas,AI & Platform Innovation Engineer,Vicoland,Germany,Germany,True,Not disclosed,,,,annual,SAP module/technical requirement,Technical / Development,Mid / Unspecified,S/4HANA,S/4HANA,1784957935,https://himalayas.app/companies/vicoland/jobs/ai-platform-innovation-engineer,"Vicoland gives the professional services market a new dimension: Virtual Companies – ""Vicos"". We invented Vicos as a new type of supplier, more efficient than traditional professional services firms (consultancies, system integrators, agencies etc.). On our AI-driven SaaS platform, freelance experts team up to act like real companies, competing successfully for large enterprise projects. Already, 120+ Vicos with thou"
1ff414c89740110b,himalayas,"Supply Chain Implementation Consultant, Cloud ERP (SAP S/4HANA Cloud Public Edit",Vision33,Canada,Canada,True,Not disclosed,,,,annual,Core SAP delivery role,Technical / Development,Lead / Manager,S/4HANA; HANA / Data; TM / GTS / Supply Chain,S/4HANA; SAP HANA,1786280841,https://himalayas.app/companies/vision33/jobs/supply-chain-implementation-consultant-cloud-erp-sap-s-4hana-cloud-public-edit,"Supply Chain Consultant, Cloud ERP (SAP S/4HANA Cloud Public Edition) Full Time / Permanent Location: Canada Open - Remote We’re in the process of building something new at Vision33 — a dedicated S/4HANA Public Cloud team that will play a central role in the future of ERP. This small, focused group will help define how Vision33 delivers and transforms systems into value for our partners and will set the industry stan"
404564417e946ab8,himalayas,SAP Basis Administrator,VistaVu Solutions,United States,United States,True,Not disclosed,,,,annual,Core SAP delivery role,Basis / Security,Mid / Unspecified,S/4HANA; Basis / Security; HANA / Data,S/4HANA; SAP HANA; GRC / Security,1786865210,https://himalayas.app/companies/vistavu-solutions/jobs/sap-basis-administrator,"VistaVu Solutions is an employee-owned tech company on a high growth curve. We deliver full lifecycle ERP implementations, transformation projects, and responsive support through our partnerships with SAP S/4Hana Cloud, SAP Business One, SAP Business ByDesign, Boomi, and Amazon Web Services to mid-market companies in a broad range of industries primarily within the United States and Canada.In addition, we provide cus"
bb0df8743034f714,himalayas,Senior Associate - Procurement Consulting (Transformation & Advisory),WNS Global Services,United States,United States,True,Disclosed,80000,125000,USD,annual,SAP module/technical requirement,Data / Analytics,Junior,MM / Procurement,Ariba,1784410397,https://himalayas.app/companies/wns-global-services/jobs/senior-associate-procurement-consulting-transformation-advisory,"Job Title: Senior Associate - Procurement Consulting Location: Remote Employment Type: Full-time Industry: Procurement - Transformation and Advisory Experience Level: Mid-Level 🧭 About the Role We are seeking a results-driven and analytical Senior Associate – Procurement Consulting to join our team. In this role, you will support strategic sourcing, procurement transformation, cost optimization, and category manageme"
5d1702f76526789c,himalayas,SAP SuccessFactors (EC/ECP/PMGM/LMS/ONB/Recruiting) & SAP HCM (Payroll),Westrocon,South Africa,South Africa,True,Not disclosed,,,,annual,SAP-titled role,Technical / Development,Senior,HCM / SuccessFactors,SuccessFactors; English,1784765937,https://himalayas.app/companies/westrocon/jobs/sap-successfactors-ec-ecp-pmgm-lms-onb-recruiting-sap-hcm-payroll,"Key Responsibilities: Assisting in the configuration and customisation of SAP SuccessFactors modules (e.g., Employee Central, Performance & Goals, Learning, Recruitment, Compensation). Participating in project workshops to gather and document client requirements. Supporting the development of functional specifications and system design documents. Conducting system testing, including unit testing, integration testing,"
0be879ce7a818d4f,himalayas,SAP Basis (Senior) Consultant (m/w/d),Windhoff Group,Germany,Germany,True,Not disclosed,,,,annual,Core SAP delivery role,Basis / Security,Senior,S/4HANA; Basis / Security; HANA / Data,S/4HANA; SAP HANA; German,1788187372,https://himalayas.app/companies/windhoff-group/jobs/sap-basis-senior-consultant-m-w-d,"Seit über 25 Jahren verwandeln wir bei der Windhoff Group Daten in echte Geschäftschancen – von klassischer Business Intelligence bis zur KI-getriebenen Automatisierung. Dabei denken wir ganzheitlich: Wir begleiten unsere Kunden End-to-End, von der Strategie über die technische Umsetzung bis zum produktiven Betrieb. Ob BI-Reporting, Data Warehousing, Predictive Analytics oder KI-Lösungen – unser Anspruch ist es, aus "
9558e754eddb15f8,himalayas,"Senior Systems Analyst, SAP GTS",Wolverine Worldwide,United States,United States,True,Disclosed,108000,141750,USD,annual,Core SAP delivery role,Technical / Development,Senior,S/4HANA; ABAP / Development; EWM / WM / Logistics; TM / GTS / Supply Chain,ABAP; S/4HANA; SAP GTS,1788046954,https://himalayas.app/companies/wolverine-worldwide/jobs/senior-systems-analyst-sap-gts,"Wolverine World Wide, Inc. (NYSE: WWW) is a global footwear and apparel company driven by a vision to Make. Every Day. Better. Founded in 1883, the Company builds and grows iconic brands including Merrell®, Saucony®, Wolverine®, Sweaty Betty®, Chaco®, Hush Puppies®, Stride Rite®, HYTEST®, and Bates®, along with footwear licenses for Cat® and Harley-Davidson®. Headquartered in Rockford, Michigan, the Company’s product"
7cc98044b3104c76,himalayas,Integration Consultant,Workforce Optimizer Pte Ltd,India,India,True,Not disclosed,,,,annual,SAP module/technical requirement,Technical / Development,Senior,HCM / SuccessFactors,SuccessFactors,1787270992,https://himalayas.app/companies/workforce-optimizer-pte-ltd/jobs/integration-consultant,"We are looking for an Integration Consultant to join our technical team. This role will focus on developing integrations that integrate Workforce Optimizer platform with Third Party software systems like SAP, Oracle and SAP SuccessFactors Requirements Responsibilities: Build data mappings and integrations using integration tools, Workforce Optimizer, and a variety of third party APIs Support customizations and config"
9ff63184468a72ac,himalayas,SAP SD Consultant/Developer – AI Integration (f/m/d),Workist GmbH,Germany,Germany,True,Not disclosed,,,,annual,Core SAP delivery role,Technical / Development,Mid / Unspecified,S/4HANA; ABAP / Development; BTP / Integration; SD / Sales,ABAP; S/4HANA; SAP BTP; OData; SAP SD; Agile / Scrum; English; German,1788045578,https://himalayas.app/companies/workist-gmbh/jobs/sap-sd-consultant-developer-ai-integration-f-m-d,"deine rolle bei uns For our Solution Engineering team we're looking for an SAP SD developer/consultant. At Workist, our Solution Engineering team works directly with our customers to connect their ERP (e.g. sAP) systems to our AI platform and get them live as fast as possible. Our customers rely on Workist's AI software to automate core processes in Sales and Procurement. SAP is where the majority of that data lives,"
f78bc705fc6e3f79,himalayas,"Consultant SAP S/4HANA, CRM & Customer Management – Digital Transformation (m/f/",Worldwide Placement Limited,Germany,Germany,True,Not disclosed,,,USD,annual,Core SAP delivery role,Technical / Development,Mid / Unspecified,S/4HANA; ABAP / Development; Fiori / UI5; CRM / CX / Commerce,ABAP; S/4HANA; SAPUI5 / UI5; German,1785781661,https://himalayas.app/companies/worldwide-placement-limited/jobs/consultant-sap-s-4hana-crm-customer-management-digital-transformation-m-f,Location: Home office anywhere in Germany (client base around Stuttgart) Remote/Hybrid/On-Site Policy: Fully remote possible; optional office days; on-site client visits ad-hoc Travel Requirements: 10–20 % within Stuttgart region; occasional trips to Eschborn; no company car Work Experience: Minimum 2 years of experience Language Requirement: German language C1–C2 (client-facing) Employment Type: Full-time Skills Req
3c28d0a0be4210c7,himalayas,General Ledger Accountant,XP Power,Philippines,Philippines,True,Not disclosed,,,,annual,SAP module/technical requirement,Data / Analytics,Mid / Unspecified,S/4HANA,S/4HANA,1787516554,https://himalayas.app/companies/xp-power/jobs/general-ledger-accountant,"KEY RESPONSIBILITIES The General Ledger (GL) Accountant is responsible for maintaining the accuracy and integrity of the company’s general ledger and supporting timely, compliant financial reporting. This role owns journal entries, account reconciliations, accruals, and variance analysis, and plays a key role in month‑end and year‑end close processes. The GL Accountant works closely with AP, AR, Payroll, FP&A to ensu"
e82d85a1cbb6301f,himalayas,SAP Data Analyst,XP Power,Philippines,Philippines,True,Not disclosed,,,,annual,Core SAP delivery role,Data / Analytics,Mid / Unspecified,S/4HANA,S/4HANA,1786924131,https://himalayas.app/companies/xp-power/jobs/sap-data-analyst,"Analyse SAP and related business data to identify data quality issues, trends and improvement opportunities. Manage and monitor SAP master data, ensuring accuracy, completeness, consistency and compliance with defined standards. Support MDM/MDG processes, including master data creation, change, approval, validation and governance workflows. Perform data quality checks and support remediation of duplicate, incomplete,"
d5441e7b8eed4a3e,himalayas,SAP ABAP Integration BTP/PI/PO 2747,Xideral,Mexico,Mexico,True,Not disclosed,,,,annual,SAP-titled role,Basis / Security,Mid / Unspecified,S/4HANA; ABAP / Development; BTP / Integration; Basis / Security,ABAP; S/4HANA; SAP BTP; CPI / Integration Suite; PI/PO; OData; GRC / Security; Agile / Scrum; English,1788381130,https://himalayas.app/companies/xideral/jobs/sap-abap-integration-btp-pi-po-2747,"Seeking Experienced SAP ABAP Integration BTP/PI/PO for Exciting Projects Remote in Mexico We are looking for an experienced SAP ABAP Integration Consultant to join a long-term SAP S/4HANA implementation project. In this role, you will work closely with functional and technical teams to design, develop, and implement integration solutions using SAP ABAP, SAP BTP Integration Suite, and SAP PI/PO. Key Responsibilities: "
5d6e015be3200284,himalayas,SAP Basis Administrator 2501,Xideral,Mexico,Mexico,True,Not disclosed,,,,annual,Core SAP delivery role,Basis / Security,Senior,S/4HANA; ABAP / Development; BTP / Integration; Fiori / UI5; Basis / Security; HANA / Data; CRM / CX / Commerce,ABAP; S/4HANA; SAP HANA; SAP BTP; SAP Fiori; CPI / Integration Suite; SAP BW / BI; SAP Analytics Cloud; GRC / Security; English,1787197863,https://himalayas.app/companies/xideral/jobs/sap-basis-administrator-2501,"We are looking for experienced SAP Basis Administrators with a global technology leader. This is a remote position, open to candidates based México Key Responsibilities: Provide L2/L3 SAP Basis support and issue resolution. Implement, configure, and troubleshoot the SAP technical environment. Perform system performance tuning, system upgrades, and support ABAP/JAVA stacks. Plan and execute Support Package upgrades an"
ed771ddbdc4a2ffc,himalayas,SAP Basis Lead Consultant / remote 2857,Xideral,Mexico,Mexico,True,Not disclosed,,,,annual,Core SAP delivery role,Basis / Security,Lead / Manager,S/4HANA; BTP / Integration; Fiori / UI5; Basis / Security; HANA / Data,S/4HANA; SAP HANA; SAP Fiori; CPI / Integration Suite; SAP BW / BI; English,1787297240,https://himalayas.app/companies/xideral/jobs/sap-basis-lead-consultant-remote-2857,"Seeking Experienced SAP Basis Lead Consultant for Exciting Projects Remote in Mexico We are looking for a SAP Basis Lead Consultant to join our team in a long-term project with a leading technology organization. This is a senior-level position focused on SAP Basis, S/4HANA, cloud migrations, technical architecture, and leadership of complex SAP technology initiatives. Key Responsibilities: • Lead SAP Basis solution d"
4ccf22ef168a5229,himalayas,SAP FSCM Consultant 2837,Xideral,Mexico,Mexico,True,Not disclosed,,,,annual,Core SAP delivery role,Technical / Development,Lead / Manager,BTP / Integration; SD / Sales; TM / GTS / Supply Chain,SAP BTP; SAP SD; Agile / Scrum; English,1785429179,https://himalayas.app/companies/xideral/jobs/sap-fscm-consultant-2837,"Seeking Experienced SAP FSCM (Financial Supply Chain Management) for Exciting Projects Remote in Mexico We are looking for a senior consultant with strong experience in SAP SD and FSCM who can independently manage business requirements from analysis through implementation and resolution. The ideal candidate should be capable of understanding business needs, proposing SAP standard solutions and best practices, configu"
155d3598a3e41176,himalayas,SAP IM-MM Consultant 2724,Xideral,Mexico,Mexico,True,Not disclosed,,,,annual,Core SAP delivery role,Functional Consulting,Mid / Unspecified,FI / CO / FICO; MM / Procurement,FICO; Ariba; Concur,1787128417,https://himalayas.app/companies/xideral/jobs/sap-im-mm-consultant-2724,"Consultor SAP IM-MM – Remoto en México 2724 Estamos buscando un/a SAP IM/MM Consultant para proyectos de implementación e integración en los módulos de Inventory Management (IM) y Materials Management (MM). La posición estará enfocada en la implementación y soporte de SAP Inventory Management y Materials Management. Si eres un/a profesional con enfoque en la mejora continua, disfrutas trabajar en equipo y te motiva e"
d081fa734bf89849,himalayas,SAP IM-MM Consultant- 2724,Xideral,Mexico,Mexico,True,Not disclosed,,,,annual,Core SAP delivery role,Technical / Development,Mid / Unspecified,S/4HANA; ABAP / Development; Fiori / UI5; FI / CO / FICO; MM / Procurement,ABAP; S/4HANA; SAP Fiori; SAPUI5 / UI5; FICO; SAP MM; Ariba; Concur,1785749245,https://himalayas.app/companies/xideral/jobs/sap-im-mm-consultant-2724-7465072719,"SAP IM-MM Consultant - Remote in Mexico Estamos buscando SAP IMM/MM consultant para implementacion de IM/ MM e integracione. Será de Inventory Management y Materials Management para la implementación y soporte en SAP Inventory Management y Materials Management. Si eres un/a profesional con mindset orientado a la mejora continua, te atrae trabajar en equipo y entregar soluciones de calidad, esta oportunidad podría ser"
469b527a1857ee61,himalayas,SAP Transportation and Distribution (SAP TD) Consultant | Remoto | 2836,Xideral,Mexico,Mexico,True,Not disclosed,,,,annual,Core SAP delivery role,Technical / Development,Senior,BTP / Integration; TM / GTS / Supply Chain,SAP BTP; Agile / Scrum,1785784076,https://himalayas.app/companies/xideral/jobs/sap-transportation-and-distribution-sap-td-consultant-remoto-2836,"Buscamos un Consultor SAP Transportation and Distribution (SAP TD) Senior Consultant con experiencia en mantenimiento evolutivo y correctivo de soluciones SAP, capaz de gestionar requerimientos de principio a fin de manera autónoma. El candidato deberá analizar necesidades de negocio, proponer soluciones alineadas a las mejores prácticas de SAP y acompañar todo el ciclo de implementación hasta su liberación. Responsa"
7968501e963d6e81,himalayas,SAP EPPM Consultant,Yopeso,Germany,Germany; India; United Kingdom; United States,True,Not disclosed,,,,annual,Core SAP delivery role,Technical / Development,Mid / Unspecified,S/4HANA; Fiori / UI5,S/4HANA; SAP Fiori; Agile / Scrum; English; German,1788294748,https://himalayas.app/companies/yopeso/jobs/sap-eppm-consultant,"Yopeso has been developing a diverse range of software products, from large-scale applications to smaller solutions, for 20 years. With a growing team of over 300 employees across five locations, we are dedicated to fostering a culture of growth, transparency, and professionalism. At Yopeso , we value authenticity, curiosity, and ambition. These values drive us to build strong connections within our community and wit"
8711d37b91518bae,himalayas,SAP EPPM/PMM Consultant,Yopeso,Germany,Germany; India; United Kingdom; United States,True,Not disclosed,,,,annual,Core SAP delivery role,Technical / Development,Mid / Unspecified,S/4HANA; Fiori / UI5,S/4HANA; SAP Fiori; Agile / Scrum; English; German,1783757621,https://himalayas.app/companies/yopeso/jobs/sap-eppm-pmm-consultant,"Yopeso has been developing a diverse range of software products, from large-scale applications to smaller solutions, for 20 years. With a growing team of over 300 employees across five locations, we are dedicated to fostering a culture of growth, transparency, and professionalism. At Yopeso , we value authenticity, curiosity, and ambition. These values drive us to build strong connections within our community and wit"
4e97693bb04de50a,himalayas,Chief Operating Officer (COO),YosysHQ,Austria,Austria,True,Disclosed,6000,6000,EUR,monthly,SAP module/technical requirement,Data / Analytics,Mid / Unspecified,MM / Procurement,Ariba,1787603556,https://himalayas.app/companies/yosyshq-com/jobs/chief-operating-officer-coo,"You might know YosysHQ from our many Open Source EDA Projects. We are the maintainers of Yosys and the accompanying Open Source EDA ecosystem. Our team is pushing the boundaries of EDA in interesting and unexpected ways, and making these tools and methodologies available for professionals, hobbyists, and academics alike. We offer off-the-shelf software packages that seamlessly integrate our tools in industry design e"
a824b06df4066f0d,himalayas,"Senior SAP SuccessFactors EC Consultant (Home based) (Weybridge, GB)",Zalari,United Kingdom,United Kingdom,True,Not disclosed,,,,annual,Core SAP delivery role,Technical / Development,Lead / Manager,HCM / SuccessFactors,SuccessFactors; Agile / Scrum; English,1788251376,https://himalayas.app/companies/zalari/jobs/senior-sap-successfactors-ec-consultant-home-based-weybridge-gb-9646043216,"Role Summary We are looking for an experienced SAP SuccessFactors Consultant to join our UKI Consulting team. You will work across a diverse mix of local and international clients, delivering new implementations and enhancements while supporting existing clients with ongoing requirements. Your primary focus will be on SAP SuccessFactors Employee Central, with opportunities to lead or support additional modules. This "
677ec2055a86f355,himalayas,Supplier Operations Specialist,Zayo Group,United States,United States,True,Disclosed,53300,82000,USD,annual,SAP module/technical requirement,Basis / Security,Mid / Unspecified,Basis / Security; MM / Procurement,Ariba; GRC / Security,1786363520,https://himalayas.app/companies/zayo-group/jobs/supplier-operations-specialist,"Company Description Zayo provides mission-critical bandwidth to the world’s most impactful companies, fueling the innovations that are transforming our society. Zayo’s 141,000-mile network in North America and Europe includes extensive metro connectivity to thousands of buildings and data centers. Zayo’s communications infrastructure solutions include dark fiber, private data networks, wavelengths, Ethernet, and dedi"
12f25fcc1d070daa,himalayas,Sap Innovation Architect,apiphani,Worldwide / Not specified,Worldwide / Not specified,True,Disclosed,95000,130000,EUR,annual,Core SAP delivery role,Architecture,Mid / Unspecified,S/4HANA; ABAP / Development; Basis / Security,ABAP; S/4HANA; GRC / Security,1787885150,https://himalayas.app/companies/apiphani/jobs/sap-innovation-architect,"Apiphani is a technology-enabled managed services company dedicated to redefining what it means to support mission-critical enterprise workloads. We’re a small but rapidly growing company, which means there’s lots of room for growth and learning opportunities abound! Apiphani is dedicated to creating a diverse and inclusive work environment for all as a fundamental component of our business. Diversity and inclusion a"
d741eaeb9729f77c,himalayas,Technical Consultant,beqom,United Kingdom,United Kingdom,True,Not disclosed,,,,annual,SAP module/technical requirement,Technical / Development,Senior,HCM / SuccessFactors,SuccessFactors,1785512627,https://himalayas.app/companies/beqom/jobs/technical-consultant,"Company Overview beqom is a high-growth B2B SaaS company that provides industry-leading tools for pay equity and transparency, compensation, and performance management. Trusted by some of the world’s most respected companies, beqom enables HR and business leaders to navigate global compliance and make smarter pay decisions that attract, retain, and motivate top talent. Founded in Switzerland and serving clients world"
64cb15c56f67289b,himalayas,"PHP Entwickler - CMIS, SAP Cloud ERP, SAP BTP (m/w/d)",edoc solutions ag,Germany,Germany,True,Not disclosed,,,,annual,SAP-titled role,Technical / Development,Mid / Unspecified,BTP / Integration,SAP BTP,1783384373,https://himalayas.app/companies/edoc-solutions-ag/jobs/php-entwickler-cmis-sap-cloud-erp-sap-btp-m-w-d-4010479377,"was dich erwartet Weiterentwicklung unserer Plattform: Du treibst aktiv die Weiterentwicklung unserer Prozess- und Automatisierungsplattform voran, verbindest sie mit anderen ERP-System wie SAP auf CMISbasis, SAP-BTP und bringst eigene Ideen zur Optimierung ein. Entwicklung: Du entwickelst full stack, pflegst und optimierst unsere Webapplikationen auf Basis von PHP sowie modernen Frontend-Technologien wie React und b"
b7e4aaa5a7fa5a2b,himalayas,Senior SAP S/4HANA Consultant SD (m/w/d),gicom AG,Germany,Germany,True,Not disclosed,,,,annual,Core SAP delivery role,Functional Consulting,Senior,S/4HANA; SD / Sales; HCM / SuccessFactors,S/4HANA; SAP SD,1786827016,https://himalayas.app/companies/gicom-ag/jobs/senior-sap-s-4hana-consultant-sd-m-w-d,"über uns gicom steht seit über 25 Jahren für exzellente Lösungen im SAP-Umfeld. Als langjähriger Partner der SAP entwickeln wir innovative Software und begleiten unsere Kunden aus dem Handel und der Konsumgüterindustrie bei der digitalen Transformation. Mit dem gezielten Ausbau unserer Beratungskompetenz im SAP Standard, insbesondere im Bereich SAP S/4HANA, bieten wir erfahrenen Berater:innen die Möglichkeit, aktiv m"
4dd4d50d6fbbd75f,himalayas,"Business Principal Analyst, SAP Ariba",iHerb,United States,United States,True,Disclosed,139000,175000,USD,annual,Core SAP delivery role,Technical / Development,Lead / Manager,MM / Procurement; TM / GTS / Supply Chain,Ariba,1784753267,https://himalayas.app/companies/iherb-com/jobs/business-principal-analyst-sap-ariba,"For A Better You At iHerb , we believe that living a healthy and balanced life should be easy and accessible to everyone. As a team member, we’ll empower you to live this promise each day as you make a truly global impact in your career. We constantly strive for innovation, while transforming and improving the online shopping experience for our customers. We believe that individually we are incredible, but when we co"
f02957f0f68f304e,himalayas,HR Leader - Fully Remote | Upto $80/hr,mercor,United States,United States,True,Mentioned in text,,,USD,hourly,SAP module/technical requirement,Functional Consulting,Senior,HCM / SuccessFactors,SuccessFactors,1786843401,https://himalayas.app/companies/mercor/jobs/hr-leader-fully-remote-upto-80-hr-9302228800,"About the job Mercor connects elite creative and technical talent with leading AI research labs. Headquartered in San Francisco, our investors include Benchmark , General Catalyst , Peter Thiel , Adam D'Angelo , Larry Summers , and Jack Dorsey . Position: HR Expert Type: Contract Compensation: $70–$80/hour Location: Remote Role Responsibilities Construct HR scenarios spanning talent acquisition, workforce planning, e"
ba8584e91a140e05,himalayas,HR Leader - Fully Remote | Upto $80/hr,mercor,Sweden,Sweden,True,Mentioned in text,,,USD,hourly,SAP module/technical requirement,Functional Consulting,Senior,HCM / SuccessFactors,SuccessFactors,1786834664,https://himalayas.app/companies/mercor/jobs/hr-leader-fully-remote-upto-80-hr-7617933873,"About the job Mercor connects elite creative and technical talent with leading AI research labs. Headquartered in San Francisco, our investors include Benchmark , General Catalyst , Peter Thiel , Adam D'Angelo , Larry Summers , and Jack Dorsey . Position: HR Expert Type: Contract Compensation: $70–$80/hour Location: Remote Role Responsibilities Construct HR scenarios spanning talent acquisition, workforce planning, e"
1aae3c71b81f9cd9,himalayas,HR Leader - Fully Remote | Upto $80/hr,mercor,Ireland,Ireland,True,Mentioned in text,,,USD,hourly,SAP module/technical requirement,Functional Consulting,Senior,HCM / SuccessFactors,SuccessFactors,1786827543,https://himalayas.app/companies/mercor/jobs/hr-leader-fully-remote-upto-80-hr-3118089478,"About the job Mercor connects elite creative and technical talent with leading AI research labs. Headquartered in San Francisco, our investors include Benchmark , General Catalyst , Peter Thiel , Adam D'Angelo , Larry Summers , and Jack Dorsey . Position: HR Expert Type: Contract Compensation: $70–$80/hour Location: Remote Role Responsibilities Construct HR scenarios spanning talent acquisition, workforce planning, e"
05842557f85635b6,himalayas,HR Leader - Fully Remote | Upto $80/hr,mercor,France,France,True,Mentioned in text,,,USD,hourly,SAP module/technical requirement,Functional Consulting,Senior,HCM / SuccessFactors,SuccessFactors,1786797974,https://himalayas.app/companies/mercor/jobs/hr-leader-fully-remote-upto-80-hr-3685947966,"About the job Mercor connects elite creative and technical talent with leading AI research labs. Headquartered in San Francisco, our investors include Benchmark , General Catalyst , Peter Thiel , Adam D'Angelo , Larry Summers , and Jack Dorsey . Position: HR Expert Type: Contract Compensation: $70–$80/hour Location: Remote Role Responsibilities Construct HR scenarios spanning talent acquisition, workforce planning, e"
965bf612170deb88,himalayas,HR Leader - Fully Remote | Upto $80/hr,mercor,United Kingdom,United Kingdom,True,Mentioned in text,,,USD,hourly,SAP module/technical requirement,Functional Consulting,Senior,HCM / SuccessFactors,SuccessFactors,1786792589,https://himalayas.app/companies/mercor/jobs/hr-leader-fully-remote-upto-80-hr-622933080,"About the job Mercor connects elite creative and technical talent with leading AI research labs. Headquartered in San Francisco, our investors include Benchmark , General Catalyst , Peter Thiel , Adam D'Angelo , Larry Summers , and Jack Dorsey . Position: HR Expert Type: Contract Compensation: $70–$80/hour Location: Remote Role Responsibilities Construct HR scenarios spanning talent acquisition, workforce planning, e"
715b41f615b12c82,himalayas,HR Leader - Fully Remote | Upto $80/hr,mercor,Austria,Austria,True,Mentioned in text,,,USD,hourly,SAP module/technical requirement,Functional Consulting,Senior,HCM / SuccessFactors,SuccessFactors,1786774837,https://himalayas.app/companies/mercor/jobs/hr-leader-fully-remote-upto-80-hr-9917348379,"About the job Mercor connects elite creative and technical talent with leading AI research labs. Headquartered in San Francisco, our investors include Benchmark , General Catalyst , Peter Thiel , Adam D'Angelo , Larry Summers , and Jack Dorsey . Position: HR Expert Type: Contract Compensation: $70–$80/hour Location: Remote Role Responsibilities Construct HR scenarios spanning talent acquisition, workforce planning, e"
a77c8829dc205788,himalayas,HR Leader - Fully Remote | Upto $80/hr,mercor,Portugal,Portugal,True,Mentioned in text,,,USD,hourly,SAP module/technical requirement,Functional Consulting,Senior,HCM / SuccessFactors,SuccessFactors,1786647127,https://himalayas.app/companies/mercor/jobs/hr-leader-fully-remote-upto-80-hr-205948066,"About the job Mercor connects elite creative and technical talent with leading AI research labs. Headquartered in San Francisco, our investors include Benchmark , General Catalyst , Peter Thiel , Adam D'Angelo , Larry Summers , and Jack Dorsey . Position: HR Expert Type: Contract Compensation: $70–$80/hour Location: Remote Role Responsibilities Construct HR scenarios spanning talent acquisition, workforce planning, e"
6012672739301a3e,himalayas,HR Leader - Fully Remote | Upto $80/hr,mercor,Italy,Italy,True,Mentioned in text,,,USD,hourly,SAP module/technical requirement,Functional Consulting,Senior,HCM / SuccessFactors,SuccessFactors,1786639118,https://himalayas.app/companies/mercor/jobs/hr-leader-fully-remote-upto-80-hr-1998817577,"About the job Mercor connects elite creative and technical talent with leading AI research labs. Headquartered in San Francisco, our investors include Benchmark , General Catalyst , Peter Thiel , Adam D'Angelo , Larry Summers , and Jack Dorsey . Position: HR Expert Type: Contract Compensation: $70–$80/hour Location: Remote Role Responsibilities Construct HR scenarios spanning talent acquisition, workforce planning, e"
952835c35a425c02,himalayas,HR Leader - Fully Remote | Upto $80/hr,mercor,Germany,Germany,True,Mentioned in text,,,USD,hourly,SAP module/technical requirement,Functional Consulting,Senior,HCM / SuccessFactors,SuccessFactors,1786629835,https://himalayas.app/companies/mercor/jobs/hr-leader-fully-remote-upto-80-hr-9933757800,"About the job Mercor connects elite creative and technical talent with leading AI research labs. Headquartered in San Francisco, our investors include Benchmark , General Catalyst , Peter Thiel , Adam D'Angelo , Larry Summers , and Jack Dorsey . Position: HR Expert Type: Contract Compensation: $70–$80/hour Location: Remote Role Responsibilities Construct HR scenarios spanning talent acquisition, workforce planning, e"
08732296f520cdf4,himalayas,HR Leader - Fully Remote | Upto $80/hr,mercor,Spain,Spain,True,Mentioned in text,,,USD,hourly,SAP module/technical requirement,Functional Consulting,Senior,HCM / SuccessFactors,SuccessFactors,1786624516,https://himalayas.app/companies/mercor/jobs/hr-leader-fully-remote-upto-80-hr-5467743360,"About the job Mercor connects elite creative and technical talent with leading AI research labs. Headquartered in San Francisco, our investors include Benchmark , General Catalyst , Peter Thiel , Adam D'Angelo , Larry Summers , and Jack Dorsey . Position: HR Expert Type: Contract Compensation: $70–$80/hour Location: Remote Role Responsibilities Construct HR scenarios spanning talent acquisition, workforce planning, e"
c41ead9ee909811d,himalayas,HR Leader - Fully Remote | Upto $80/hr,mercor,Netherlands,Netherlands,True,Mentioned in text,,,USD,hourly,SAP module/technical requirement,Functional Consulting,Senior,HCM / SuccessFactors,SuccessFactors,1786623951,https://himalayas.app/companies/mercor/jobs/hr-leader-fully-remote-upto-80-hr-7779186284,"About the job Mercor connects elite creative and technical talent with leading AI research labs. Headquartered in San Francisco, our investors include Benchmark , General Catalyst , Peter Thiel , Adam D'Angelo , Larry Summers , and Jack Dorsey . Position: HR Expert Type: Contract Compensation: $70–$80/hour Location: Remote Role Responsibilities Construct HR scenarios spanning talent acquisition, workforce planning, e"
88cdaec9233b0e55,himalayas,HR Leader - Fully Remote | Upto $80/hr,mercor,Belgium,Belgium,True,Mentioned in text,,,USD,hourly,SAP module/technical requirement,Functional Consulting,Senior,HCM / SuccessFactors,SuccessFactors,1786606130,https://himalayas.app/companies/mercor/jobs/hr-leader-fully-remote-upto-80-hr,"About the job Mercor connects elite creative and technical talent with leading AI research labs. Headquartered in San Francisco, our investors include Benchmark , General Catalyst , Peter Thiel , Adam D'Angelo , Larry Summers , and Jack Dorsey . Position: HR Expert Type: Contract Compensation: $70–$80/hour Location: Remote Role Responsibilities Construct HR scenarios spanning talent acquisition, workforce planning, e"
ec10e499cef716be,himalayas,Senior HR Expert - Compliance Specialist,mercor,Austria,Austria,True,Mentioned in text,,,USD,hourly,SAP module/technical requirement,Functional Consulting,Senior,HCM / SuccessFactors,SuccessFactors,1786610945,https://himalayas.app/companies/mercor/jobs/senior-hr-expert-compliance-specialist-7259571402,"About the job Mercor connects elite creative and technical talent with leading AI research labs. Headquartered in San Francisco, our investors include Benchmark , General Catalyst , Peter Thiel , Adam D'Angelo , Larry Summers , and Jack Dorsey . Position: HR Expert Type: Contract Compensation: $70–$80/hour Location: Remote Role Responsibilities Construct HR scenarios spanning talent acquisition, workforce planning, e"
8d82af50db7097b4,himalayas,Senior HR Expert - Compliance Specialist,mercor,Germany,Germany,True,Mentioned in text,,,USD,hourly,SAP module/technical requirement,Functional Consulting,Senior,HCM / SuccessFactors,SuccessFactors,1786433256,https://himalayas.app/companies/mercor/jobs/senior-hr-expert-compliance-specialist,"About the job Mercor connects elite creative and technical talent with leading AI research labs. Headquartered in San Francisco, our investors include Benchmark , General Catalyst , Peter Thiel , Adam D'Angelo , Larry Summers , and Jack Dorsey . Position: HR Expert Type: Contract Compensation: $70–$80/hour Location: Remote Role Responsibilities Construct HR scenarios spanning talent acquisition, workforce planning, e"
28069e865009f372,himalayas,SAP Solution Architect HCM/SuccessFactors (m/w/d),mindsquare AG,Germany,Germany,True,Not disclosed,,,,annual,Core SAP delivery role,Architecture,Mid / Unspecified,BTP / Integration; HCM / SuccessFactors,SAP BTP; CPI / Integration Suite; SuccessFactors,1783978394,https://himalayas.app/companies/mindsquare-ag/jobs/sap-solution-architect-hcm-successfactors-m-w-d,"Wenn du glaubst, dass Arbeiten bei allen IT-Beratungen gleich ist. Free your mind! Bei mindsquare geht´s um mehr: mehr Anspruch, mehr Impact, mehr du. Hier kommst du nicht einfach irgendwo unter. Du wirst Teil einer einzigartigen Community, die dich fordert, fördert und feiert. Wer bei uns einsteigt, entwickelt sich – fachlich, persönlich & menschlich. Weil Durchschnitt keine Option ist. Free your mind @mindsquare! 📅"
719b4a0ba8759870,himalayas,Senior / Lead SAP SuccessFactors Employee Central Consultant (m/w/d).,mindsquare AG,Germany,Germany,True,Not disclosed,,,,annual,Core SAP delivery role,Functional Consulting,Lead / Manager,HCM / SuccessFactors,SuccessFactors,1787177072,https://himalayas.app/companies/mindsquare-ag/jobs/senior-lead-sap-successfactors-employee-central-consultant-m-w-d,"Wenn du glaubst, dass Arbeiten bei allen IT-Beratungen gleich ist. Free your mind! Bei mindsquare geht´s um mehr: mehr Anspruch, mehr Impact, mehr du. Hier kommst du nicht einfach irgendwo unter. Du wirst Teil einer einzigartigen Community, die dich fordert, fördert und feiert. Wer bei uns einsteigt, entwickelt sich – fachlich, persönlich & menschlich. Weil Durchschnitt keine Option ist. Free your mind @mindsquare! 📅"
a7a0361af6f4fad5,himalayas,Senior Consultant SAP SuccessFactors (m/w/d),mindsquare AG,Germany,Germany,True,Not disclosed,,,,annual,Core SAP delivery role,Functional Consulting,Senior,HCM / SuccessFactors,SuccessFactors,1787133777,https://himalayas.app/companies/mindsquare-ag/jobs/senior-consultant-sap-successfactors-m-w-d,"Wenn du glaubst, dass Arbeiten bei allen IT-Beratungen gleich ist. Free your mind! Bei mindsquare geht´s um mehr: mehr Anspruch, mehr Impact, mehr du. Hier kommst du nicht einfach irgendwo unter. Du wirst Teil einer einzigartigen Community, die dich fordert, fördert und feiert. Wer bei uns einsteigt, entwickelt sich – fachlich, persönlich & menschlich. Weil Durchschnitt keine Option ist. Free your mind @mindsquare! 📅"
a76755ad3587c9f5,himalayas,Trainee IT Consultant ERP-Systeme (m/w/d),mindsquare AG,Germany,Germany,True,Disclosed,51000,51000,EUR,annual,SAP module/technical requirement,Technical / Development,Entry / Intern,ABAP / Development,ABAP; German,1787463942,https://himalayas.app/companies/mindsquare-ag/jobs/trainee-it-consultant-erp-systeme-m-w-d,"Wenn du glaubst, dass Arbeiten bei allen IT-Beratungen gleich ist. Free your mind! Bei mindsquare geht´s um mehr: mehr Anspruch, mehr Impact, mehr du. Hier kommst du nicht einfach irgendwo unter. Du wirst Teil einer einzigartigen Community, die dich fordert, fördert und feiert. Wer bei uns einsteigt, entwickelt sich – fachlich, persönlich & menschlich. Weil Durchschnitt keine Option ist. Free your mind @mindsquare! 📅"
a14f76f53a1f409b,himalayas,Trainee IT Consultant IT-Security (m/w/d),mindsquare AG,Germany,Germany,True,Disclosed,51000,51000,EUR,annual,SAP module/technical requirement,Technical / Development,Entry / Intern,ABAP / Development,ABAP; German,1787470930,https://himalayas.app/companies/mindsquare-ag/jobs/trainee-it-consultant-it-security-m-w-d,"Wenn du glaubst, dass Arbeiten bei allen IT-Beratungen gleich ist. Free your mind! Bei mindsquare geht´s um mehr: mehr Anspruch, mehr Impact, mehr du. Hier kommst du nicht einfach irgendwo unter. Du wirst Teil einer einzigartigen Community, die dich fordert, fördert und feiert. Wer bei uns einsteigt, entwickelt sich – fachlich, persönlich & menschlich. Weil Durchschnitt keine Option ist. Free your mind @mindsquare! 📅"
59bad8cd03516af0,himalayas,Senior Solution Manager – Workforce Optimization & Compliance (m/w/d),primion Technology GmbH,Germany,Germany,True,Disclosed,80000,100000,EUR,annual,SAP module/technical requirement,Technical / Development,Lead / Manager,HCM / SuccessFactors,SuccessFactors,1788294797,https://himalayas.app/companies/primion-technology-gmbh/jobs/senior-solution-manager-workforce-optimization-compliance-m-w-d,"Protect what matters. Primion Technology ist globaler Lösungsanbieter und Marktführer für Converged Security Solutions und Workforce Management . Seit mehr als 30 Jahren betreuen wir weltweit rund 4.000 zufriedene Kunden , die täglich auf unsere zertifizierten Lösungen vertrauen. Von der Beratung über die Planung, Entwicklung, Installation und Wartung bis hin zum Support arbeitet ein Team aus über 470 engagierten Exp"
7c0238cb45a56fa4,himalayas,ABAP Developer,thyssenkrupp,United Kingdom,United Kingdom,True,Not disclosed,,,USD,annual,Core SAP delivery role,Technical / Development,Mid / Unspecified,ABAP / Development,ABAP,1788078235,https://himalayas.app/companies/thyssenkrupp/jobs/abap-developer-334486349,"As we continue our SAP transformation journey, we're looking for an experienced SAP ABAP Developer to join us on a 12-month fixed-term contract . This is an exciting opportunity to play a key role in developing and enhancing functionality within our SAP PRO environment, supporting the migration away from our SAP UKP system while delivering innovative solutions that improve business efficiency. Working closely with bo"
2f340f88109f54a4,himalayas,SAP Entwickler ABAP und SAPUI5 (a-z*),untersee Unternehmensberatung,Germany,Germany,True,Not disclosed,,,,annual,SAP-titled role,Technical / Development,Mid / Unspecified,ABAP / Development; BTP / Integration; Fiori / UI5,ABAP; SAP Fiori; SAPUI5 / UI5; OData,1787862700,https://himalayas.app/companies/untersee-unternehmensberatung/jobs/sap-entwickler-abap-und-sapui5-a-z,"Bei untersee erwartet Dich ein offenes und abwechslungsreiches Umfeld. Wir schätzen unsere teamorientierte Arbeitsweise mit flachen Hierarchien und viel Freiraum für eigenverantwortliches Handeln. In interessanten und abwechslungsreichen Projekten betreuen wir unsere Kunden der Fertigungsindustrie und des Maschinen- und Anlagenbaus. Sofern es mit den Kundenanforderungen vereinbar ist, leben wir flexible Arbeitszeiten"
f03a01f20b1dc7db,jobicy,ERP System Administrator (Acumatica),Alimentiv,Canada,Canada,True,Disclosed,78000,130000,CAD,annual,SAP mentioned,Technical / Development,Mid / Unspecified,Unspecified SAP,Concur,2026-08-25T14:48:00+00:00,https://jobicy.com/jobs/151608-erp-system-administrator-acumatica,"The ERP System Administrator is an individual contributor role within Alimentiv’s Corporate Digital Enablement function, serving as the primary functional and technical owner of the Acumatica ERP platform that powers our Finance, Procurement, Logistics and Project accounting operations. This is a hands-on administration role — the successful candidate will configure, operate, and continuously improve Acumatica. Anoth"
3cc00901ba6c49ce,jobicy,AR & Collections Manager,AssetWatch,United States,United States,True,Disclosed,92000,114000,USD,annual,SAP module/technical requirement,Basis / Security,Lead / Manager,Basis / Security; MM / Procurement,Ariba; GRC / Security,2026-08-17T13:37:25+00:00,https://jobicy.com/jobs/150919-ar-collections-manager,"AssetWatch serves global manufacturers by powering manufacturing uptime through the delivery of an unparalleled condition monitoring experience, with a passion to care about the assets our customers care for every day. We are a devoted and capable team that includes world-renowned engineers and distinguished business leaders united by a common goal – To build the future of predictive maintenance. As we enter the next"
4183e1e1e3d9572a,jobicy,Procurement Analyst,Eightfold,United States,United States,True,Disclosed,60000,85000,USD,annual,SAP module/technical requirement,Data / Analytics,Mid / Unspecified,MM / Procurement,Ariba,2026-08-09T04:05:04+00:00,https://jobicy.com/jobs/149007-procurement-analyst,"Eightfold is a global leader in an AI-native enterprise talent platform , trusted by the world’s largest & most respected Fortune 500 organizations. Our platform is built from the ground up, operating at scale across Azure and AWS, deployed in multiple regions globally, including IL4-compliant environments for the US Government, supporting users in 100+ countries and 30+ languages. Today, Eightfold is at the forefron"
2da97bfb50b9e2dc,jobicy,Customer Solutions Architect,Fivetran,Japan,Japan,True,Not disclosed,,,,,SAP module/technical requirement,Architecture,Lead / Manager,HANA / Data,SAP HANA,2026-08-15T04:45:03+00:00,https://jobicy.com/jobs/145996-customer-solutions-architect-2,"From Fivetran’s founding until now, our mission has remained the same: to make access to data as simple and reliable as electricity. With Fivetran, customer data arrives in their warehouses, canonical and ready to query, with no engineering or maintenance required. We’re proud that more organizations continue to leverage our technology every day to become truly data-driven. About the Role We’re looking for a Customer"
76db9172dffbdf5c,jobicy,"Managing Director, SALT",Forvis,United States,United States,True,Not disclosed,,,,,SAP mentioned,Data / Analytics,Lead / Manager,Unspecified SAP,,2026-08-30T14:35:14+00:00,https://jobicy.com/jobs/147977-managing-director-salt,"General information Name Managing Director, SALT Posting Title Managing Director, Indirect Tax Technology Ref # 2236588 Date Published Wednesday, March 18, 2026 Job Category Tax Specialty Advertised Location US-IL-Chicago, US-NC-Charlotte, US-TX-Houston, US-Remote Working time Full Time Description & Requirements Forvis Mazars is looking for an experienced tax professional to serve in a market-focused, growth-minded "
409fe224d1e3b600,jobicy,Senior Azure Data Engineer | KD Pharma,GT,Europe,Europe; Türkiye,True,Not disclosed,,,,,SAP mentioned,Technical / Development,Senior,Unspecified SAP,English,2026-08-27T18:42:26+00:00,https://jobicy.com/jobs/151908-senior-azure-data-engineer-kd-pharma,"GT was founded in 2019 by a former Apple, Nest, and Google executive. GT’s mission is to connect the world’s best talent with product careers offered by high-growth companies in the UK, USA, Canada, Germany, and the Netherlands. On behalf of KD Pharma , GT is looking for a Senior Azure Data Engineer with architecture exposure, interested in assessing, designing, and potentially building a modern data platform to supp"
bd8133701733a475,jobicy,International Accountant,Instructure,Philippines,Philippines,True,Not disclosed,,,,,SAP mentioned,Data / Analytics,Mid / Unspecified,Unspecified SAP,English,2026-08-17T13:04:13+00:00,https://jobicy.com/jobs/150912-international-accountant,"At Instructure , we believe in the power of people to grow and succeed throughout their lives. Our goal is to amplify that power by creating intuitive products that simplify learning and personal development, facilitate meaningful relationships, and inspire people to go further in their education and careers. We do this by giving smart, creative, passionate people opportunities to create awesome. And that's where you"
4d35e79363a8677b,jobicy,Sr. Enterprise Architect,Ironclad,United States,United States,True,Disclosed,175000,200000,USD,annual,SAP mentioned,Architecture,Senior,Unspecified SAP,,2026-08-23T03:55:24+00:00,https://jobicy.com/jobs/151417-sr-enterprise-architect,"Ironclad is the leading AI contracting platform that transforms agreements into assets. Contracts move faster, insights surface instantly, and agents push work forward, all with you in control. Whether you’re buying or selling, Ironclad unifies the entire process on one intelligent platform, providing leaders with the visibility they need to stay one step ahead. That’s why the world’s most transformative organization"
0299eda6d2292af1,jobicy,"Senior Manager, Commercial Capabilities",Juul Labs,United States,United States,True,Disclosed,122000,180000,USD,annual,SAP module/technical requirement,Basis / Security,Lead / Manager,Basis / Security,GRC / Security,2026-09-01T14:57:25+00:00,https://jobicy.com/jobs/152354-senior-manager-commercial-capabilities,"THE COMPANY: Juul Labs's mission is to transition the world’s billion adult smokers away from combustible cigarettes, eliminate their use, and combat underage usage of our products. We have the opportunity to address one of the world’s most intractable challenges through a commitment to exceptional quality, research, design, and innovation. Backed by leading technology investors, we are committed to the same excellen"
7e2ad1ef0a3dccb9,jobicy,Junior SAP Integration Developer,ManTech,United States,United States,True,Disclosed,63500,105900,USD,annual,Core SAP delivery role,Technical / Development,Junior,S/4HANA; ABAP / Development; BTP / Integration,ABAP; S/4HANA; SAP BTP; PI/PO,2026-08-29T04:35:09+00:00,https://jobicy.com/jobs/142310-junior-sap-integration-developer,"General information Requisition # R67240 Locations USA-Remote Work Posting Date 04/20/2026 Security Clearance Required Public Trust/Suitability Remote Type Fully Remote Time Type Full time Description & Requirements Shape the future of defense with MANTECH! Join a team dedicated to safeguarding our nation through advanced tech and innovative solutions. Since 1968, we’ve been a trusted partner to the Department of Def"
50aa2821ce916067,jobicy,Change Management Consultant,NTT DATA,Latin America,Latin America,True,Not disclosed,,,,,SAP mentioned,Data / Analytics,Mid / Unspecified,Unspecified SAP,,2026-08-16T03:15:06+00:00,https://jobicy.com/jobs/146303-change-management-consultant,"NTT DATA is a team of more than 190,000 diverse professionals, operating in more than 50 countries throughout the world. The sectors where we have activities include: telecommunications, finance, industry, utilities, energy, public administration and health. Our mission? Offer technological solutions, business, strategy, development and maintenance of applications, while being a benchmark in consulting. All thanks to"
4a08d5d1e68b0905,jobicy,Accountant,Remote,Portugal,Portugal; Spain,True,Disclosed,45250,50900,EUR,annual,SAP mentioned,Data / Analytics,Mid / Unspecified,Unspecified SAP,English,2026-08-17T08:38:07+00:00,https://jobicy.com/jobs/150884-accountant,"About Remote Remote is solving modern organizations’ biggest challenge – navigating global employment compliantly with ease. We make it possible for businesses of all sizes to recruit, pay, and manage international teams. With our core values at heart and future focused work culture, our team works tirelessly on ambitious problems, asynchronously, around the world. You can find Remoters working from 6 different conti"
f97f0069195a9c89,jobicy,Global Payroll Implementation Country Lead - Germany,Remote,Europe / Middle East / Africa,Europe / Middle East / Africa,True,Disclosed,71850,80800,EUR,annual,SAP mentioned,Data / Analytics,Lead / Manager,Unspecified SAP,English,2026-08-24T12:09:11+00:00,https://jobicy.com/jobs/151448-global-payroll-implementation-country-lead-germany,"About Remote Remote is solving modern organizations’ biggest challenge – navigating global employment compliantly with ease. We make it possible for businesses of all sizes to recruit, pay, and manage international teams. With our core values at heart and future focused work culture, our team works tirelessly on ambitious problems, asynchronously, around the world. You can find Remoters working from 6 different conti"
29e07a96925bc6ba,jobicy,"Junior Customer Service Specialist (multilingual, fixed-term contract)",SWAROVSKI,Poland,Poland,True,Not disclosed,,,,,SAP mentioned,Data / Analytics,Junior,Unspecified SAP,English; German,2026-09-02T04:59:25+00:00,https://jobicy.com/jobs/150026-junior-customer-service-specialist-multilingual-fixed-term-contract,"At Swarovski, you don’t just join a brand - you help reinvent one of the most iconic names in fashion and design. Here, bold ideas matter, creativity drives change, collaboration is valued, and your work shapes how the world experiences brilliance. If you’re ready to push boundaries, grow your skills, and leave your mark where innovation meets timeless elegance, we’re ready for you. Our Global Business Services offic"
452888a281281d98,jobicy,Senior Business Technology Product Manager- Supply Chain,Samsara,United States,United States,True,Disclosed,131198,198450,USD,annual,SAP mentioned,Technical / Development,Lead / Manager,Unspecified SAP,Agile / Scrum,2026-08-28T05:05:09+00:00,https://jobicy.com/jobs/147872-senior-business-technology-product-manager-supply-chain,"Who we are Samsara (NYSE: IOT) is the pioneer of the Connected Operations™ Cloud, which is a platform that enables organizations that depend on physical operations to harness Internet of Things (IoT) data to develop actionable insights and improve their operations. At Samsara, we are helping improve the safety, efficiency and sustainability of the physical operations that power our global economy. Representing more t"
d2d1d91aab5696ea,jobicy,Senior Solution Sales Executive - Finance & Supply Chain Solutions,ServiceNow,Canada,Canada; United States,True,Not disclosed,,,,,SAP module/technical requirement,Data / Analytics,Senior,MM / Procurement,Ariba,2026-08-12T12:08:39+00:00,https://jobicy.com/jobs/150556-senior-solution-sales-executive-finance-supply-chain-solutions,"Company Description At ServiceNow, our technology makes the world work for everyone, and our people make it possible. We move fast because the world can’t wait, and we innovate in ways no one else can for our customers and communities. By joining ServiceNow, you are part of an ambitious team of change makers who have a restless curiosity and a drive for ingenuity. We know that your best work happens when you live you"
532e220db6023073,jobicy,Senior ERP Solutions Consultant,Zip,Australia,Australia,True,Not disclosed,,,,,SAP module/technical requirement,Functional Consulting,Lead / Manager,MM / Procurement,Ariba,2026-08-27T11:07:03+00:00,https://jobicy.com/jobs/151843-senior-erp-solutions-consultant,"About Zip Zip is the AI platform for enterprise procurement — built for humans and agents working together. By orchestrating procurement across teams, tools, and suppliers with the help of AI agents, companies can secure the resources they need to innovate faster than ever before. The world’s most influential enterprises trust Zip, including T-Mobile, OpenAI, AMD, Mars, Dollar Tree, and more. Together they’ve saved o"
fd2ea4638f424621,remotefirst,Enterprise Account Executive (m/f/d),360Learning,Germany,Germany,True,Not disclosed,,,,,SAP module/technical requirement,Functional Consulting,Lead / Manager,HCM / SuccessFactors,SuccessFactors; English; German,,https://remotefirstjobs.com/companies/360learning/jobs/enterprise-account-executive-mfd-826954,"As the first Enterprise Account Executive for DACH, you will lead 360Learning’s expansion into one of Europe’s most strategic markets. Joining a team of 9 Enterprise AEs across France and the UK, you will bring our proven enterprise sales motion to DACH and build the foundations for long-term growth. You won’t be starting from scratch. You’ll join an established German commercial organization serving the Mid-Market s"
1a62b71b1f7dcbaa,remotefirst,Data Architect - Managed Services,3Cloud,United States,United States,True,Mentioned in text,,,,,SAP mentioned,Architecture,Mid / Unspecified,Unspecified SAP,,,https://remotefirstjobs.com/companies/3cloud/jobs/data-architect-managed-services-842154,"Are you looking for a role that motivates and challenges you? Are you ready for an opportunity for growth? Do you want to work on teams where people roll up their sleeves to take on tough problems together, and regularly blow the doors off our clients with their outstanding teamwork? If you answered yes to those questions, 3Cloud might just be for you! At 3Cloud, we hire people who aren’t afraid to experiment or fail"
3b0ecc51b6158f5d,remotefirst,Lead Power BI Developer,3Cloud,Philippines,Philippines,True,Not disclosed,,,,,SAP mentioned,Technical / Development,Lead / Manager,Unspecified SAP,,,https://remotefirstjobs.com/companies/3cloud/jobs/lead-power-bi-developer-703367,"Are you looking for a role that motivates and challenges you? Are you ready for an opportunity for growth? Do you want to work on teams where people roll up their sleeves to take on tough problems together, and regularly blow the doors off our clients with their outstanding teamwork? If you answered yes to those questions, 3Cloud might just be for you! At 3Cloud, we hire people who aren’t afraid to experiment or fail"
0ea65565a00ddee2,remotefirst,Senior Consultant BI & Analytics,3Cloud,Philippines,Philippines,True,Not disclosed,,,,,SAP mentioned,Data / Analytics,Senior,Unspecified SAP,,,https://remotefirstjobs.com/companies/3cloud/jobs/senior-consultant-bi-analytics-703299,"Are you looking for a role that motivates and challenges you? Are you ready for an opportunity for growth? Do you want to work on teams where people roll up their sleeves to take on tough problems together, and regularly blow the doors off our clients with their outstanding teamwork? If you answered yes to those questions, 3Cloud might just be for you! At 3Cloud, we hire people who aren’t afraid to experiment or fail"
32456a28d99df5d0,remotefirst,"Associate Director, Biostatistics",4D Molecular Therapeutics,United States,United States,True,Disclosed,197000,217000,,,SAP mentioned,Data / Analytics,Junior,Unspecified SAP,,,https://remotefirstjobs.com/companies/4d-molecular-therapeutics/jobs/associate-director-biostatistics-851532,"Attention recruitment agencies: All agency inquiries are vetted through 4DMT’s internal Talent Acquisition team. No unsolicited resumes will be accepted. The 4DMT Talent Acquisition team must expressly engage agencies on any requisition. Agencies contacting hiring managers directly will not be tolerated, and doing so may impact your ability to work with 4DMT in the future. 4DMT is a leading late-stage biotechnology c"
2b13b3a332170c0a,remotefirst,Senior Software Engineer-Founding Engineer,AI Fund,United States,United States,True,Not disclosed,,,,,SAP mentioned,Technical / Development,Lead / Manager,Unspecified SAP,,,https://remotefirstjobs.com/companies/ai-fund/jobs/senior-software-engineerfounding-engineer-773617,"Ayama has partnered with Andrew Ng’s AI Fund and a Fortune 500 energy leader to use AI to reshape how $10+ Trillion of heavy assets operate, are managed, and are maintained. With electrification driving rapid growth in energy and reshoring accelerating the build out of U.S. electronics and IT manufacturing, the company plans to close critical gaps by raising asset uptime & output as well as staff productivity. Ayama "
97e89ac65bb21e3d,remotefirst,Director of Global Compliance,AST SpaceMobile,United States,United States,True,Not disclosed,,,,,SAP mentioned,Data / Analytics,Lead / Manager,Unspecified SAP,,,https://remotefirstjobs.com/companies/ast-spacemobile/jobs/director-of-global-compliance-799510,"AST SpaceMobile is building the first and only global cellular broadband network in space to operate directly with standard, unmodified mobile devices based on our extensive IP and patent portfolio and designed for both commercial and government applications. Our engineers and space scientists are on a mission to eliminate the connectivity gaps faced by today’s five billion mobile subscribers and finally bring broadb"
3ec57a7689f5349f,remotefirst,Export Control Specialist,AST SpaceMobile,United States,United States,True,Not disclosed,,,,,SAP mentioned,Data / Analytics,Mid / Unspecified,Unspecified SAP,,,https://remotefirstjobs.com/companies/ast-spacemobile/jobs/export-control-specialist-804253,"AST SpaceMobile is building the first and only global cellular broadband network in space to operate directly with standard, unmodified mobile devices based on our extensive IP and patent portfolio and designed for both commercial and government applications. Our engineers and space scientists are on a mission to eliminate the connectivity gaps faced by today’s five billion mobile subscribers and finally bring broadb"
8369965887dfa350,remotefirst,ERP Architect & Engagement Lead,Accordion,United Kingdom,United Kingdom,True,Not disclosed,,,,,SAP mentioned,Architecture,Lead / Manager,Unspecified SAP,,,https://remotefirstjobs.com/companies/accordion/jobs/erp-architect-engagement-lead-613629,"Company Overview We are the better way to work in finance. As private equity’s value creation partner, we sit at the heart of PE—where sponsors and CFOs meet. Through financial consulting rooted in data, technology, and AI, we help clients drive value—supporting the office of the CFO to drive end-to-end value creation. If you crave challenging work and are looking to grow, come solve complex issues alongside 1,400+ f"
ceab56dd4c212bc9,remotefirst,Finance Transformation Director,Airalo,United Kingdom,United Kingdom; Spain,True,Disclosed,109923,129243,,,SAP mentioned,Technical / Development,Lead / Manager,Unspecified SAP,English,,https://remotefirstjobs.com/companies/airalo/jobs/finance-transformation-director-840703,"Help Us Build The Future of Travel At Airalo, we’re making it easier for people to stay connected wherever they travel. As the world’s first eSIM store, we help millions of travelers access affordable mobile data in 200+ countries and regions around the world. Today, we’re a team of 400+ people across 60+ countries, building a product used by travelers every day. We’ve grown quickly, but we’ve worked hard to keep wha"
fddd0dd8eb15d499,remotefirst,Payroll Manager,Airship,United States,United States,True,Disclosed,90000,125000,,,SAP mentioned,Technical / Development,Lead / Manager,Unspecified SAP,,,https://remotefirstjobs.com/companies/airship/jobs/payroll-manager-690133,"About Airship Airship is trusted by world’s leading brands such as Alaska Airlines, BBC and The Home Depot to drive revenue growth and customer loyalty with exceptional cross-channel customer experiences. Today, brands are challenged to deliver seamless, unified customer experiences across a fragmented array of channels and devices— apps, websites, email, SMS, wallets and more. Airship’s no-code, AI-powered platform "
477032ff08296674,remotefirst,Senior Business Systems Engineer,Allucent,India,India,True,Not disclosed,,,,,SAP mentioned,Technical / Development,Lead / Manager,Unspecified SAP,Concur,,https://remotefirstjobs.com/companies/allucent/jobs/senior-business-systems-engineer-854061,"At Allucent, we help small and mid-sized biopharmaceutical companies navigate the complexities of drug development and bring new therapies to patients. We are looking for a Senior Business Systems Engineer with Salesforce Skills to join our global Technology & Innovation team. This senior, hands-on role combines enterprise application engineering, Salesforce Sales Cloud expertise, product ownership, and operational s"
d72cf3e7e27049d4,remotefirst,"Senior Product Manager, SAP Distribution & Transportation (D&T)",Arc'teryx Equipment,United States,United States,True,Disclosed,125000,125000,,,Core SAP delivery role,Technical / Development,Lead / Manager,S/4HANA; SD / Sales; EWM / WM / Logistics; TM / GTS / Supply Chain,S/4HANA; SAP SD; SAP GTS,,https://remotefirstjobs.com/companies/arcteryx-equipment/jobs/senior-product-manager-sap-distribution-transportation-dt-854630,"Your Opportunity at ARC’TERYX: As the Senior Product Manager – Distribution & Transportation, you are responsible for defining, owning, and evolving the product strategy and roadmap for SAP S/4HANA Distribution & Transportation capabilities. You partner closely with business stakeholders, technology teams, and external partners to deliver scalable logistics solutions that enable Arc’teryx’s global growth across retai"
7c0197de00fd65e4,remotefirst,Head of Strategic Finance Projects,Avaloq,Singapore,Singapore,True,Not disclosed,,,,,SAP module/technical requirement,Data / Analytics,Lead / Manager,FI / CO / FICO,,,https://remotefirstjobs.com/companies/avaloq/jobs/head-of-strategic-finance-projects-740268,"Company Description Founded and headquartered in Switzerland, Avaloq is continuously expanding its global footprint with around 2,500 colleagues in 12 countries, and more than 170 clients in 35 countries. We are an industry-leading provider of wealth management technology and services for financial institutions around the world, including private banks and wealth managers, investment managers, as well as retail and n"
a7205c065abdc3d6,remotefirst,Head of Strategic Finance Projects,Avaloq,Switzerland,Switzerland,True,Not disclosed,,,,,SAP module/technical requirement,Data / Analytics,Lead / Manager,FI / CO / FICO,,,https://remotefirstjobs.com/companies/avaloq/jobs/head-of-strategic-finance-projects-737330,"Company Description Founded and headquartered in Switzerland, Avaloq is continuously expanding its global footprint with around 2,500 colleagues in 12 countries, and more than 170 clients in 35 countries. We are an industry-leading provider of wealth management technology and services for financial institutions around the world, including private banks and wealth managers, investment managers, as well as retail and n"
7527ddce10ccaa51,remotefirst,Tax Specialist,Avaloq,Germany,Germany,True,Not disclosed,,,,,SAP module/technical requirement,Support / Operations,Mid / Unspecified,FI / CO / FICO,FICO; German,,https://remotefirstjobs.com/companies/avaloq/jobs/tax-specialist-584458,"Company Description Founded and headquartered in Switzerland, Avaloq is continuously expanding its global footprint with around 2,500 colleagues in 10 countries, and more than 170 clients in 35 countries. We are an industry-leading provider of wealth management technology and services for financial institutions around the world, including private banks and wealth managers, investment managers, as well as retail and n"
6acdef105701cc5c,remotefirst,Payroll coordinator,Avery Dennison Label and Packaging Materials,Romania,Romania,True,Not disclosed,,,,,SAP mentioned,Data / Analytics,Mid / Unspecified,Unspecified SAP,English,,https://remotefirstjobs.com/companies/avery-dennison-label-and-packaging-materials/jobs/payroll-coordinator-826970,"Job Description We are looking for a new colleague to join our Global Workforce Operations (GWO) team. In your role as payroll co-ordinator, you will be a valuable member in our regional team serving employees and ensuring high-quality standards in the EMEA region. You will be responsible for payroll data administration and processing, utilizing SAP Globalview to ensure accuracy and timeliness. This role offers an ex"
2bc88de9d6bc1e77,remotefirst,Senior SAP Solution Owner (m/f/d) PP / PM / PS,BEUMER Group,Germany,Germany,True,Not disclosed,,,,,SAP-titled role,Functional Consulting,Senior,S/4HANA,S/4HANA; English; German,,https://remotefirstjobs.com/companies/beumer-group/jobs/senior-sap-solution-owner-mfd-pp-pm-ps-811150,"Job Description Your Role In this role, you actively shape the further development of BEUMER Group’s global SAP landscape. As Senior SAP Solution Owner (m/f/d) , you take end-to-end responsibility for core business processes in Production Planning (PP), Plant Maintenance (PM) and Project System (PS). Working closely with international business and IT teams, you contribute significantly to the continuous development o"
016f11fb669c0202,remotefirst,Interim Staff Accountant,Beech Valley Solutions,United States,United States,True,Disclosed,83200,93600,,,SAP mentioned,Functional Consulting,Lead / Manager,Unspecified SAP,,,https://remotefirstjobs.com/companies/beech-valley-solutions/jobs/interim-staff-accountant-630282,"Staff Accountant (Record-to-Report) – Software Company | Hybrid Lawrenceville, GA | Interim Contract Start: ASAP Duration: Through May 2026 (potential to extend) Location: Hybrid – Lawrenceville, GA (3 days onsite; flexibility depending on team schedule) Hours: Full-time (40 hrs/week) Compensation: $40-45 per hour Note: Month-end close week is fully remote Overview Beech Valley is seeking a Staff Accountant to suppor"
59b441f0b50118b2,remotefirst,Human Resources Analyst HRIS,Belmond,Italy,Italy,True,Not disclosed,,,,,SAP mentioned,Data / Analytics,Mid / Unspecified,Unspecified SAP,English,,https://remotefirstjobs.com/companies/belmond/jobs/human-resources-analyst-hris-595822,"The Human Resources Analyst – Southern Europe acts as the pivotal bridge between global HRIS strategy and our properties in Italy, Spain, and Portugal, ensuring data quality, empowering local HR teams with reporting capabilities and driving the adoption and optimal utilization of our HR / digital tools. The HR Analyst acts as a champion for data literacy, fostering a digital and data-driven culture within the Souther"
92838f4e248ed996,remotefirst,SAP UI5 BTP Developer 6 Months Contract,Belmont Lavan,Netherlands,Netherlands,True,Not disclosed,,,,,Core SAP delivery role,Technical / Development,Mid / Unspecified,ABAP / Development; BTP / Integration; Fiori / UI5,SAP BTP; SAP Fiori; SAPUI5 / UI5; OData; RAP / CAP; Agile / Scrum,,https://remotefirstjobs.com/companies/belmont-lavan/jobs/sap-ui5-btp-developer-6-months-contract-812476,"Belmont Lavan Ltd is seeking a skilled SAP UI5 BTP Developer for a 6-month contract role. The successful candidate will be responsible for designing, developing, and maintaining SAP UI5 applications on the SAP Business Technology Platform (BTP), ensuring seamless integration with backend services and delivering engaging user experiences. This role involves collaborating with cross-functional teams to gather requireme"
f78671a9aa0286d5,remotefirst,Finance & Accounting SME - 100% remote,Bertoni Solutions,Mexico,Mexico,True,Not disclosed,,,,,SAP mentioned,Other SAP-Related,Lead / Manager,Unspecified SAP,,,https://remotefirstjobs.com/companies/bertoni-solutions/jobs/finance-accounting-sme-100-remote-854831,"Descripción de la empresa Somos un equipo multinacional de profesionales que creemos que, con el conocimiento y el enfoque adecuados, la tecnología es la respuesta a los desafíos que enfrentan las empresas hoy en día. Desde 2016, ponemos este conocimiento y enfoque al servicio de nuestros clientes, ayudándolos a convertir la tecnología en un motor para su éxito. Con raíces suizas y nuestro propio equipo de desarrollo"
e24093a3073d2f0f,remotefirst,SAP Accounts Payable Consultant - 100% remote,Bertoni Solutions,Mexico,Mexico,True,Not disclosed,,,,,Core SAP delivery role,Functional Consulting,Mid / Unspecified,FI / CO / FICO,FICO,,https://remotefirstjobs.com/companies/bertoni-solutions/jobs/sap-accounts-payable-consultant-100-remote-854836,"Descripción de la empresa Somos un equipo multinacional de profesionales que creemos que, con el conocimiento y el enfoque adecuados, la tecnología es la respuesta a los desafíos que enfrentan las empresas hoy en día. Desde 2016, ponemos este conocimiento y enfoque al servicio de nuestros clientes, ayudándolos a convertir la tecnología en un motor para su éxito. Con raíces suizas y nuestro propio equipo de desarrollo"
cea9a5ff10d8b390,remotefirst,Global Process Owner Logistics Dangerous Goods & Packaging,Bosch,Portugal,Portugal,True,Not disclosed,,,,,SAP module/technical requirement,Data / Analytics,Mid / Unspecified,S/4HANA; EWM / WM / Logistics,S/4HANA; SAP EWM; English; German,,https://remotefirstjobs.com/companies/bosch/jobs/global-process-owner-logistics-dangerous-goods-packaging-675197,"Company Description The Bosch Group has more than 400 000 employees around the world, present in 60 countries, and we are proud to impact people’s lives and to work towards a more sustainable future. In the city of Aveiro, Bosch has one of its biggest production sites for Bosch Home Comfort division, as well as a Research and Development Center for new and improved heating solutions for the residential segment. With "
0807893a7fc0d00a,remotefirst,Working Student – Transport Planning,Bosch,Romania,Romania,True,Not disclosed,,,,,SAP mentioned,Data / Analytics,Mid / Unspecified,Unspecified SAP,English,,https://remotefirstjobs.com/companies/bosch/jobs/working-student-transport-planning-855386,"Company Description For over a decade, the Bosch Cluj Planthas become a strategic hub for innovation and production, making a significant impact on the technological landscape in Romania. Through our constant commitment to excellence in quality and innovation, we develop a diverse range of modern products for the mobility industry, focusing on delivering cutting-edge solutions to our international customers. Inspired"
7ace1dd0f74448c1,remotefirst,Associate Director Biostatistics & AI,BridgeBio,United States,United States,True,Disclosed,173800,217000,,,SAP mentioned,Data / Analytics,Junior,Unspecified SAP,,,https://remotefirstjobs.com/companies/bridgebio/jobs/associate-director-biostatistics-ai-794500,"Mavericks Wanted When was the last time you achieved the impossible? If that thought feels overwhelming, you might want to pause here, but if it sparks excitement…read on In 2015, we pioneered a “moneyball for biotech” approach, pooling projects and promising early-stage research from academia together under one financial umbrella to reduce risk and unleash innovation. This model allows science and small teams of exp"
3f574c9f0e911a33,remotefirst,"Associate Director, S&OP, Systems, Data Analysis & Planning Operations",BridgeBio,United States,United States,True,Disclosed,180000,202000,,,SAP mentioned,Technical / Development,Junior,Unspecified SAP,,,https://remotefirstjobs.com/companies/bridgebio/jobs/associate-director-sop-systems-data-analysis-planning-operations-842612,"Mavericks Wanted When was the last time you achieved the impossible? If that thought feels overwhelming, you might want to pause here, but if it sparks excitement…read on In 2015, we pioneered a “moneyball for biotech” approach, pooling projects and promising early-stage research from academia together under one financial umbrella to reduce risk and unleash innovation. This model allows science and small teams of exp"
f56e0847450b1186,remotefirst,"Senior Accounts Receivable & Collections Specialist-Shelton, CT/Hybrid",Budderfly,United States,United States,True,Disclosed,65000,74880,,,SAP mentioned,Functional Consulting,Senior,Unspecified SAP,,,https://remotefirstjobs.com/companies/budderfly/jobs/senior-accounts-receivable-collections-specialistshelton-cthybrid-852081,"Saving the World! Help Wanted… Budderfly is a fast-growth, private equity-backed energy management outsourcing company that is committed to reducing global carbon emissions for small to medium sized enterprises. We are the premier sustainability partner for businesses with repeatable footprints such as restaurant chains, assisted living facilities, retail franchises, and more. Budderfly installs, monitors, and manage"
e52833d59adf8d21,remotefirst,Portal Support Specialist,CPM Animal Feed & Oilseed Solutions,United Kingdom,United Kingdom,True,Not disclosed,,,,,SAP mentioned,Data / Analytics,Mid / Unspecified,Unspecified SAP,,,https://remotefirstjobs.com/companies/cpm-americas/jobs/portal-support-specialist-848229,"About CPM CPM Holdings is a global provider of engineered process equipment and technology solutions serving a wide range of industries, including animal nutrition, oilseed processing, food production, renewable energy, biomass, and advanced material processing. In addition, we support sectors such as pet food, packaging, ethanol, wood processing, and corn wet milling. Recognized worldwide for our expertise in pellet"
1d52f6370e4d955d,remotefirst,Controller,Capco,United States,United States,True,Disclosed,140000,160000,,,SAP mentioned,Functional Consulting,Senior,Unspecified SAP,,,https://remotefirstjobs.com/companies/capco/jobs/controller-820265,"Controller – US Region Location: Chicago | Practice Area: Corporate Services | Type: Permanent Be a trusted financial partner driving accuracy, insight, and operational excellence. The Role As the Controller for our US Region, you will play a critical role in ensuring the integrity, accuracy, and timeliness of financial reporting across the region. You will partner with senior leaders and global stakeholders to maint"
afb11557d0c70afb,remotefirst,Controller,Capco,United States,United States,True,Not disclosed,,,,,SAP mentioned,Functional Consulting,Senior,Unspecified SAP,,,https://remotefirstjobs.com/companies/capco/jobs/controller-820204,"Controller – US Region Location: Charlotte | Practice Area: Corporate Services | Type: Permanent Be a trusted financial partner driving accuracy, insight, and operational excellence. The Role As the Controller for our US Region, you will play a critical role in ensuring the integrity, accuracy, and timeliness of financial reporting across the region. You will partner with senior leaders and global stakeholders to mai"
a7239dea62145515,remotefirst,Controller,Capco,United States,United States,True,Disclosed,150000,170000,,,SAP mentioned,Functional Consulting,Senior,Unspecified SAP,,,https://remotefirstjobs.com/companies/capco/jobs/controller-779947,"Controller – US Region Location: New York | Practice Area: Corporate Services | Type: Permanent Be a trusted financial partner driving accuracy, insight, and operational excellence. The Role As the Controller for our US Region, you will play a critical role in ensuring the integrity, accuracy, and timeliness of financial reporting across the region. You will partner with senior leaders and global stakeholders to main"
d631ff6502d20790,remotefirst,"Solutions Architect, ICM",CaptivateIQ,United States,United States,True,Disclosed,150000,190000,,,SAP mentioned,Architecture,Lead / Manager,Unspecified SAP,,,https://remotefirstjobs.com/companies/captivateiq/jobs/solutions-architect-icm-847656,"CaptivateIQ’s Professional Services team builds the highest-impact implementations for our most strategic and complex customers. We are looking for a highly skilled Professional Services Architect who brings deep technical expertise, strong consultative instincts, and the ability to turn sophisticated compensation plans into scalable, high-performance solutions. This is one of the most senior individual-contributor r"
8262e882d8ee3345,remotefirst,Associate,Celerity,Worldwide / Not specified,Worldwide / Not specified,True,Disclosed,58240,64480,,,SAP mentioned,Data / Analytics,Junior,Unspecified SAP,Agile / Scrum,,https://remotefirstjobs.com/companies/celerity-consulting-group/jobs/associate-851220,"Job Title: Associate Company: Celerity Location: Remote Job Type: Full-Time - Hourly About Celerity: Celerity is an agile risk optimization company that empowers public utility organizations by converting complex data into clear, actionable intelligence to mitigate risk, optimize assets, and maximize project results. Blending extensive client experience with deep vendor-side acumen, Celerity energy engineers orchestr"
4d11fdd11bd90575,remotefirst,Engineering Consultant I,Celerity,Worldwide / Not specified,Worldwide / Not specified,True,Disclosed,60320,68640,,,SAP mentioned,Technical / Development,Mid / Unspecified,Unspecified SAP,Agile / Scrum,,https://remotefirstjobs.com/companies/celerity-consulting-group/jobs/engineering-consultant-i-851222,"Job Title: Engineering Consultant I Company: Celerity Location: Remote (work from home eligible) US based Job Type: Hourly Pay: $29 - $33/hour About Celerity Celerity is an agile risk optimization company that empowers public utility organizations by converting complex data into clear, actionable intelligence to mitigate risk, optimize assets, and maximize project results. Blending extensive client experience with de"
1e29f4ee928980df,remotefirst,Engineering Lead,Celerity,Worldwide / Not specified,Worldwide / Not specified,True,Not disclosed,,,,,SAP mentioned,Technical / Development,Lead / Manager,Unspecified SAP,Agile / Scrum,,https://remotefirstjobs.com/companies/celerity-consulting-group/jobs/engineering-lead-845239,"Job Title: Engineering Lead Location: Remote (Work from home eligible) Company Overview: Celerity is a consulting firm specializing in utilities and energy sectors. We empower organizations by converting complex data into actionable intelligence to mitigate risk, optimize assets, and maximize project outcomes. Our background and expertise enable us to drive and deliver transformation and operational excellence for ou"
9a119dac60aeb319,remotefirst,Project Coordinator,Celerity,Worldwide / Not specified,Worldwide / Not specified,True,Disclosed,70000,85000,,,SAP mentioned,Data / Analytics,Mid / Unspecified,Unspecified SAP,Agile / Scrum,,https://remotefirstjobs.com/companies/celerity-consulting-group/jobs/project-coordinator-854822,"Job Title: Project Coordinator/Analyst Location: Remote (work from home eligible) Travel: Ability to travel to client sites (domestic and(or) international) as required and defined per project requirements Schedule: Typical working hours will fall within standard business hours (generally between 7:00 a.m. and 6:00 p.m.), depending on project and client needs Pay: $70,000 - $85,000 DOE Company Overview: Celerity is a"
3583b57991f7dffc,remotefirst,Technical Project Manager,Celerity,Worldwide / Not specified,Worldwide / Not specified,True,Not disclosed,,,,,SAP module/technical requirement,Project / Program,Lead / Manager,S/4HANA,S/4HANA; Agile / Scrum,,https://remotefirstjobs.com/companies/celerity-consulting-group/jobs/technical-project-manager-845240,"Job Title: Technical Project Manager (TPM) Location: Remote (Work from home eligible) Company Overview: Celerity is a consulting firm specializing in utilities and energy sectors. We empower organizations by converting complex data into actionable intelligence to mitigate risk, optimize assets, and maximize project outcomes. Our background and expertise enable us to drive and deliver transformation and operational ex"
d83e24a944327956,remotefirst,Utility Data Programmer Analyst,Celerity,Worldwide / Not specified,Worldwide / Not specified,True,Disclosed,90000,125000,,,SAP module/technical requirement,Technical / Development,Mid / Unspecified,PM / Asset Management,,,https://remotefirstjobs.com/companies/celerity-consulting-group/jobs/utility-data-programmer-analyst-851223,"Utility Data Programmer Analyst Position Overview Celerity is seeking a Utility Data Programmer Analyst to support data-intensive electric, gas, and water utility projects. This position will initially support a large-scale electric utility asset-data validation program and may contribute to additional engagements involving asset management, data quality, geographic information systems, regulatory compliance, operati"
9dd4a7feadcff290,remotefirst,Applied Value Engineer,Celonis,India,India,True,Not disclosed,,,,,SAP mentioned,Technical / Development,Mid / Unspecified,Unspecified SAP,English,,https://remotefirstjobs.com/companies/celonis/jobs/applied-value-engineer-784507,"Celonis is the global leader in Process Intelligence and the pioneer of Process Mining technology. As one of the world’s fastest-growing enterprise SaaS companies, we are changemakers pushing the boundaries of what’s possible. We invest heavily in advanced AI capabilities—specifically our Process Intelligence Graph—to turn data insights into immediate business action. We believe there is a massive opportunity to unlo"
7c15f2788a51cc75,remotefirst,Client Value Partner Consumer Packaged Goods,Celonis,United States,United States,True,Disclosed,233000,270000,,,SAP module/technical requirement,Technical / Development,Lead / Manager,S/4HANA,S/4HANA,,https://remotefirstjobs.com/companies/celonis/jobs/client-value-partner-consumer-packaged-goods-784525,"Celonis is the global leader in Process Intelligence and the pioneer of Process Mining technology. As one of the world’s fastest-growing enterprise SaaS companies, we are changemakers pushing the boundaries of what’s possible. We invest heavily in advanced AI capabilities—specifically our Process Intelligence Graph—to turn data insights into immediate business action. We believe there is a massive opportunity to unlo"
6412e97278d422a6,remotefirst,Lead Applied Value Engineer,Celonis,India,India,True,Not disclosed,,,,,SAP mentioned,Technical / Development,Lead / Manager,Unspecified SAP,English,,https://remotefirstjobs.com/companies/celonis/jobs/lead-applied-value-engineer-788422,"Celonis is the global leader in Process Intelligence and the pioneer of Process Mining technology. As one of the world’s fastest-growing enterprise SaaS companies, we are changemakers pushing the boundaries of what’s possible. We invest heavily in advanced AI capabilities—specifically our Process Intelligence Graph—to turn data insights into immediate business action. We believe there is a massive opportunity to unlo"
59bb4314ca77aa86,remotefirst,Lead Value Engineer,Celonis,United States,United States,True,Disclosed,157000,184000,,,SAP module/technical requirement,Technical / Development,Lead / Manager,S/4HANA,S/4HANA,,https://remotefirstjobs.com/companies/celonis/jobs/lead-value-engineer-790501,"Celonis is the global leader in Process Intelligence and the pioneer of Process Mining technology. As one of the world’s fastest-growing enterprise SaaS companies, we are changemakers pushing the boundaries of what’s possible. We invest heavily in advanced AI capabilities—specifically our Process Intelligence Graph—to turn data insights into immediate business action. We believe there is a massive opportunity to unlo"
de3b0c6e8fcdf0ef,remotefirst,Lead Value Engineer,Celonis,United States,United States,True,Not disclosed,,,,,SAP module/technical requirement,Technical / Development,Lead / Manager,S/4HANA,S/4HANA,,https://remotefirstjobs.com/companies/celonis/jobs/lead-value-engineer-790482,"Celonis is the global leader in Process Intelligence and the pioneer of Process Mining technology. As one of the world’s fastest-growing enterprise SaaS companies, we are changemakers pushing the boundaries of what’s possible. We invest heavily in advanced AI capabilities—specifically our Process Intelligence Graph—to turn data insights into immediate business action. We believe there is a massive opportunity to unlo"
690325a5bf78a656,remotefirst,Lead Value Engineer - Public Sector,Celonis,United States,United States,True,Not disclosed,,,,,SAP mentioned,Technical / Development,Lead / Manager,Unspecified SAP,English,,https://remotefirstjobs.com/companies/celonis/jobs/lead-value-engineer-public-sector-841936,"Celonis is the global leader in Process Intelligence and the pioneer of Process Mining technology. As one of the world’s fastest-growing enterprise SaaS companies, we are changemakers pushing the boundaries of what’s possible. We invest heavily in advanced AI capabilities—specifically our Process Intelligence Graph—to turn data insights into immediate business action. We believe there is a massive opportunity to unlo"
b586601c7b1e6013,remotefirst,Principal Client Value Partner,Celonis,Germany,Germany,True,Not disclosed,,,,,SAP mentioned,Technical / Development,Lead / Manager,Unspecified SAP,German,,https://remotefirstjobs.com/companies/celonis/jobs/principal-client-value-partner-760137,"We’re Celonis, the global leader in Process Intelligence technology and one of the world’s fastest-growing SaaS firms. We believe there is a massive opportunity to unlock productivity by placing AI, data and intelligence at the core of business processes - and for that, we need your help. Care to join us? The Principal Client Value Partner is the strategic and technical “North Star” for one of our largest enterprise "
c8785933208ec6eb,remotefirst,Principal Client Value Partner,Celonis,Germany,Germany,True,Not disclosed,,,,,SAP mentioned,Technical / Development,Lead / Manager,Unspecified SAP,German,,https://remotefirstjobs.com/companies/celonis/jobs/principal-client-value-partner-758846,"We’re Celonis, the global leader in Process Intelligence technology and one of the world’s fastest-growing SaaS firms. We believe there is a massive opportunity to unlock productivity by placing AI, data and intelligence at the core of business processes - and for that, we need your help. Care to join us? The Principal Client Value Partner is the strategic and technical “North Star” for one of our largest enterprise "
0a16525b32bc17a1,remotefirst,Principal Client Value Partner Retail,Celonis,Germany,Germany,True,Not disclosed,,,,,SAP module/technical requirement,Technical / Development,Lead / Manager,S/4HANA,S/4HANA,,https://remotefirstjobs.com/companies/celonis/jobs/principal-client-value-partner-retail-805362,"Celonis is the global leader in Process Intelligence and the pioneer of Process Mining technology. As one of the world’s fastest-growing enterprise SaaS companies, we are changemakers pushing the boundaries of what’s possible. We invest heavily in advanced AI capabilities—specifically our Process Intelligence Graph—to turn data insights into immediate business action. We believe there is a massive opportunity to unlo"
48fb50b21b00809f,remotefirst,Principal Client Value Partner Retail,Celonis,Germany,Germany,True,Not disclosed,,,,,SAP module/technical requirement,Technical / Development,Lead / Manager,S/4HANA,S/4HANA,,https://remotefirstjobs.com/companies/celonis/jobs/principal-client-value-partner-retail-805225,"Celonis is the global leader in Process Intelligence and the pioneer of Process Mining technology. As one of the world’s fastest-growing enterprise SaaS companies, we are changemakers pushing the boundaries of what’s possible. We invest heavily in advanced AI capabilities—specifically our Process Intelligence Graph—to turn data insights into immediate business action. We believe there is a massive opportunity to unlo"
fd4f002a749b94e4,remotefirst,Principal Enterprise Architect,Celonis,United States,United States,True,Disclosed,192000,260000,,,SAP mentioned,Architecture,Lead / Manager,Unspecified SAP,English,,https://remotefirstjobs.com/companies/celonis/jobs/principal-enterprise-architect-841405,"Celonis is the global leader in Process Intelligence and the pioneer of Process Mining technology. As one of the world’s fastest-growing enterprise SaaS companies, we are changemakers pushing the boundaries of what’s possible. We invest heavily in advanced AI capabilities—specifically our Process Intelligence Graph—to turn data insights into immediate business action. We believe there is a massive opportunity to unlo"
90c2ea594a6cce5a,remotefirst,Principal Enterprise Architect,Celonis,United States,United States,True,Not disclosed,,,,,SAP mentioned,Architecture,Lead / Manager,Unspecified SAP,English,,https://remotefirstjobs.com/companies/celonis/jobs/principal-enterprise-architect-774117,"Celonis is the global leader in Process Intelligence and the pioneer of Process Mining technology. As one of the world’s fastest-growing enterprise SaaS companies, we are changemakers pushing the boundaries of what’s possible. We invest heavily in advanced AI capabilities—specifically our Process Intelligence Graph—to turn data insights into immediate business action. We believe there is a massive opportunity to unlo"
1627b2d188867131,remotefirst,Principal Enterprise Architect,Celonis,United States,United States,True,Disclosed,173000,233000,,,SAP mentioned,Architecture,Lead / Manager,Unspecified SAP,English,,https://remotefirstjobs.com/companies/celonis/jobs/principal-enterprise-architect-774026,"Celonis is the global leader in Process Intelligence and the pioneer of Process Mining technology. As one of the world’s fastest-growing enterprise SaaS companies, we are changemakers pushing the boundaries of what’s possible. We invest heavily in advanced AI capabilities—specifically our Process Intelligence Graph—to turn data insights into immediate business action. We believe there is a massive opportunity to unlo"
6025ec801fa0fdc4,remotefirst,Principal Enterprise Architect,Celonis,India,India,True,Not disclosed,,,,,SAP mentioned,Architecture,Lead / Manager,Unspecified SAP,English,,https://remotefirstjobs.com/companies/celonis/jobs/principal-enterprise-architect-738517,"We’re Celonis, the global leader in Process Intelligence technology and one of the world’s fastest-growing SaaS firms. We believe there is a massive opportunity to unlock productivity by placing AI, data and intelligence at the core of business processes - and for that, we need your help. Care to join us? The Role : We are looking for a curious, smart and “learn it all” Architect with proven experience and a passion "
2f207005890bd6a7,remotefirst,Principal Enterprise Architect,Celonis,Germany,Germany,True,Not disclosed,,,,,SAP mentioned,Architecture,Lead / Manager,Unspecified SAP,English,,https://remotefirstjobs.com/companies/celonis/jobs/principal-enterprise-architect-632928,"We’re Celonis, the global leader in Process Intelligence technology and one of the world’s fastest-growing SaaS firms. We believe there is a massive opportunity to unlock productivity by placing AI, data and intelligence at the core of business processes - and for that, we need your help. Care to join us? The Role: We are looking for a curious, smart, and “learn it all” Architect with proven experience and a passion "
47b26f7f95d57660,remotefirst,Principal Management & Technology Consultant - Manufacturing,Celonis,Germany,Germany,True,Not disclosed,,,,,SAP mentioned,Technical / Development,Lead / Manager,Unspecified SAP,,,https://remotefirstjobs.com/companies/celonis/jobs/principal-management-technology-consultant-manufacturing-819341,"Celonis is the global leader in Process Intelligence and the pioneer of Process Mining technology. As one of the world’s fastest-growing enterprise SaaS companies, we are changemakers pushing the boundaries of what’s possible. We invest heavily in advanced AI capabilities—specifically our Process Intelligence Graph—to turn data insights into immediate business action. We believe there is a massive opportunity to unlo"
03743c84c09e7180,remotefirst,Principal Process Intelligence & Supply Chain Transformation Consultant - Manufacturing,Celonis,Germany,Germany,True,Not disclosed,,,,,SAP mentioned,Technical / Development,Lead / Manager,Unspecified SAP,,,https://remotefirstjobs.com/companies/celonis/jobs/principal-process-intelligence-supply-chain-transformation-consultant-manufacturing-819367,"Celonis is the global leader in Process Intelligence and the pioneer of Process Mining technology. As one of the world’s fastest-growing enterprise SaaS companies, we are changemakers pushing the boundaries of what’s possible. We invest heavily in advanced AI capabilities—specifically our Process Intelligence Graph—to turn data insights into immediate business action. We believe there is a massive opportunity to unlo"
2acb7c17145eefae,remotefirst,Principal Strategic Value & Process Optimisation Consultant - Manufacturing,Celonis,Germany,Germany,True,Not disclosed,,,,,SAP mentioned,Technical / Development,Lead / Manager,Unspecified SAP,,,https://remotefirstjobs.com/companies/celonis/jobs/principal-strategic-value-process-optimisation-consultant-manufacturing-819334,"Celonis is the global leader in Process Intelligence and the pioneer of Process Mining technology. As one of the world’s fastest-growing enterprise SaaS companies, we are changemakers pushing the boundaries of what’s possible. We invest heavily in advanced AI capabilities—specifically our Process Intelligence Graph—to turn data insights into immediate business action. We believe there is a massive opportunity to unlo"
c7f48077eebcce61,remotefirst,Principal Value Engineer - Manufacturing/Production,Celonis,Germany,Germany,True,Not disclosed,,,,,SAP mentioned,Technical / Development,Lead / Manager,Unspecified SAP,German,,https://remotefirstjobs.com/companies/celonis/jobs/principal-value-engineer-manufacturingproduction-822625,"Celonis is the global leader in Process Intelligence and the pioneer of Process Mining technology. As one of the world’s fastest-growing enterprise SaaS companies, we are changemakers pushing the boundaries of what’s possible. We invest heavily in advanced AI capabilities—specifically our Process Intelligence Graph—to turn data insights into immediate business action. We believe there is a massive opportunity to unlo"
bd8b5adff746cede,remotefirst,Senior Value Engineer,Celonis,United States,United States,True,Disclosed,131000,154000,,,SAP module/technical requirement,Technical / Development,Senior,EWM / WM / Logistics; TM / GTS / Supply Chain,,,https://remotefirstjobs.com/companies/celonis/jobs/senior-value-engineer-800351,"Celonis is the global leader in Process Intelligence and the pioneer of Process Mining technology. As one of the world’s fastest-growing enterprise SaaS companies, we are changemakers pushing the boundaries of what’s possible. We invest heavily in advanced AI capabilities—specifically our Process Intelligence Graph—to turn data insights into immediate business action. We believe there is a massive opportunity to unlo"
bcf12ee93966d105,remotefirst,Senior Value Engineer - Banking,Celonis,United States,United States,True,Disclosed,131250,153750,,,SAP mentioned,Technical / Development,Senior,Unspecified SAP,,,https://remotefirstjobs.com/companies/celonis/jobs/senior-value-engineer-banking-815886,"Celonis is the global leader in Process Intelligence and the pioneer of Process Mining technology. As one of the world’s fastest-growing enterprise SaaS companies, we are changemakers pushing the boundaries of what’s possible. We invest heavily in advanced AI capabilities—specifically our Process Intelligence Graph—to turn data insights into immediate business action. We believe there is a massive opportunity to unlo"
2c45fe7e82b2a87d,remotefirst,Senior Value Engineer - Public Sector,Celonis,United States,United States,True,Not disclosed,,,,,SAP mentioned,Technical / Development,Senior,Unspecified SAP,English,,https://remotefirstjobs.com/companies/celonis/jobs/senior-value-engineer-public-sector-846334,"Celonis is the global leader in Process Intelligence and the pioneer of Process Mining technology. As one of the world’s fastest-growing enterprise SaaS companies, we are changemakers pushing the boundaries of what’s possible. We invest heavily in advanced AI capabilities—specifically our Process Intelligence Graph—to turn data insights into immediate business action. We believe there is a massive opportunity to unlo"
576d18a7df9d45a4,remotefirst,"Manager, Data Governance",Chomps,Worldwide / Not specified,Worldwide / Not specified,True,Disclosed,110000,120000,,,SAP module/technical requirement,Data / Analytics,Lead / Manager,MDG / Master Data,MDG,,https://remotefirstjobs.com/companies/chomps/jobs/manager-data-governance-854285,"Who We Are Chomps is America’s fastest-growing meat snack brand, redefining convenient snacking with a commitment to real ingredients and bold, satisfying flavors. Crafted from 100% grass-fed, grass-finished beef and venison, along with antibiotic-free turkey and chicken, each Chomps meat stick delivers 10+ grams of high-quality protein without sugar, hormones, soy, dairy, artificial preservatives, artificial nitrate"
016634476ddf880f,remotefirst,Accountant – Japanese Bilingual,Cinter Career,United States,United States,True,Disclosed,60000,70000,,,SAP mentioned,Functional Consulting,Junior,Unspecified SAP,English,,https://remotefirstjobs.com/companies/cinter-career/jobs/accountant-japanese-bilingual-848395,"▶︎ Job Details ・Job Title: Accountant – Japanese Bilingual ・Client: Japanese Company ・Working Location: Midtown NYC ・Working Style: Hybrid - 2 days in Office ・Employment Type: Full-time ・Salary: $60-70K (DOE) ・Benefit: Full Benefits ・Visa Support: N/A ・Working Hours: Monday–Friday 9:00AM-5:30PM ・Language: English & Japanese ▶︎ Key Responsibilities Review and validate Accounts Payable (A/P), Accounts Receivable (A/R),"
687b107646303e7e,remotefirst,Senior Accountant – Japanese Bilingual,Cinter Career,United States,United States,True,Disclosed,80000,90000,,,SAP mentioned,Functional Consulting,Senior,Unspecified SAP,English,,https://remotefirstjobs.com/companies/cinter-career/jobs/senior-accountant-japanese-bilingual-848428,"▶︎ Job Details ・Job Title: Senior Accountant – Japanese Bilingual ・Client: Japanese Client ・Working Location: Midtown, NYC ・Working Style: Hybrid(2 days in Office) ・Employment Type: Full-time ・Salary: $80-90K / per year (DOE) ・Benefit: Full Benefits ・Visa Support: No ・Working Hours: Monday–Friday 9:00AM-5:30PM ・Language: English & Japanese ▶︎ Key Responsibilities Independently manage day-to-day corporate accounting o"
f494ab760f983b81,remotefirst,Senior Accountant – Japanese Bilingual,Cinter Career,United States,United States,True,Disclosed,65000,75000,,,SAP mentioned,Functional Consulting,Senior,Unspecified SAP,English,,https://remotefirstjobs.com/companies/cinter-career/jobs/senior-accountant-japanese-bilingual-848383,"▶︎ Job Details ・Job Title: Senior Accountant – Japanese Bilingual ・Client: Japanese Client ・Working Location: Irving, TX ・Working Style: Hybrid (2 days in office) ・Employment Type: Full-time ・Salary: $65,000–$75,000(DOE) ・Benefit: Full Benefits ・Visa Support: No ・Working Hours: Monday–Friday 9:00AM-5:30PM ・Language: English & Japanese ▶︎ Key Responsibilities Independently manage day-to-day corporate accounting operat"
0cdb5f8aa8b4ab11,remotefirst,EDI Central Key User / Business Analyst for APAC Region,Continental,Philippines,Philippines,True,Not disclosed,,,,,SAP module/technical requirement,Technical / Development,Mid / Unspecified,S/4HANA; SD / Sales,S/4HANA; SAP SD; English,,https://remotefirstjobs.com/companies/continental/jobs/edi-central-key-user-business-analyst-for-apac-region-813868,"Company Description Continental is a leading tire manufacturer and industry specialist that develops and produces sustainable, safe and convenient solutions for automotive manufacturers as well as industrial and end customers worldwide. Founded in 1871, the company generated sales of €19.7 billion in 2025, and the Continental team is made up of 92,653 employees at 336 locations for production, research and developmen"
b1ceffadf4b4304c,remotefirst,IT B2B/EDI Developer,Continental,India,India,True,Not disclosed,,,,,SAP module/technical requirement,Basis / Security,Mid / Unspecified,Basis / Security,GRC / Security; English,,https://remotefirstjobs.com/companies/continental/jobs/it-b2bedi-developer-825195,"Company Description Continental develops pioneering technologies and services for sustainable and connected mobility of people and their goods. Founded in 1871, the technology company offers safe, efficient, intelligent and affordable solutions for vehicles, machines, traffic and transportation. In 2023, Continental generated preliminary sales of €41.4 billion and currently employs around 200,000 people in 56 countri"
4428bd640c5a0b3a,remotefirst,SAP Sales & Distribution (SD) Central Key User / Business Analyst for APAC Region,Continental,Philippines,Philippines,True,Not disclosed,,,,,Core SAP delivery role,Technical / Development,Mid / Unspecified,S/4HANA; SD / Sales,S/4HANA; SAP SD; English,,https://remotefirstjobs.com/companies/continental/jobs/sap-sales-distribution-sd-central-key-user-business-analyst-for-apac-region-812452,"Company Description Continental is a leading tire manufacturer and industry specialist that develops and produces sustainable, safe and convenient solutions for automotive manufacturers as well as industrial and end customers worldwide. Founded in 1871, the company generated sales of €19.7 billion in 2025, and the Continental team is made up of 92,653 employees at 336 locations for production, research and developmen"
7073d4bd51391d05,remotefirst,Product Manager Finance,CoreWeave,United States,United States,True,Disclosed,139000,204000,,,SAP module/technical requirement,Basis / Security,Lead / Manager,Basis / Security; FI / CO / FICO,GRC / Security; Agile / Scrum,,https://remotefirstjobs.com/companies/coreweave/jobs/product-manager-finance-788233,"CoreWeave is The Essential Cloud for AI™. Built for pioneers by pioneers, CoreWeave delivers a platform of technology, tools, and teams that enables innovators to build and scale AI with confidence. Trusted by leading AI labs, startups, and global enterprises, CoreWeave combines superior infrastructure performance with deep technical expertise to accelerate breakthroughs and turn compute into capability. Founded in 2"
ded95e9ccc2ac1fc,remotefirst,"Senior Manager, Joint Venture & VIE",CoreWeave,United States,United States,True,Disclosed,135000,180000,,,SAP module/technical requirement,Basis / Security,Lead / Manager,Basis / Security,GRC / Security,,https://remotefirstjobs.com/companies/coreweave/jobs/senior-manager-joint-venture-vie-788282,"CoreWeave is The Essential Cloud for AI™. Built for pioneers by pioneers, CoreWeave delivers a platform of technology, tools, and teams that enables innovators to build and scale AI with confidence. Trusted by leading AI labs, startups, and global enterprises, CoreWeave combines superior infrastructure performance with deep technical expertise to accelerate breakthroughs and turn compute into capability. Founded in 2"
b7a771ddc0d81abf,remotefirst,Staff Business Systems Engineer Data Center Systems,CoreWeave,United States,United States,True,Disclosed,188000,275000,,,SAP module/technical requirement,Basis / Security,Lead / Manager,Basis / Security,GRC / Security,,https://remotefirstjobs.com/companies/coreweave/jobs/staff-business-systems-engineer-data-center-systems-778142,"CoreWeave is The Essential Cloud for AI™. Built for pioneers by pioneers, CoreWeave delivers a platform of technology, tools, and teams that enables innovators to build and scale AI with confidence. Trusted by leading AI labs, startups, and global enterprises, CoreWeave combines superior infrastructure performance with deep technical expertise to accelerate breakthroughs and turn compute into capability. Founded in 2"
43dfd52683f564a6,remotefirst,Senior Solution Advisor - 11612,Coupa,Germany,Germany,True,Disclosed,109478,124843,,,SAP module/technical requirement,Data / Analytics,Senior,MM / Procurement,Ariba; English; German,,https://remotefirstjobs.com/companies/coupa-software/jobs/senior-solution-advisor-11612-827604,"Coupa makes margins multiply through its community-generated AI and industry-leading total spend management platform for businesses large and small. Coupa AI is informed by trillions of dollars of direct and indirect spend data across a global network of 10M+ buyers and suppliers. We empower you with the ability to predict, prescribe, and automate smarter, more profitable business decisions to improve operating margi"
b8374e75762a3e77,remotefirst,Sr Product Manager - 11826,Coupa,United States,United States,True,Disclosed,125000,174333,,,SAP mentioned,Data / Analytics,Lead / Manager,Unspecified SAP,,,https://remotefirstjobs.com/companies/coupa-software/jobs/sr-product-manager-11826-851582,"Coupa makes margins multiply through its community-generated AI and industry-leading total spend management platform for businesses large and small. Coupa AI is informed by trillions of dollars of direct and indirect spend data across a global network of 10M+ buyers and suppliers. We empower you with the ability to predict, prescribe, and automate smarter, more profitable business decisions to improve operating margi"
7485c746d980c4a9,remotefirst,Senior Software Development Manager,Coupang,India,India,True,Not disclosed,,,,,SAP mentioned,Technical / Development,Lead / Manager,Unspecified SAP,,,https://remotefirstjobs.com/companies/coupang/jobs/senior-software-development-manager-787532,"Company Introduction We exist to wow our customers. We know we’re doing the right thing when we hear our customers say, “How did we ever live without Coupang?” Born out of an obsession to make shopping, eating, and living easier than ever, we’re collectively disrupting the multi-billion-dollar e-commerce industry from the ground up. We are one of the fastest-growing e-commerce companies that established an unparallel"
1c64768676cbff4c,remotefirst,Senior Solution Consultant Implementation,Coveo,Canada,Canada,True,Not disclosed,,,,,SAP mentioned,Data / Analytics,Senior,Unspecified SAP,,,https://remotefirstjobs.com/companies/coveo/jobs/senior-solution-consultant-implementation-755226,"The technical backbone behind every successful implementation First time hearing about Professional Services at Coveo? We are THE technical team that brings the Coveo AI-powered search products to life for our clients. As a Senior Solutions Consultant, you’ll guide our enterprise customers through transformative Generative AI experiences implementations, and shape how they leverage our solutions for a stronger and mo"
2774fcb1bbe5e2df,remotefirst,Senior Planner / Planner - Singapore (Hybrid),Cricut,Singapore,Singapore,True,Not disclosed,,,,,SAP mentioned,Data / Analytics,Senior,Unspecified SAP,English,,https://remotefirstjobs.com/companies/cricut/jobs/senior-planner-planner-singapore-hybrid-841751,"Company Description Cricut® makes smart cutting machines that work with an easy-to-use app, an ever-growing collection of materials, and crafting essentials to help you design and personalize almost anything — custom cards, unique apparel, everyday items, and so much more. Let’s make. Overview We believe everyone is born creative. We’re a diverse tapestry of thinkers, dreamers, givers, DIYers, handi-workers, artisans"
1411d01d86378c92,remotefirst,Import Declarant (SAP GTS),Customs Support,Worldwide / Not specified,Worldwide / Not specified,True,Not disclosed,,,,,SAP-titled role,Data / Analytics,Mid / Unspecified,TM / GTS / Supply Chain,SAP GTS; English; German,,https://remotefirstjobs.com/companies/customs-support/jobs/import-declarant-sap-gts-852530,"Description About Customs Support Group Customs Support Group (CSG) is the European market leader in customs services, operating across 14 countries. CSG is owned by private equity and a fast-growing, dynamic, data-driven company, dedicated to expanding its presence through strong organic growth and strategic acquisitions. Its key priorities include digital transformation, operational excellence and customer experien"
4f42a0fce632ac1b,remotefirst,SAP EWM Support Consultant - Manufacturing & Logistics,D-ploy GmbH,Austria,Austria,True,Not disclosed,,,,,Core SAP delivery role,Functional Consulting,Mid / Unspecified,EWM / WM / Logistics,SAP EWM,,https://remotefirstjobs.com/companies/d-ploy-gmbh/jobs/sap-ewm-support-consultant-manufacturing-logistics-819329,"We are looking for a SAP EWM Support Consultant - Manufacturing & Logistics to our key projects designing innovation tools, training and experiences. ! This role lasts initially until the end September of 2027 with expected extension, where only a freelance cooperation is available as form of cooperation. Tasks and Responsibilities: Provide BAU support for SAP EWM and Manufacturing-related logistics processes across "
50c1a4ba4273c19c,remotefirst,Senior SAP BusinessObjects Developer,Data Meaning,Worldwide / Not specified,Worldwide / Not specified,True,Not disclosed,,,,,Core SAP delivery role,Technical / Development,Senior,HANA / Data,English,,https://remotefirstjobs.com/companies/data-meaning/jobs/senior-sap-businessobjects-developer-848594,"Senior SAP BusinessObjects Developer Location: Brazil & LATAM (Remote) Position type: Temporary Contract Job Summary Data Meaning is a business intelligence and data analytics consulting firm dedicated to helping organizations make better decisions through data. We partner with clients across multiple industries to deliver modern data platforms, cloud solutions, AI applications, and software engineering expertise. We"
a76d06dcf7baaad3,remotefirst,"Senior Solution Engineer, ERP & Add-On Solutions","Datacor, Inc.",United States,United States,True,Not disclosed,,,,,SAP mentioned,Technical / Development,Senior,Unspecified SAP,,,https://remotefirstjobs.com/companies/datacor-inc/jobs/senior-solution-engineer-erp-addon-solutions-844986,"About Us: Datacor is the leading provider of software solutions, including ERP, CRM, Asset Tracking, Simulation and Formulation, to the process manufacturing space. We are on a mission to better equip the industry with software solutions and move it forward by building thoughtful, intuitive products that solve our customers’ most difficult problems. We are passionate about serving our customers and helping them use d"
531337446d173de2,remotefirst,DevOps Engineer Professional (MS Azure) for Professional Services (m/f/d),Deutsche Telekom IT Solutions Slovakia,Slovakia,Slovakia,True,Disclosed,53013,53013,,,SAP mentioned,Technical / Development,Mid / Unspecified,Unspecified SAP,Agile / Scrum; English; German,,https://remotefirstjobs.com/companies/deutsche-telekom-it-solutions-slovakia/jobs/devops-engineer-professional-ms-azure-for-professional-services-mfd-812633,Company Description Our brand Deutsche Telekom IT Solutions Slovakia entered the life of Košice region in 2006 under the name of T-Systems Slovakia and ever since has been inextricably linked with the region when became one of the founding members of Košice IT Valley. We have managed to grow from scratch to the second largest employer in the eastern part of the country with more than 3900 employees. Our goal is to pr
80c1a3e5b05c0126,remotefirst,Senior Software Engineer - Platform,Dremio,Portugal,Portugal,True,Not disclosed,,,,,SAP module/technical requirement,Technical / Development,Senior,HANA / Data,SAP HANA,,https://remotefirstjobs.com/companies/dremio/jobs/senior-software-engineer-platform-845689,"Be Part of Building the Future Dremio is the unified lakehouse platform for self-service analytics and AI, serving hundreds of global enterprises, including Maersk, Amazon, Regeneron, NetApp, and S&P Global. Customers rely on Dremio for cloud, hybrid, and on-prem lakehouses to power their data mesh, data warehouse migration, data virtualization, and unified data access use cases. Based on open source technologies, in"
f0ecc706257841ed,remotefirst,Program Manager - JD Edwards Consulting Delivery,ERP Suites,Worldwide / Not specified,Worldwide / Not specified,True,Not disclosed,,,,,SAP mentioned,Project / Program,Lead / Manager,Unspecified SAP,Agile / Scrum,,https://remotefirstjobs.com/companies/erp-suites/jobs/program-manager-jd-edwards-consulting-delivery-845828,"ERP Suites is seeking a Program Manager to lead the successful delivery of client engagements from initial discovery through project completion. This role is responsible for managing the entire project lifecycle, ensuring projects are delivered on time, within scope, within budget, and at the quality standards our clients expect. As a Program Manager, you will serve as the primary owner of multiple client projects si"
0e68068e630d9aea,remotefirst,Solution Architect,ERP Suites,Worldwide / Not specified,Worldwide / Not specified,True,Not disclosed,,,,,SAP mentioned,Architecture,Lead / Manager,Unspecified SAP,,,https://remotefirstjobs.com/companies/erp-suites/jobs/solution-architect-845846,"Solution Architect ERP Suites is looking for a Solution Architect to transform complex business challenges into practical, scalable technology solutions. In this role, you’ll partner closely with clients, consulting teams, and technical experts to design solutions that deliver measurable business value while ensuring successful implementation. As a Solution Architect, you’ll own the solution lifecycle—from discovery "
292857e9b2cb85a5,remotefirst,Sr/Exec Director Clinical Development,"Erasca, Inc.",United States,United States,True,Disclosed,265000,310000,,,SAP mentioned,Data / Analytics,Lead / Manager,Unspecified SAP,,,https://remotefirstjobs.com/companies/erasca-inc/jobs/srexec-director-clinical-development-841243,"Erasca is a clinical-stage precision oncology company focused on discovering, developing and commercializing medicines for the benefit of patients with cancer. Our programs take novel approaches to shutting down one of cancer’s most commonly mutated signaling cascades, the RAS/MAPK pathway, which affects approximately 5.5 million lives each year worldwide. The name “Erasca” has an important embedded meaning: it is a "
2ffda09aae219b69,remotefirst,Billing Supervisor,Experian,Costa Rica,Costa Rica,True,Not disclosed,,,,,SAP mentioned,Data / Analytics,Lead / Manager,Unspecified SAP,English,,https://remotefirstjobs.com/companies/experian/jobs/billing-supervisor-837574,"Company Description Experian is a global data and technology company, powering opportunities for people and businesses around the world. We operate across a range of markets, from financial services to healthcare, automotive, agribusiness, insurance, and many more. Experian invests in people and new advanced technologies to unlock the power of data. We have an amazing team of 25,200 people in 32 countries. Job Descri"
5fca3fd7e3212430,remotefirst,"AP Accountant (Fixed-term, 1 year)",Extreme Reach,Hungary,Hungary,True,Not disclosed,,,,,SAP mentioned,Data / Analytics,Mid / Unspecified,Unspecified SAP,English; German,,https://remotefirstjobs.com/companies/extreme-reach/jobs/ap-accountant-fixedterm-1-year-826506,"About XR Extreme Reach Extreme Reach provides a Connectivity Suite for the ad industry, combining collaboration tools, digital asset management, a global distribution network and powerful analytics to provide smarter, more collaborative advertising workflows bringing the marketing and production processes together from idea to delivery for greater visibility, productivity, insight, and performance. Brands, agencies, "
ea01a5e8cf0e99e2,remotefirst,Finance Application Specialist,FARFETCH,Portugal,Portugal,True,Not disclosed,,,,,SAP mentioned,Data / Analytics,Mid / Unspecified,Unspecified SAP,English,,https://remotefirstjobs.com/companies/farfetch/jobs/finance-application-specialist-744256,"Farfetch is a leading global marketplace for the luxury fashion industry, connecting customers in over 190 countries with items from more than 50 countries and over 1,400 of the world’s best brands and charming boutiques from around the world. Farfetch opens a world of luxury for endless expressions of style, delivering a truly unique shopping experience and access to the most extensive selection of luxury on a globa"
b328fcfa676e5895,remotefirst,Controller,Fieldwire by Hilti,United States,United States,True,Disclosed,145000,175000,,,SAP mentioned,Data / Analytics,Lead / Manager,Unspecified SAP,,,https://remotefirstjobs.com/companies/fieldwire-by-hilti/jobs/controller-839858,"Who we’re looking for We are looking for an ambitious, results oriented and driven controller to join our high-performing team in our global Fieldwire headquarters in San Francisco, CA or Remote. You will take a key role within our organization as a business partner and team leader, reporting directly to the Director of Finance for Fieldwire. While developing your leadership skills managing the finance operations (Ac"
cf73e01d4d2d0de0,remotefirst,"Software Engineer, Fullstack (UK)",Firstup,United Kingdom,United Kingdom,True,Not disclosed,,,,,SAP module/technical requirement,Technical / Development,Senior,HCM / SuccessFactors,SuccessFactors,,https://remotefirstjobs.com/companies/firstup/jobs/software-engineer-fullstack-uk-812960,"Who We Are At Firstup, our mission is to improve the employee experience at every moment that matters, large and small. As the communication pipeline for the world’s workforce, we now serve 40 of the Fortune 100 companies, reaching and connecting more than 17 million employees daily. Our employees are experts in the employee experience, workforce communications and technology. Joining Firstup means joining a movement"
0ef3d605c4b7791e,remotefirst,Customer Solutions Architect,Fivetran,Japan,Japan,True,Not disclosed,,,,,SAP module/technical requirement,Architecture,Lead / Manager,HANA / Data,SAP HANA,,https://remotefirstjobs.com/companies/fivetran/jobs/customer-solutions-architect-806832,"From Fivetran’s founding until now, our mission has remained the same: to make access to data as simple and reliable as electricity. With Fivetran, customer data arrives in their warehouses, canonical and ready to query, with no engineering or maintenance required. We’re proud that more organizations continue to leverage our technology every day to become truly data-driven. About the Role We’re looking for a Customer"
2e61f4df9472799d,remotefirst,"Senior Sales Engineer, Enterprise",Fivetran,United States,United States; Spain,True,Disclosed,166788,208485,,,SAP mentioned,Technical / Development,Senior,Unspecified SAP,,,https://remotefirstjobs.com/companies/fivetran/jobs/senior-sales-engineer-enterprise-850849,"From Fivetran’s founding until now, our mission has remained the same: to make access to data as simple and reliable as electricity. With Fivetran, customer data arrives in their warehouses, canonical and ready to query, with no engineering or maintenance required. We’re proud that more organizations continue to leverage our technology every day to become truly data-driven. About Us Fivetran and dbt Labs are bringing"
cbee916e5a377aaf,remotefirst,Sales Engineer,Forma.ai,Canada,Canada; United States,True,Disclosed,56944,71180,,,SAP mentioned,Technical / Development,Mid / Unspecified,Unspecified SAP,,,https://remotefirstjobs.com/companies/formaai/jobs/sales-engineer-842490,"About Forma.ai: Forma.ai is a Series B startup that’s revolutionizing how sales compensation is designed, managed and optimized. We handle billions in annual managed commissions for market leaders like Edmentum, Stryker, and Autodesk. Our growth has been fuelled by our passion for fundamentally changing and shaping how companies use sales intelligence to drive business strategy. We’re welcoming equally driven individ"
e52ba0c7a1f1fe30,remotefirst,Data researcher,Forter,Israel,Israel,True,Not disclosed,,,,,SAP mentioned,Data / Analytics,Mid / Unspecified,Unspecified SAP,,,https://remotefirstjobs.com/companies/forter/jobs/data-researcher-671524,"About the role: As a Data Researcher (Student Position) at Forter, you will be instrumental in the core technology that underpins our fraud detection platform. This dual-focus role involves hands-on data infrastructure development and strategic contribution to our decisioning logic. You will be responsible for designing, building, and maintaining near-real-time databases and features that directly impact our real-tim"
add30d5cd0d1e7c9,remotefirst,Enterprise Account Executive,Forter,China,China,True,Not disclosed,,,,,SAP mentioned,Data / Analytics,Mid / Unspecified,Unspecified SAP,English,,https://remotefirstjobs.com/companies/forter/jobs/enterprise-account-executive-819183,"About the role: This is an exciting time for Forter as we have seen great success in the market and are building a team to support our growth in China. We are looking for a talented and self-driven Enterprise Account Executive who thrives in a dynamic, complex sales cycle environment. The successful candidate will play a fundamental role in achieving our ambitious customer acquisition and revenue growth objectives ac"
940e0ea52ded29a8,remotefirst,"Lead Strategic Partnerships Manager, Financial Services",Forter,United States,United States,True,Disclosed,196000,240000,,,SAP mentioned,Data / Analytics,Lead / Manager,Unspecified SAP,,,https://remotefirstjobs.com/companies/forter/jobs/lead-strategic-partnerships-manager-financial-services-822939,"About the Role Forter is seeking a Lead Strategic Partnerships Manager, Financial Services to own and accelerate our most strategic relationships across the global payments ecosystem. Reporting to the VP of Global Strategic Partnerships, this position carries expanded ownership: you will set the vision for Forter’s PSP and issuing bank partnership strategy, close and structure landmark deals, and serve as an internal"
404bca160c6778a0,remotefirst,"Regional Director, Enterprise Sales",Forter,United States,United States,True,Disclosed,185000,210000,,,SAP mentioned,Data / Analytics,Lead / Manager,Unspecified SAP,,,https://remotefirstjobs.com/companies/forter/jobs/regional-director-enterprise-sales-853575,"About the role: Forter is seeking an accomplished Regional Director, Enterprise Sales to lead our enterprise sales strategy and execution across the Eastern United States. This role will own regional revenue growth, new-logo acquisition, strategic account development, pipeline health, and forecast accuracy across a complex enterprise territory. You will lead, coach, and develop a high-performing enterprise sales team"
8d20e0194d0a3ad2,remotefirst,Senior AI Engineer,Forter,United Kingdom,United Kingdom,True,Not disclosed,,,,,SAP mentioned,Technical / Development,Senior,Unspecified SAP,English,,https://remotefirstjobs.com/companies/forter/jobs/senior-ai-engineer-697598,"About the role: Forter is looking for a Senior AI Engineer to join a strong and dynamic AI Engineering team . We are the focal point for AI initiatives in Forter, striving to constantly bring innovation and leverage AI capabilities across all company teams and products. Today, AI is central to how Forter operates, across the entire organization. It allows us to move fast and release features at a rapid pace, empowers"
cbd3784e481462f9,remotefirst,Senior Corporate Development Manager,Forter,United States,United States,True,Disclosed,190000,234000,,,SAP mentioned,Technical / Development,Lead / Manager,Unspecified SAP,,,https://remotefirstjobs.com/companies/forter/jobs/senior-corporate-development-manager-728825,"About the role: Forter is entering a phase of increased focus on inorganic growth, strategic partnerships and new value creation opportunities, as part of our broader strategy to become the trust engine for agentic commerce. As Senior Corporate Development Manager , you will own the end-to-end corporate development agenda – across acquisitions, strategic partnerships and emerging data monetization opportunities – wor"
cb735eef238f7a50,remotefirst,Senior Customer Success Manager,Forter,United Kingdom,United Kingdom,True,Not disclosed,,,,,SAP mentioned,Data / Analytics,Lead / Manager,Unspecified SAP,,,https://remotefirstjobs.com/companies/forter/jobs/senior-customer-success-manager-669320,"About the role: The Customer Success department is the backbone of everything Forter does, and as Senior Customer Success Manager, you’ll be a key addition to that team. Forter’s technology is on the cutting edge, and as such, the Customer Success team is in an exciting position to show customers how to benefit from that value. We put a great deal of faith in our CSMs who are responsible not only for customer satisfa"
1b47c0836b0e352f,remotefirst,Senior Software Engineer AI,Forter,Israel,Israel,True,Not disclosed,,,,,SAP mentioned,Technical / Development,Senior,Unspecified SAP,,,https://remotefirstjobs.com/companies/forter/jobs/senior-software-engineer-ai-633698,"About the role: Forter is looking for a Senior Software Engineer to join our AI Engineering team. You’ll be part of a highly proficient engineering group that serves as the focal point for all AI engineering efforts, constantly driving innovation and leveraging AI capabilities across teams and products. AI is central to how Forter operates, across the entire organization. It allows us to move fast and release feature"
16f4b2aae588f8f9,remotefirst,Senior Software Engineer II,Forter,Israel,Israel,True,Not disclosed,,,,,SAP mentioned,Technical / Development,Senior,Unspecified SAP,,,https://remotefirstjobs.com/companies/forter/jobs/senior-software-engineer-ii-627106,"About the role: Forter is looking for a highly skilled and motivated Senior II Software Engineer to join theOperational Experience engineering team. The team is part of the Customer Experience group, which is responsible for the platform, tools, and customer-facing experiences that power how Forter’s customers interact with our ecosystem. This is a high-impact, hands-on role, in which you’ll be working closely with p"
4c816a10298b2e86,remotefirst,"Assistant Vice President, Investment Accounting",Fortitude Re,Worldwide / Not specified,Worldwide / Not specified,True,Disclosed,110000,140000,,,SAP mentioned,Data / Analytics,Mid / Unspecified,Unspecified SAP,,,https://remotefirstjobs.com/companies/fortitude-re/jobs/assistant-vice-president-investment-accounting-849160,"Fortitude Reinsurance Company Ltd. (Fortitude Re) is one of the world’s leading providers of legacy reinsurance solutions. They work with the world’s leading insurance companies to help them execute comprehensive, transformational solutions for legacy Life & Annuity and P&C lines. Fortitude Re manages a general account of approximately $111 billion across life, annuity, and property & casualty insurance products. The"
04e380c731cee8e2,remotefirst,Order Processing Specialist,Frida,United States,United States,True,Not disclosed,,,,,SAP mentioned,Data / Analytics,Mid / Unspecified,Unspecified SAP,,,https://remotefirstjobs.com/companies/frida/jobs/order-processing-specialist-793075,"Who We Are Parenting isn’t picture-perfect. It’s messy, hilarious, exhausting, and life-changing — sometimes all before noon. That’s where we come in. Founded in 2014 by our CEO Chelsea Hirschhorn, Frida was built to make the raw reality of parenting a little easier to navigate (and a lot less overwhelming). It all started with one legendary snot-sucker — the NoseFrida — and has grown into a 200+ product lineup that "
952432eb8fcef661,remotefirst,Solutions Engineer (Presales),GAINS,Worldwide / Not specified,Worldwide / Not specified,True,Not disclosed,,,,,SAP mentioned,Technical / Development,Mid / Unspecified,Unspecified SAP,,,https://remotefirstjobs.com/companies/gains/jobs/solutions-engineer-presales-844540,"About GAINS GAINS is on a mission to make supply chains smarter, faster, and self-improving, powered by AI. Our Decision Engineering & Orchestration (DEO) platform doesn’t just support decisions, it drives them by aligning strategy, planning, and execution across every level of the supply chain. We serve inventory-intensive industries where the stakes are high and the complexity is real, helping customers move from r"
e94b9576c1c14573,remotefirst,Accounting Manager – Accounting Operations & GL Close,GHJ,United States,United States,True,Disclosed,130000,140000,,,SAP mentioned,Data / Analytics,Lead / Manager,Unspecified SAP,Concur,,https://remotefirstjobs.com/companies/ghj/jobs/accounting-manager-accounting-operations-gl-close-855686,"GHJ is looking for an Accounting Manager – Accounting Operations & GL Close WHY we get up in the morning At GHJ we help our people and clients pursue their passions, build thriving businesses, and create a better future. WHAT we believe We believe that collaboration is the foundation for success. We work as a business advocate for our clients – providing personalized service and building long-term relationships to he"
f87814d086aad9c4,remotefirst,Senior Billing & A/R Analyst,Garner Health,Worldwide / Not specified,Worldwide / Not specified,True,Disclosed,125000,135000,,,SAP mentioned,Data / Analytics,Senior,Unspecified SAP,,,https://remotefirstjobs.com/companies/garner-health/jobs/senior-billing-ar-analyst-842217,"Garner’s mission is to transform the healthcare economy, delivering high-quality and affordable care for all. We are fundamentally reimagining how healthcare works in the U.S. by partnering with employers to redesign healthcare benefits using clear incentives and powerful, data-driven insights. Our approach guides employees to higher-quality, lower-cost care, creating a system that works better for everyone. Patients"
0eabaab397950c81,remotefirst,Manager Accounting Services,GoGlobal,Malaysia,Malaysia,True,Not disclosed,,,,,SAP mentioned,Data / Analytics,Lead / Manager,Unspecified SAP,Agile / Scrum; English,,https://remotefirstjobs.com/companies/goglobal/jobs/manager-accounting-services-807154,"At GoGlobal, the Manager, Accounting Services is the team lead for a group of Specialists and Associates delivering full-set bookkeeping and accounting services to a portfolio of clients across multiple jurisdictions. You are accountable for the quality and timeliness of your team’s deliverables, the development and performance of your Specialists, day-to-day management of client relationships within your portfolio, "
81bc7267a59376d6,remotefirst,Capex Accounting Manager,Google Fiber,Worldwide / Not specified,Worldwide / Not specified,True,Disclosed,142400,209400,,,SAP module/technical requirement,Data / Analytics,Lead / Manager,MM / Procurement,,,https://remotefirstjobs.com/companies/google-fiber/jobs/capex-accounting-manager-838721,"At GFiber, we believe that great internet has the power to drive innovation, strengthen communities, enable the impossible, and do all the everyday things that make all of our world go round. And the job of creating better internet is never done - so we’re growing! Our team is committed to building a place where people who want to make a difference can grow their careers and find their spot to belong. GFiber is an Al"
15e161b352815a5d,remotefirst,Customer Equipment Supply Chain Program Manager,Google Fiber,Worldwide / Not specified,Worldwide / Not specified,True,Disclosed,136000,198000,,,SAP module/technical requirement,Project / Program,Lead / Manager,EWM / WM / Logistics,,,https://remotefirstjobs.com/companies/google-fiber/jobs/customer-equipment-supply-chain-program-manager-812989,"At GFiber, we believe that great internet has the power to drive innovation, strengthen communities, enable the impossible, and do all the everyday things that make all of our world go round. And the job of creating better internet is never done - so we’re growing! Our team is committed to building a place where people who want to make a difference can grow their careers and find their spot to belong. GFiber is an Al"
afc2d8b644a8fafc,remotefirst,Global AP Operations & Process Manager,Google Fiber,Worldwide / Not specified,Worldwide / Not specified,True,Disclosed,121600,177800,,,SAP mentioned,Technical / Development,Lead / Manager,Unspecified SAP,,,https://remotefirstjobs.com/companies/google-fiber/jobs/global-ap-operations-process-manager-846591,"At GFiber, we believe that great internet has the power to drive innovation, strengthen communities, enable the impossible, and do all the everyday things that make all of our world go round. And the job of creating better internet is never done - so we’re growing! Our team is committed to building a place where people who want to make a difference can grow their careers and find their spot to belong. GFiber is an Al"
a5b67c755790bfba,remotefirst,Strategic Procurement Manager,Google Fiber,Worldwide / Not specified,Worldwide / Not specified,True,Disclosed,136000,198000,,,SAP module/technical requirement,Data / Analytics,Lead / Manager,MM / Procurement,SAP MM,,https://remotefirstjobs.com/companies/google-fiber/jobs/strategic-procurement-manager-836651,"At GFiber, we believe that great internet has the power to drive innovation, strengthen communities, enable the impossible, and do all the everyday things that make all of our world go round. And the job of creating better internet is never done - so we’re growing! Our team is committed to building a place where people who want to make a difference can grow their careers and find their spot to belong. GFiber is an Al"
c10e6ebceac046cd,remotefirst,Data Manager Work Management,GroupM,United Kingdom,United Kingdom,True,Not disclosed,,,,,SAP module/technical requirement,Data / Analytics,Lead / Manager,MDG / Master Data,MDG,,https://remotefirstjobs.com/companies/groupm/jobs/data-manager-work-management-787634,"WPP is the trusted growth partner for the world’s leading brands. We unite cutting-edge media intelligence and data solutions, world-class creativity, next-generation production, transformative enterprise solutions and expert strategic counsel in a single company – powered by exceptional talent and our agentic marketing platform, WPP Open, to help our clients navigate change, capture opportunity and deliver transform"
0ecf3326f824a64d,remotefirst,GL Reporting Analyst,GroupM,Spain,Spain,True,Not disclosed,,,,,SAP mentioned,Data / Analytics,Senior,Unspecified SAP,English,,https://remotefirstjobs.com/companies/groupm/jobs/gl-reporting-analyst-784991,"WPP is the trusted growth partner for the world’s leading brands. We unite cutting-edge media intelligence and data solutions, world-class creativity, next-generation production, transformative enterprise solutions and expert strategic counsel in a single company – powered by exceptional talent and our agentic marketing platform, WPP Open, to help our clients navigate change, capture opportunity and deliver transform"
db37f05a91f4db4e,remotefirst,"Director, HR Business Partner, Advertising",Groupon,United States,United States,True,Disclosed,185000,205000,,,SAP module/technical requirement,Data / Analytics,Lead / Manager,HCM / SuccessFactors,SuccessFactors,,https://remotefirstjobs.com/companies/groupon/jobs/director-hr-business-partner-advertising-819728,"The mission of The New York Times is to seek the truth and help people understand the world. That means independent journalism is at the heart of all we do as a company. It’s why we have a world-renowned newsroom that sends journalists to report on the ground from nearly 160 countries. It’s why we focus deeply on how our readers will experience our journalism, from print to audio to a world-class digital and app dest"
892f85a1ee83a268,remotefirst,Senior Security Consultant - Okta (Remote in the US),GuidePoint Security,Worldwide / Not specified,Worldwide / Not specified,True,Not disclosed,,,,,SAP module/technical requirement,Basis / Security,Lead / Manager,Basis / Security; HCM / SuccessFactors,SuccessFactors; GRC / Security,,https://remotefirstjobs.com/companies/guidepoint-security/jobs/senior-security-consultant-okta-remote-in-the-us-852349,"GuidePoint Security provides trusted cybersecurity expertise, solutions and services that help organizations make better decisions and minimize risk. By taking a three-tiered, holistic approach for evaluating security posture and ecosystems, GuidePoint enables some of the nation’s top organizations, such as Fortune 500 companies and U.S. government agencies, to identify threats, optimize resources and integrate best-"
0231e829571dedb2,remotefirst,Payroll Project Lead,Harbor.ai,United Kingdom,United Kingdom,True,Not disclosed,,,,,SAP module/technical requirement,Technical / Development,Lead / Manager,HCM / SuccessFactors,SuccessFactors; Agile / Scrum,,https://remotefirstjobs.com/companies/harborai/jobs/payroll-project-lead-838582,"Harbor looking for a Payroll Project Lead to take ownership of global payroll migrations and transformation projects. You will lead client-facing engagements, advise organisations on transitions to global payroll vendors, and direct the delivery of global payroll audits. You will be the primary point of accountability for the client relationship and the overall health and status of each project. This is a senior, cli"
344cf38ab8f6e9f0,remotefirst,Senior Accountant,HeadQuarters,Mexico,Mexico,True,Not disclosed,,,,,SAP mentioned,Data / Analytics,Senior,Unspecified SAP,,,https://remotefirstjobs.com/companies/headquarters/jobs/senior-accountant-816353,"HeadQuarters is a global start-up that partners with US cannabis companies to provide support in finance, sales operations, and logistics. We are currently seeking a Senior Accountant to join our growing accounting team. As a Senior Accountant with HeadQuarters, you will be responsible for managing and monitoring in a timely manner Accounts Payable Management. Payroll Processing, Expense & Accrual Accounting, Month-E"
c085f602b298ad45,remotefirst,"Senior Manager, Long-Term Planning",HelloFresh,Canada,Canada,True,Disclosed,78951,84234,,,SAP module/technical requirement,Data / Analytics,Lead / Manager,TM / GTS / Supply Chain,,,https://remotefirstjobs.com/companies/hellofresh/jobs/senior-manager-longterm-planning-838494,"The Senior Manager, Long-Term Planning will serve as the architect of our future-state planning for the North America (NA) market, comprising our US and CA businesses. Reporting into the Director, Strategic Planning, you will be responsible for implementing a structured, long-term strategic planning horizon in the NA business. This role will optimize North American supply chain and fulfillment operations and implemen"
69afc162481318a8,remotefirst,Technical Architect,Hitachi Solutions,Germany,Germany,True,Not disclosed,,,,,SAP mentioned,Architecture,Mid / Unspecified,Unspecified SAP,German,,https://remotefirstjobs.com/companies/hitachi-solutions-america/jobs/technical-architect-673650,"Unternehmensbeschreibung Hitachi Solutions, Ltd., mit Hauptsitz in Tokyo, Japan, ist ein zentrales Mitglied des Informations- & Telekommunikationssektors der Hitachi Group und ein anerkannter Marktführer für bewährte Business- und IT-Strategien und -Lösungen für Unternehmen aus den unterschiedlichsten Branchen. Das Unternehmen bietet wertorientierte Dienstleistungen für den gesamten IT-Lebenszyklus: von der Planung v"
d60026f84958d597,remotefirst,Senior Forward Deployed Engineer,Host Analytics Inc,Worldwide / Not specified,Worldwide / Not specified,True,Disclosed,200000,300000,,,SAP mentioned,Technical / Development,Senior,Unspecified SAP,,,https://remotefirstjobs.com/companies/host-analytics-inc/jobs/senior-forward-deployed-engineer-841937,"About the Role As a Forward Deployed Engineer, you own the technical success of a customer’s rollout end to end — from initial data integration through modeling, validation, and go-live — and you feed what you learn directly back into the product. This is not a services or implementation-consulting role: you write code, you own integrations as engineering artifacts, and you work shoulder-to-shoulder with customers to"
10c81db7d9d64e78,remotefirst,Data Architecture and Insights Analyst,Hourglass Cosmetics,United States,United States,True,Disclosed,95000,110000,,,SAP mentioned,Data / Analytics,Mid / Unspecified,Unspecified SAP,Agile / Scrum,,https://remotefirstjobs.com/companies/hourglass-cosmetics/jobs/data-architecture-and-insights-analyst-834436,"HOURGLASS COSMETICS — Data Architecture and Insights Analyst (Hybrid Role) Connected by creativity and driven by purpose. Hourglass Cosmetics is a vegan and cruelty-free beauty brand, redefining luxury cosmetics with high-performance products, innovative formulas, and award-winning franchises. Recognized by Forbes, Fast Company and Time Magazine as one of the most inventive beauty companies, Hourglass leads the indus"
3050eaf482067374,remotefirst,Enterprise Account Executive,Humanly (humanly.io),Worldwide / Not specified,Worldwide / Not specified,True,Not disclosed,,,,,SAP module/technical requirement,Functional Consulting,Mid / Unspecified,HCM / SuccessFactors,SuccessFactors,,https://remotefirstjobs.com/companies/humanly/jobs/enterprise-account-executive-823131,"About Humanly Humanly builds AI-native hiring software that turns recruiting from a reactive scramble into a predictable system. Built for hourly, frontline, and high-volume hiring, we don’t just give teams tools — we deliver pre-vetted, ready-to-hire candidates on demand. Our AI conducts over 9,000 interviews a day for hundreds of customers, including Microsoft, Domino’s, MGM Resorts, and Massage Envy. We recently c"
9736f4df9bbfe458,remotefirst,Sales Account Executive,Hypersonix Inc.,Worldwide / Not specified,Worldwide / Not specified,True,Not disclosed,,,,,SAP module/technical requirement,Technical / Development,Lead / Manager,CRM / CX / Commerce,,,https://remotefirstjobs.com/companies/hypersonix-inc/jobs/sales-account-executive-845469,"About Us Hypersonix.ai is disrupting the e-commerce space with AI, ML and advanced decision capabilities to drive real-time business insights. Hypersonix.ai has been built ground up with new age technology to simplify the consumption of data for our customers in various industry verticals. Job Summary We’re looking for a driven Account Executive to join our growing US sales team. This is a full-cycle, quota-carrying "
e61983c602f9be13,remotefirst,Sr. IAM Engineer,IDMWORKS,United States,United States,True,Not disclosed,,,,,SAP mentioned,Technical / Development,Senior,Unspecified SAP,,,https://remotefirstjobs.com/companies/idmworks/jobs/sr-iam-engineer-835790,"IDMWORKS is an award-winning identity and access management (IAM) solutions firm that has been serving a wide range of sectors since its inception in 2004. As a firm that’s purely focused on IAM, IDMWORKS offers a comprehensive range of services designed to enable enterprises to effectively manage, secure and scale employee and customer access to systems, data, and software applications. This specialized service empo"
5285a1548ff54f6a,remotefirst,Program Manager,Innovapptive,Worldwide / Not specified,Worldwide / Not specified,True,Not disclosed,,,,,SAP mentioned,Project / Program,Lead / Manager,Unspecified SAP,Agile / Scrum,,https://remotefirstjobs.com/companies/innovapptive-inc/jobs/program-manager-852459,"Program Manager Location: Remote, USA or Remote, CA Travel Percentage:25% - 40% Employment Type: Full-Time; Salaried Reports To: EVP of Digital Transformation Compensation: Base Salary, Bonus, Stock Options, 401k, Medical, etc. Job Description About Us Innovapptive is a global leader for industrial connected worker solutions that brings front-line workers, back-office and assets together. The company uniquely unlocks"
5a68152336928ffb,remotefirst,Senior HR Business Partner,Innovid,United Kingdom,United Kingdom,True,Not disclosed,,,,,SAP module/technical requirement,Data / Analytics,Lead / Manager,HCM / SuccessFactors,SuccessFactors,,https://remotefirstjobs.com/companies/innovid/jobs/senior-hr-business-partner-808203,"Innovid is the leading independent omnichannel ad tech platform, empowering marketers to create, deliver, measure, and optimize ad-supported experiences that people love. In 2025, Innovid and Flashtalking merged to create a transparent, scalable alternative to big-tech, walled-gardens, and point solutions across CTV, digital, linear, and social channels. As part of Mediaocean, Innovid is tied into the industry’s core"
378b28b4b11f93a3,remotefirst,Program Manager Contingent Workforce,Instacart,Canada,Canada,True,Disclosed,82770,87489,,,SAP mentioned,Project / Program,Lead / Manager,Unspecified SAP,,,https://remotefirstjobs.com/companies/instacart/jobs/program-manager-contingent-workforce-851913,"We’re transforming the grocery industry At Instacart, we invite the world to share love through food because we believe everyone should have access to the food they love and more time to enjoy it together. Where others see a simple need for grocery delivery, we see exciting complexity and endless opportunity to serve the varied needs of our community. We work to deliver an essential service that customers rely on to "
677ee7d30a7d6023,remotefirst,Program Manager Contingent Workforce,Instacart,United States,United States,True,Disclosed,141000,149000,,,SAP mentioned,Project / Program,Lead / Manager,Unspecified SAP,,,https://remotefirstjobs.com/companies/instacart/jobs/program-manager-contingent-workforce-851908,"We’re transforming the grocery industry At Instacart, we invite the world to share love through food because we believe everyone should have access to the food they love and more time to enjoy it together. Where others see a simple need for grocery delivery, we see exciting complexity and endless opportunity to serve the varied needs of our community. We work to deliver an essential service that customers rely on to "
815060711fadb955,remotefirst,Client Service Manager,Integrators services a.s.,Worldwide / Not specified,Worldwide / Not specified,True,Not disclosed,,,,,SAP mentioned,Data / Analytics,Lead / Manager,Unspecified SAP,English; German,,https://remotefirstjobs.com/companies/integrators-services-as/jobs/client-service-manager-855105,"Hybrid Lokation: Prague 8, HO 50 % Languages: Fluent English and Czech, (German B2 is a plus) Level: Senior Form of cooperation: Contraktor Start date: asap Allocation: Full-Time Allocation length: Long term The role of the Client Service Manager is to ensure that value is achieved as anticipated from the outsourced relationships. He/ she is responsible for overall compliance of services as expressed in the Statement"
e9deb79184e7014c,remotefirst,"Senior Manager, Commercial Capabilities",Juul Labs,United States,United States,True,Disclosed,144000,180000,,,SAP module/technical requirement,Basis / Security,Lead / Manager,Basis / Security,GRC / Security,,https://remotefirstjobs.com/companies/juul-labs/jobs/senior-manager-commercial-capabilities-836358,"THE COMPANY: Juul Labs’s mission is to transition the world’s billion adult smokers away from combustible cigarettes, eliminate their use, and combat underage usage of our products. We have the opportunity to address one of the world’s most intractable challenges through a commitment to exceptional quality, research, design, and innovation. Backed by leading technology investors, we are committed to the same excellen"
a6a29491a540c430,remotefirst,Accounts Receivable Specialist,KOSTAL Group,Hungary,Hungary,True,Not disclosed,,,,,SAP module/technical requirement,Data / Analytics,Mid / Unspecified,FI / CO / FICO,FICO; English; German,,https://remotefirstjobs.com/companies/kostal-group/jobs/accounts-receivable-specialist-816716,"Company Description KOSTAL Group is a global, family-owned German company that develops market-leading solutions for the solar and automotive industries. The company has been established in 1912 and employs about 20 000 people at 47 locations in 22 countries. In Hungary, KOSTAL is about to build its first business service centre to provide business support in IT, finance, procurement, master data, sales and HR fields"
71d5f9dafce01db7,remotefirst,Junior Accounts Payable Specialist,KOSTAL Group,Hungary,Hungary,True,Not disclosed,,,,,SAP module/technical requirement,Data / Analytics,Junior,HANA / Data,SAP HANA; English; German,,https://remotefirstjobs.com/companies/kostal-group/jobs/junior-accounts-payable-specialist-751893,"Company Description KOSTAL Group is a global, family-owned German company that develops market-leading solutions for the solar and automotive industries. The company was established in 1912 and employs about 20 000 people at 47 locations in 22 countries. In Hungary, KOSTAL is building its first business service centre to provide business support in IT, finance, procurement, master data, sales and HR fields. This is a"
36909fc65ad4ef50,remotefirst,Senior Business Analyst SAP Analytics Transformation,KOSTAL Group,Hungary,Hungary,True,Not disclosed,,,,,Core SAP delivery role,Technical / Development,Senior,ABAP / Development; HANA / Data; EWM / WM / Logistics,CDS Views; SAP BW / BI; German,,https://remotefirstjobs.com/companies/kostal-group/jobs/senior-business-analyst-sap-analytics-transformation-772435,"Company Description KOSTAL Group is a global, family-owned German company that develops market-leading solutions for the solar and automotive industries. The company was established in 1912 and employs about 20 000 people at 47 locations in 22 countries. In Hungary, KOSTAL is building its first business service centre to provide business support in IT, finance, procurement, master data, sales and HR fields. This is a"
20401ce1e5f68fdc,remotefirst,Senior Revenue Operations Strategist,Kuno Creative,United States,United States,True,Not disclosed,,,,,SAP mentioned,Technical / Development,Senior,Unspecified SAP,,,https://remotefirstjobs.com/companies/kuno-creative/jobs/senior-revenue-operations-strategist-840434,"About Join Kuno Creative, a leading employee-owned branding, marketing, and sales agency and a Diamond HubSpot partner. We specialize in guiding companies we believe in toward growth and success through innovative digital solutions. We help companies build predictable pipelines that show clear ROI and forecastable revenue. Our employee-focused mission fosters collaboration, innovation, and measurable client success. "
12443c398049c3bb,remotefirst,ERP Project Manager,"LTD Global, LLC",Worldwide / Not specified,Worldwide / Not specified,True,Not disclosed,,,,,SAP mentioned,Project / Program,Lead / Manager,Unspecified SAP,,,https://remotefirstjobs.com/companies/ltd-global-llc/jobs/erp-project-manager-853413,"ERP Project Manager (US Remote | Full-time | Contract) About the Role LTD Scale is seeking an experienced ERP Project Manager to lead a major enterprise digital transformation and ERP implementation initiative for a growing global organization. This is a senior-level project management role requiring hands-on experience leading large-scale ERP implementations, migrations, and enterprise application transformation pro"
3189d35af239c184,remotefirst,SAP Consultant,LUXASIA,Philippines,Philippines,True,Not disclosed,,,,,Core SAP delivery role,Data / Analytics,Mid / Unspecified,HANA / Data; FI / CO / FICO,SAP HANA,,https://remotefirstjobs.com/companies/luxasia/jobs/sap-consultant-753516,"LUXASIA is the leading and largest beauty omnichannel brand-builder of Asia Pacific. Since 1986, it has successfully enabled market entry and brand growth for more than 100 luxury beauty brands, the likes of Albion, Aveda, Bvlgari, Calvin Klein, Creed, Diptyque, Hermes, La Prairie, Maison Francis Kurkdjian, Montblanc, Rabanne, Ferragamo, and SK-II. LUXASIA has established Joint Ventures with the likes of LVMH Group, "
0f4f769c7fab3580,remotefirst,Functional Architect Salesforce,Levio,Canada,Canada,True,Disclosed,130000,180000,,,SAP mentioned,Architecture,Lead / Manager,Unspecified SAP,,,https://remotefirstjobs.com/companies/levio/jobs/functional-architect-salesforce-723085,"Are you looking to thrive in a stimulating work environment? Join Levio , a leader in digital transformation, and take your career to the next level. You will work alongside high-caliber professionals on ambitious, large-scale technology projects, directly embedded in our clients’ environments. At Levio, we value expertise, curiosity, and continuous improvement — and we give you the space to grow. About the Role We a"
52987c55409419d6,remotefirst,Systems Analyst,Longbow Advantage,Worldwide / Not specified,Worldwide / Not specified,True,Not disclosed,,,,,SAP module/technical requirement,Data / Analytics,Mid / Unspecified,TM / GTS / Supply Chain,English,,https://remotefirstjobs.com/companies/longbow-advantage/jobs/systems-analyst-853668,"Systems Analyst Rebus is an end-to-end warehousing strategy company that uses real-time data to manage people, processes, and warehouses through The Rebus® Platform and WMS consulting services purpose-built to expand and enhance warehouse technologies. We take a holistic approach to warehousing strategy, understanding that technology is only one piece in the solution process. Our warehouse experts work with customers"
538a404cdf024ce3,remotefirst,Systems Analyst - Rebus,Longbow Advantage,Worldwide / Not specified,Worldwide / Not specified,True,Not disclosed,,,,,SAP module/technical requirement,Data / Analytics,Mid / Unspecified,TM / GTS / Supply Chain,English,,https://remotefirstjobs.com/companies/longbow-advantage/jobs/systems-analyst-rebus-853670,"Systems Analyst Rebus is an end-to-end warehousing strategy company that uses real-time data to manage people, processes, and warehouses through The Rebus® Platform and WMS consulting services purpose-built to expand and enhance warehouse technologies. We take a holistic approach to warehousing strategy, understanding that technology is only one piece in the solution process. Our warehouse experts work with customers"
9b68a29a5ad8d8cc,remotefirst,HR Business Partner,METRO AG,Austria,Austria,True,Disclosed,40221,40221,,,SAP module/technical requirement,Other SAP-Related,Mid / Unspecified,HCM / SuccessFactors,German,,https://remotefirstjobs.com/companies/metro-ag/jobs/hr-business-partner-675021,"Unternehmensbeschreibung METRO ist ein internationaler Lebensmittelgroßhändler mit einem vielfältigen Food- und Non-Food Sortiment, der bereits seit 50 Jahren in Österreich vertreten ist. Wir arbeiten weltweit für den Erfolg von unabhängigen Unternehmen. Wir arbeiten für über 500.000 Selbstständige österreichweit. Wir arbeiten für Umsetzer, Visionäre, Mutige, Abenteurer, jene die an sich glauben und ihre Träume verwi"
880a395ead150385,remotefirst,Proposal Development Manager - Remote (US),MMS,Worldwide / Not specified,Worldwide / Not specified,True,Not disclosed,,,,,SAP module/technical requirement,Data / Analytics,Lead / Manager,MM / Procurement,Ariba,,https://remotefirstjobs.com/companies/mms/jobs/proposal-development-manager-remote-us-852598,"About MMS MMS is an innovative, data-focused CRO that supports the pharmaceutical, biotech, and medical device industries with a proven, scientific approach to complex trial data and regulatory submission challenges. With a global footprint across four continents, MMS maintains a 97 percent customer satisfaction rating. Our mission is to deliver high-quality service and technology solutions – rooted in strong science"
f8af5b5974ca0ad6,remotefirst,Senior Biostatistician - Home Based (SA),MMS,South Africa,South Africa,True,Not disclosed,,,,,SAP mentioned,Data / Analytics,Senior,Unspecified SAP,,,https://remotefirstjobs.com/companies/mms/jobs/senior-biostatistician-home-based-sa-849045,"Are you looking to join a company where your contributions truly matter, and where you’ll be part of a supportive, innovative team? MMS is a award-winning, data-focused clinical research organization (CRO). We pride ourselves on being a Great Place to Work certified organization, recognized for our exceptional culture and industry best employee retention rate. We support the pharmaceutical, biotech, and medical devic"
c1525130ea6e9b1e,remotefirst,Senior Biostatistician - Remote (UK),MMS,United Kingdom,United Kingdom,True,Not disclosed,,,,,SAP mentioned,Data / Analytics,Senior,Unspecified SAP,,,https://remotefirstjobs.com/companies/mms/jobs/senior-biostatistician-remote-uk-849043,"Are you looking to join a company where your contributions truly matter, and where you’ll be part of a supportive, innovative team? MMS is a award-winning, data-focused clinical research organization (CRO). We pride ourselves on being a Great Place to Work certified organization, recognized for our exceptional culture and industry best employee retention rate. We support the pharmaceutical, biotech, and medical devic"
c02809c5d6e2a3e6,remotefirst,Senior Biostatistician - Remote (US),MMS,United States,United States,True,Not disclosed,,,,,SAP mentioned,Data / Analytics,Senior,Unspecified SAP,,,https://remotefirstjobs.com/companies/mms/jobs/senior-biostatistician-remote-us-849059,"About MMS Are you looking to join a company where your contributions truly matter, and where you’ll be part of a supportive, innovative team? MMS is a award-winning, data-focused clinical research organization (CRO). We pride ourselves on being a Great Place to Work certified organization, recognized for our exceptional culture and industry best employee retention rate. We support the pharmaceutical, biotech, and med"
8883313d17d7cdad,remotefirst,Medical Affairs Operations Manager,MRA - The Management Association,United States,United States,True,Disclosed,130000,130000,,,SAP mentioned,Data / Analytics,Lead / Manager,Unspecified SAP,,,https://remotefirstjobs.com/companies/mra-the-management-association/jobs/medical-affairs-operations-manager-848566,"Medical Affairs Operations Manager Medela LLC McHenry, IL Salary starting at $130K Maternal & Infant Health | Global Programs | Medical Education | Real-World Evidence At Medela, we are passionate about advancing maternal and infant health through evidence-based innovation, education, and healthcare partnerships. We are seeking a highly experienced Medical Affairs professional who is collaborative and operationally d"
da46549360398ec0,remotefirst,"Accounting Manager (Hybrid- Mandaluyong City,Ph) - #35184",Manila Recruitment,Philippines,Philippines,True,Not disclosed,,,,,SAP mentioned,Data / Analytics,Lead / Manager,Unspecified SAP,,,https://remotefirstjobs.com/companies/manila-recruitment/jobs/accounting-manager-hybrid-mandaluyong-cityph-35184-838308,"This is a great opportunity to join one of the country’s leader in the accounting solutions industry. Company Profile: Our client is an established, professional and trusted outsourced accounting and finance service provider for businesses in the Philippines. Based in Metro Manila, they help companies achieve real growth through the highest level of professionalism, transparency and innovation in accounting and finan"
cdc4031a341a5a88,remotefirst,"Controller (US GAAP, Accounting/Audit or US firms) - #35182",Manila Recruitment,Philippines,Philippines,True,Not disclosed,,,,,SAP mentioned,Data / Analytics,Lead / Manager,Unspecified SAP,English,,https://remotefirstjobs.com/companies/manila-recruitment/jobs/controller-us-gaap-accountingaudit-or-us-firms-35182-834197,"This is an exciting opportunity for a hands-on Corporate Controller to join a fast-growing manufacturing company and lead accounting operations, financial reporting, and month-end close while partnering with senior leadership to strengthen financial processes and support continued growth. Company Profile: Our client is a US-based manufacturing and food production company specializing in the packaging and distribution"
e65e5342aecbc4aa,remotefirst,People Ops Partner - Working Student (f/m/x),Mercedes-Benz.io,Worldwide / Not specified,Worldwide / Not specified,True,Not disclosed,,,,,SAP module/technical requirement,Basis / Security,Mid / Unspecified,Basis / Security,GRC / Security; English; German,,https://remotefirstjobs.com/companies/mercedes-benzio/jobs/people-ops-partner-working-student-fmx-846700,"Description HEY THERE! We are Mercedes-Benz.io. Our mission is to ignite and build digital solutions for Mercedes-Benz by bringing together a tribe of digital enthusiasts who drive the digital future of mobility. We believe flexibility and collaboration go hand in hand. With an office in Stuttgart, we offer a flexible hybrid setup with an average of one day per week in the office, while also supporting remote work wi"
8ef456d90f27471a,remotefirst,Academic Counselor for MiaPrep Online High School (MOHS),Miacademy,Worldwide / Not specified,Worldwide / Not specified,True,Disclosed,51896,72945,,,SAP mentioned,Data / Analytics,Lead / Manager,Unspecified SAP,,,https://remotefirstjobs.com/companies/miaplaza-inc/jobs/academic-counselor-for-miaprep-online-high-school-mohs-843562,"Description Location : 100% remote within the U.S. (any U.S. time zone) Classification : Full-time, non-exempt employee Salary : $24.95 - $35.07 per hour Welcome to Miaplaza! Our vision is to elevate online learning by applying the most successful approaches in virtual education to create an accessible and inclusive homeschool curriculum platform where all students can be successful!MiaPrep Online High School (MOHS) "
1536e1796b840ee2,remotefirst,"Senior SQL Application Developer (SQL, Crystal Reports, ETL)",MicroHealth LLC,Worldwide / Not specified,Worldwide / Not specified,True,Disclosed,125000,140000,,,SAP mentioned,Technical / Development,Lead / Manager,Unspecified SAP,,,https://remotefirstjobs.com/companies/microhealth/jobs/senior-sql-application-developer-sql-crystal-reports-etl-848360,"MicroHealth is seeking an experienced Senior SQL Application Developer with strong expertise in SQL, database administration, Linux environments, database migration, and reporting solutions. This role provides advanced technical support for the program, serving as the principal technical resource responsible for enterprise database development, database administration, reporting modernization, production support, ETL"
591427c67e7fb7c0,remotefirst,Head of Engineering SAP/Oracle Platform & Transformation HR and Finance,Mindera,United Kingdom,United Kingdom,True,Not disclosed,,,,,SAP-titled role,Basis / Security,Lead / Manager,ABAP / Development; Basis / Security; FI / CO / FICO; HCM / SuccessFactors,ABAP,,https://remotefirstjobs.com/companies/mindera/jobs/head-of-engineering-saporacle-platform-transformation-hr-and-finance-759926,"We are seeking a senior engineering leader to support the evolution of core enterprise platforms across HR and Finance, with a focus on the technical architecture, stability and modernisation of both SAP and Oracle estates. This role will focus on the technical foundations of these platforms including SAP Basis, ABAP, Solution Manager, Oracle HCM configuration and integration, working alongside Product teams who own "
6b0bb48da9c07baf,remotefirst,Azure Application Architect,Minotaur - R,Greece,Greece,True,Not disclosed,,,,,SAP mentioned,Architecture,Lead / Manager,Unspecified SAP,,,https://remotefirstjobs.com/companies/iknowhow-sa/jobs/azure-application-architect-827498,"iKnowHow Group is a dynamic, international technology company with 24+ years of experience and a team of 300+ talented professionals delivering innovative technology solutions across Energy, Telecommunications, Banking & Financial Services, and the Public Sector. Through its specialized subsidiaries , it brings domain expertise in areas such as Health and Robotics, blending deep industry knowledge with advanced, futu"
a83ee4f210d8b863,remotefirst,BI Developer,Miratech,United States,United States,True,Disclosed,97760,146723,,,SAP mentioned,Technical / Development,Mid / Unspecified,Unspecified SAP,,,https://remotefirstjobs.com/companies/miratech/jobs/bi-developer-673413,"Company Description The University of Maryland Medical System (UMMS) is an academic private health system, focused on delivering compassionate, high quality care and putting discovery and innovation into practice at the bedside. Partnering with the University of Maryland School of Medicine, University of Maryland School of Nursing and University of Maryland, Baltimore who educate the state’s future health care profes"
e7e3762fcbafdfe7,remotefirst,"Forward Deployed Consultant, Manufacturing",Miro,United States,United States,True,Not disclosed,,,,,SAP module/technical requirement,Technical / Development,Mid / Unspecified,PP / QM / Manufacturing,,,https://remotefirstjobs.com/companies/miro/jobs/forward-deployed-consultant-manufacturing-855655,"About the Team The Professional Services organization at Miro is focused on ensuring our Enterprise customers achieve exceptional outcomes through the Innovation Workspace. Our team of strategic advisors, implementation experts, and forward deployed consultants work side-by-side with customers to transform how they collaborate, build, and innovate—powered by agentic AI and Miro’s world-class platform. About the Role "
9f9ccdfbd8e0e825,remotefirst,Director Medical Writing,"Mirum Pharmaceuticals, Inc.",United States,United States,True,Disclosed,230000,245000,,,SAP mentioned,Data / Analytics,Lead / Manager,Unspecified SAP,English,,https://remotefirstjobs.com/companies/mirum-pharmaceuticals-inc/jobs/director-medical-writing-782804,"MISSION Mirum Pharmaceuticals is a biopharmaceutical company dedicated to transforming the treatment of rare diseases. We are passionate about advancing scientific discoveries to become important medicines for rare disease patients. We are collaborative, creative, and experienced professionals and we’re looking to augment our team with other individuals who embody our values: care, be real, get it done, and have fun,"
64ee6bb26d814520,remotefirst,Aprio PH - Accounting Manager,Mize CPAs Inc.,Philippines,Philippines,True,Not disclosed,,,,,SAP mentioned,Data / Analytics,Lead / Manager,Unspecified SAP,,,https://remotefirstjobs.com/companies/aprio/jobs/aprio-ph-accounting-manager-824941,"Work with a nationally ranked CPA and advisory firm that is passionate for what’s next. Aprio has 30 U.S. office locations, one in the Philippines and more than 2,100 team members that speak 60+ languages across the globe. By bringing together proven expertise, deep understanding, and strategic foresight for fast-growing industries, Aprio ensures clients are prepared for wherever life or business may take them. Disco"
b20d0f22d24d5d10,remotefirst,"Senior Associate, HR Shared Services",MongoDB,India,India,True,Not disclosed,,,,,SAP module/technical requirement,Data / Analytics,Junior,HCM / SuccessFactors,SuccessFactors,,https://remotefirstjobs.com/companies/mongodb/jobs/senior-associate-hr-shared-services-850931,"The HR Shared Services Compensation operations senior associate combines analytical rigour with a service-orientated mindset. They will be comfortable working in the details of HR systems and cases while also understanding the broader impact of compensation data and decisions on employees, managers, payroll, reporting, and business operations. We are looking to speak to candidates who are based in Gurugram for our hy"
79ab1a8a879323a8,remotefirst,Staff Product Manager Internal AI,MongoDB,United States,United States,True,Disclosed,164000,323000,,,SAP module/technical requirement,Technical / Development,Lead / Manager,HCM / SuccessFactors,SuccessFactors,,https://remotefirstjobs.com/companies/mongodb/jobs/staff-product-manager-internal-ai-759320,"We are seeking a highly skilled Staff IT Product Manager for Internal AI to drive the strategy, delivery, and adoption of AI-powered solutions across our enterprise IT landscape. This role will be pivotal in shaping how AI transforms our internal operations, from service delivery and knowledge management to automation and decision support. The ideal candidate has a proven track record of managing enterprise-scale AI/"
4c65dc8ffa25b35f,remotefirst,Senior Accountant,NBCUniversal,United States,United States,True,Disclosed,80000,95000,,,SAP mentioned,Data / Analytics,Senior,Unspecified SAP,,,https://remotefirstjobs.com/companies/nbcuniversal/jobs/senior-accountant-793565,"Company Description NBCUniversal is one of the world’s leading media and entertainment companies. We create world-class content, which we distribute across our portfolio of film, television, and streaming, and bring to life through our global theme park destinations, consumer products, and experiences. We own and operate leading entertainment and news brands, including NBC, NBC News, NBC Sports, Telemundo, NBC Local "
df968af5254a838e,remotefirst,Collections Executive Senior Executive,NEC Software Solutions (India),India,India,True,Not disclosed,,,,,SAP module/technical requirement,Technical / Development,Senior,FI / CO / FICO,,,https://remotefirstjobs.com/companies/nec-software-solutions/jobs/collections-executive-senior-executive-717078,"Company Description NEC Software Solutions (India) On 1st July 2021, Rave Technologies became NEC Software Solutions India. This change brought us under the global NEC Corporation brand. We are proud to be part of an organisation with 122 years of experience in evolution with technology and innovation. We have more than 30 years of experience in providing end to end IT services across the globe and have earned a repu"
481922a36d1813ac,remotefirst,Executive PR-PO Conversion,NEC Software Solutions (India),India,India,True,Not disclosed,,,,,SAP module/technical requirement,Technical / Development,Mid / Unspecified,MM / Procurement,SAP MM,,https://remotefirstjobs.com/companies/nec-software-solutions/jobs/executive-prpo-conversion-717101,"Company Description NEC Software Solutions (India) On 1st July 2021, Rave Technologies became NEC Software Solutions India. This change brought us under the global NEC Corporation brand. We are proud to be part of an organisation with 122 years of experience in evolution with technology and innovation. We have more than 30 years of experience in providing end to end IT services across the globe and have earned a repu"
784e5044653d92f9,remotefirst,Sales Order Processing Executive Senior Executive,NEC Software Solutions (India),India,India,True,Not disclosed,,,,,SAP module/technical requirement,Technical / Development,Senior,FI / CO / FICO,,,https://remotefirstjobs.com/companies/nec-software-solutions/jobs/sales-order-processing-executive-senior-executive-717062,"Company Description NEC Software Solutions (India) On 1st July 2021, Rave Technologies became NEC Software Solutions India. This change brought us under the global NEC Corporation brand. We are proud to be part of an organisation with 122 years of experience in evolution with technology and innovation. We have more than 30 years of experience in providing end to end IT services across the globe and have earned a repu"
3a694e702352b029,remotefirst,Senior Executive PTP Payment Processing,NEC Software Solutions (India),India,India,True,Not disclosed,,,,,SAP module/technical requirement,Basis / Security,Senior,Basis / Security,GRC / Security,,https://remotefirstjobs.com/companies/nec-software-solutions/jobs/senior-executive-ptp-payment-processing-717111,"Company Description NEC Software Solutions (India) On 1st July 2021, Rave Technologies became NEC Software Solutions India. This change brought us under the global NEC Corporation brand. We are proud to be part of an organisation with 122 years of experience in evolution with technology and innovation. We have more than 30 years of experience in providing end to end IT services across the globe and have earned a repu"
147490aaeb5521e8,remotefirst,HR Operations Specialist,NICE,India,India,True,Not disclosed,,,,,SAP mentioned,Data / Analytics,Mid / Unspecified,Unspecified SAP,,,https://remotefirstjobs.com/companies/nice/jobs/hr-operations-specialist-672228,"At NiCE, we don’t limit our challenges. We challenge our limits. Always. We’re ambitious. We’re game changers. And we play to win. We set the highest standards and execute beyond them. And if you’re like us, we can offer you the ultimate career opportunity that will light a fire within you. So, what’s the role all about? We’re looking for a detail‑oriented and proactive HR Operations Specialist who enjoys working wit"
b0916646f0dc9b30,remotefirst,Change Management Consultant,NTT DATA,Worldwide / Not specified,Worldwide / Not specified,True,Not disclosed,,,,,SAP mentioned,Data / Analytics,Mid / Unspecified,Unspecified SAP,,,https://remotefirstjobs.com/companies/ntt-data/jobs/change-management-consultant-802822,"NTT DATA is a team of more than 190,000 diverse professionals, operating in more than 50 countries throughout the world. The sectors where we have activities include: telecommunications, finance, industry, utilities, energy, public administration and health. Our mission? Offer technological solutions, business, strategy, development and maintenance of applications, while being a benchmark in consulting. All thanks to"
ab401edaaa8768c4,remotefirst,ABAP Developer with German,Nagarro,Poland,Poland,True,Not disclosed,,,,,Core SAP delivery role,Technical / Development,Mid / Unspecified,S/4HANA; ABAP / Development,ABAP; S/4HANA; English; German,,https://remotefirstjobs.com/companies/nagarro/jobs/abap-developer-with-german-834611,"Company Description 👋🏼 We’re Nagarro. We are a digital product engineering company that is scaling in a big way! We build products, services, and experiences that inspire, excite, and delight. We work at scale — across all devices and digital mediums, and our people exist everywhere in the world (18 000+ experts across 39 countries, to be exact). Our work culture is dynamic and non-hierarchical. We’re looking for gre"
0e5474492109bd8b,remotefirst,ABAP Developer with German,Nagarro,Romania,Romania,True,Not disclosed,,,,,Core SAP delivery role,Technical / Development,Mid / Unspecified,S/4HANA; ABAP / Development,ABAP; S/4HANA; English; German,,https://remotefirstjobs.com/companies/nagarro/jobs/abap-developer-with-german-834599,"Company Description 👋🏼 We’re Nagarro. We are a digital product engineering company that is scaling in a big way! We build products, services, and experiences that inspire, excite, and delight. We work at scale — across all devices and digital mediums, and our people exist everywhere in the world (18 000+ experts across 39 countries, to be exact). Our work culture is dynamic and non-hierarchical. We’re looking for gre"
bfb0760da46620cb,remotefirst,"Associate Director, IOT",Nagarro,India,India,True,Not disclosed,,,,,SAP mentioned,Data / Analytics,Junior,Unspecified SAP,,,https://remotefirstjobs.com/companies/nagarro/jobs/associate-director-iot-838693,"Company Description We’re Nagarro. We are a Digital Product Engineering company that is scaling in a big way! We build products, services, and experiences that inspire, excite, and delight. We work at scale across all devices and digital mediums, and our people exist everywhere in the world (18,000+ experts across 40 countries, to be exact). Our work culture is dynamic and non-hierarchical. We’re looking for great ne"
f79a8554134b0edf,remotefirst,"Associate Staff Engineer, SAP Industry Solutions",Nagarro,India,India,True,Not disclosed,,,,,Core SAP delivery role,Technical / Development,Junior,Unspecified SAP,,,https://remotefirstjobs.com/companies/nagarro/jobs/associate-staff-engineer-sap-industry-solutions-823137,"Company Description 👋🏼We’re Nagarro. We are a Digital Product Engineering company that is scaling in a big way! We build products, services, and experiences that inspire, excite, and delight. We work at a scale — across all devices and digital mediums, and our people exist everywhere in the world (18000+ experts across 40 countries, to be exact). Our work culture is dynamic and non-hierarchical. We are looking for gr"
c6b281418eb3a0c0,remotefirst,BTP Solution Architect,Nagarro,Germany,Germany,True,Not disclosed,,,,,Core SAP delivery role,Architecture,Mid / Unspecified,S/4HANA; ABAP / Development; BTP / Integration; Fiori / UI5; HANA / Data,ABAP; S/4HANA; SAP HANA; SAP BTP; SAP Fiori; CPI / Integration Suite; RAP / CAP; English,,https://remotefirstjobs.com/companies/nagarro/jobs/btp-solution-architect-790497,"Company Description 👋🏼 We’re Nagarro. We are a digital product engineering company that is scaling in a big way! We build products, services, and experiences that inspire, excite, and delight. We work at scale — across all devices and digital mediums, and our people exist everywhere in the world (18,000 experts across 36 countries, to be exact). Our work culture is dynamic and non-hierarchical. Nagarro’s global SAP b"
ab0c1315a34e7068,remotefirst,Bid Manager (m/w/d),Nagarro,Germany,Germany,True,Not disclosed,,,,,SAP mentioned,Support / Operations,Lead / Manager,Unspecified SAP,English; German,,https://remotefirstjobs.com/companies/nagarro/jobs/bid-manager-mwd-832830,"Company Description We are a Digital Product Engineering company that is scaling in a big way! We build products, services, and experiences that inspire, excite, and delight. We work at scale — across all devices and digital mediums, and our people exist everywhere in the world (18000+ experts across 38 countries, to be exact). Our work culture is dynamic and non-hierarchical. We are looking for great new colleagues."
9acf55c2336a624f,remotefirst,Cloud Senior Sales Specialist,Nagarro,Germany,Germany,True,Not disclosed,,,,,SAP mentioned,Functional Consulting,Senior,Unspecified SAP,English; German,,https://remotefirstjobs.com/companies/nagarro/jobs/cloud-senior-sales-specialist-808086,"Company Description 👋🏼 We’re Nagarro. We are a digital product engineering company that is scaling in a big way! We build products, services, and experiences that inspire, excite, and delight. We work at scale — across all devices and digital mediums, and our people exist everywhere in the world (18,000 experts across 39 countries, to be exact). Our work culture is dynamic and non-hierarchical. Job Description We’re "
12a42c825cdb20ea,remotefirst,Lead/Senior Consultant SAP HXM – Advisory & Transformation (m/f/d),Nagarro,Germany,Germany,True,Not disclosed,,,,,Core SAP delivery role,Functional Consulting,Lead / Manager,HCM / SuccessFactors,SuccessFactors; English; German,,https://remotefirstjobs.com/companies/nagarro/jobs/leadsenior-consultant-sap-hxm-advisory-transformation-mfd-852019,"Company Description 👋🏼 We’re Nagarro. We are a digital product engineering company that is scaling in a big way! We build products, services, and experiences that inspire, excite, and delight. We work at scale — across all devices and digital mediums, and our people exist everywhere in the world (18,000 experts across 38 countries, to be exact). Our work culture is dynamic and non-hierarchical. Nagarro’s global SAP b"
ba544e620fc21c6b,remotefirst,Managing Consultant SAP S/4HANA Utilities / IS-U (m/f/d),Nagarro,Germany,Germany,True,Not disclosed,,,,,Core SAP delivery role,Technical / Development,Mid / Unspecified,S/4HANA; BTP / Integration,S/4HANA; SAP BTP; English; German,,https://remotefirstjobs.com/companies/nagarro/jobs/managing-consultant-sap-s4hana-utilities-isu-mfd-837277,"Company Description 👋🏼 We’re Nagarro. We are a digital product engineering company that is scaling in a big way! We build products, services, and experiences that inspire, excite, and delight. We work at scale — across all devices and digital mediums, and our people exist everywhere in the world (18,000 experts across 39 countries, to be exact). Our work culture is dynamic and non-hierarchical. Now we are combining t"
2118ebc64bdd0742,remotefirst,Pricing Architect - Private Cloud,Nagarro,Germany,Germany,True,Not disclosed,,,,,SAP mentioned,Architecture,Mid / Unspecified,Unspecified SAP,English; German,,https://remotefirstjobs.com/companies/nagarro/jobs/pricing-architect-private-cloud-614537,"Company Description We are a Digital Product Engineering company that is scaling in a big way! We build products, services, and experiences that inspire, excite, and delight. We work at scale — across all devices and digital mediums, and our people exist everywhere in the world (18000+ experts across 38 countries, to be exact). Our work culture is dynamic and non-hierarchical. We are looking for great new colleagues."
166df4903442ffcd,remotefirst,Principal Engineer - SAP Analytics Solution Architect,Nagarro,Canada,Canada,True,Not disclosed,,,,,Core SAP delivery role,Architecture,Lead / Manager,S/4HANA; ABAP / Development; HANA / Data,S/4HANA; SAP HANA; CDS Views; SAP BW / BI; SAP Analytics Cloud,,https://remotefirstjobs.com/companies/nagarro/jobs/principal-engineer-sap-analytics-solution-architect-846368,"Company Description We are a Digital Product Engineering company that is scaling in a big way! We build products, services, and experiences that inspire, excite, and delight. We work on a scale across all devices and digital mediums, and our people exist everywhere in the world (18000 plus experts across 40 countries, to be exact). Our work culture is dynamic and non-hierarchical. We are looking for great new colleag"
612b63e0bcc85e96,remotefirst,Principal Engineer - SAP Analytics Solution Architect,Nagarro,United States,United States,True,Not disclosed,,,,,Core SAP delivery role,Architecture,Lead / Manager,S/4HANA; ABAP / Development; HANA / Data,S/4HANA; SAP HANA; CDS Views; SAP BW / BI; SAP Analytics Cloud,,https://remotefirstjobs.com/companies/nagarro/jobs/principal-engineer-sap-analytics-solution-architect-840271,"Company Description We are a Digital Product Engineering company that is scaling in a big way! We build products, services, and experiences that inspire, excite, and delight. We work on a scale across all devices and digital mediums, and our people exist everywhere in the world (18000 plus experts across 35 countries, to be exact). Our work culture is dynamic and non-hierarchical. We are looking for great new colleag"
3b326e2f22f2fb0b,remotefirst,Principal Engineer - SAP Analytics Solution Architect,Nagarro,Canada,Canada,True,Not disclosed,,,,,Core SAP delivery role,Architecture,Lead / Manager,S/4HANA; ABAP / Development; HANA / Data,S/4HANA; SAP HANA; CDS Views; SAP BW / BI; SAP Analytics Cloud,,https://remotefirstjobs.com/companies/nagarro/jobs/principal-engineer-sap-analytics-solution-architect-840265,"Company Description We are a Digital Product Engineering company that is scaling in a big way! We build products, services, and experiences that inspire, excite, and delight. We work on a scale across all devices and digital mediums, and our people exist everywhere in the world (18000 plus experts across 35 countries, to be exact). Our work culture is dynamic and non-hierarchical. We are looking for great new colleag"
ed6a2d02ae497f1c,remotefirst,Principal Engineer - Salesforce Business Consultant,Nagarro,United States,United States,True,Not disclosed,,,,,SAP mentioned,Technical / Development,Lead / Manager,Unspecified SAP,Agile / Scrum,,https://remotefirstjobs.com/companies/nagarro/jobs/principal-engineer-salesforce-business-consultant-800354,"Company Description We are a Digital Product Engineering company that is scaling in a big way! We build products, services, and experiences that inspire, excite, and delight. We work on a scale across all devices and digital mediums, and our people exist everywhere in the world (17000 plus experts across 39 countries, to be exact). Our work culture is dynamic and non-hierarchical. We are looking for great new colleag"
5c9c2aa2d276a3c8,remotefirst,Principal Engineer Salesforce Architect,Nagarro,United States,United States,True,Not disclosed,,,,,SAP mentioned,Architecture,Lead / Manager,Unspecified SAP,,,https://remotefirstjobs.com/companies/nagarro/jobs/principal-engineer-salesforce-architect-800390,"Company Description We are a Digital Product Engineering company that is scaling in a big way! We build products, services, and experiences that inspire, excite, and delight. We work on a scale across all devices and digital mediums, and our people exist everywhere in the world (17000 plus experts across 39 countries, to be exact). Our work culture is dynamic and non-hierarchical. We are looking for great new colleag"
36129eb8125c88c9,remotefirst,SAP ABAP Developer (with German),Nagarro,Hungary,Hungary,True,Not disclosed,,,,,Core SAP delivery role,Technical / Development,Mid / Unspecified,S/4HANA; ABAP / Development; BTP / Integration; Fiori / UI5,ABAP; S/4HANA; SAP Fiori; SAPUI5 / UI5; OData; CDS Views; RAP / CAP; IDoc; English; German,,https://remotefirstjobs.com/companies/nagarro/jobs/sap-abap-developer-with-german-839285,"Company Description 👋🏼 We’re Nagarro. We are a digital product engineering company that is scaling in a big way! We build products, services, and experiences that inspire, excite, and delight. We work at scale — across all devices and digital mediums, and our people exist everywhere in the world (18 000+ experts across 39 countries, to be exact). Our work culture is dynamic and non-hierarchical. We’re looking for gre"
4adeb4a7fa2c90aa,remotefirst,SAP Consultant Compliance,Nagarro,Germany,Germany,True,Not disclosed,,,,,Core SAP delivery role,Basis / Security,Mid / Unspecified,S/4HANA; Basis / Security,S/4HANA; GRC / Security; English; German,,https://remotefirstjobs.com/companies/nagarro/jobs/sap-consultant-compliance-604195,"Company Description 👋🏼 We’re Nagarro. We are a digital product engineering company that is scaling in a big way! We build products, services, and experiences that inspire, excite, and delight. We work at scale — across all devices and digital mediums, and our people exist everywhere in the world (18,000 experts across 38 countries, to be exact). Our work culture is dynamic and non-hierarchical. Nagarro’s global SAP b"
0d8f59c41bcb8c5b,remotefirst,SAP EHS/ Product Compliance Consultant,Nagarro,Germany,Germany,True,Not disclosed,,,,,Core SAP delivery role,Data / Analytics,Mid / Unspecified,S/4HANA,S/4HANA; German,,https://remotefirstjobs.com/companies/nagarro/jobs/sap-ehs-product-compliance-consultant-605587,"Company Description 👋🏼 We’re Nagarro. We are a digital product engineering company that is scaling in a big way! We build products, services, and experiences that inspire, excite, and delight. We work at scale — across all devices and digital mediums, and our people exist everywhere in the world (19,000+ experts across 34 countries, to be exact). Our work culture is dynamic and non-hierarchical. We’re looking for gre"
e87be38fa3fd2cb3,remotefirst,SAP FI/CO (Senior) Consultant,Nagarro,Germany,Germany,True,Not disclosed,,,,,Core SAP delivery role,Functional Consulting,Senior,S/4HANA; FI / CO / FICO,S/4HANA; FICO; English; German,,https://remotefirstjobs.com/companies/nagarro/jobs/sap-fico-senior-consultant-790469,"Company Description 👋🏼 We’re Nagarro. We are a digital product engineering company that is scaling in a big way! We build products, services, and experiences that inspire, excite, and delight. We work at scale — across all devices and digital mediums, and our people exist everywhere in the world (18,000 experts across 39 countries, to be exact). Our work culture is dynamic and non-hierarchical. Nagarro’s global SAP b"
02dbe2f40864c61d,remotefirst,SAP HCM Payroll Consultant (m/f/d),Nagarro,Germany,Germany,True,Not disclosed,,,,,Core SAP delivery role,Functional Consulting,Mid / Unspecified,HCM / SuccessFactors,English; German,,https://remotefirstjobs.com/companies/nagarro/jobs/sap-hcm-payroll-consultant-mfd-841176,"Company Description 👋🏼 We’re Nagarro. We are a digital product engineering company that is scaling in a big way! We build products, services, and experiences that inspire, excite, and delight. We work at scale — across all devices and digital mediums, and our people exist everywhere in the world (18,000 experts across 38 countries, to be exact). Our work culture is dynamic and non-hierarchical. Nagarro’s global SAP b"
09f3134ff8d1ee08,remotefirst,SAP Project Manager (m/f/d),Nagarro,Germany,Germany,True,Not disclosed,,,,,Core SAP delivery role,Project / Program,Lead / Manager,S/4HANA,S/4HANA; English; German,,https://remotefirstjobs.com/companies/nagarro/jobs/sap-project-manager-mfd-850756,"Company Description 👋🏼 We’re Nagarro. We are a digital product engineering company that is scaling in a big way! We build products, services, and experiences that inspire, excite, and delight. We work at scale — across all devices and digital mediums, and our people exist everywhere in the world (18,000 experts across 39 countries, to be exact). Our work culture is dynamic and non-hierarchical. Nagarro’s global SAP b"
8c1af11d32d021fc,remotefirst,SAP S/4 Principal Developer,Nagarro,Germany,Germany,True,Not disclosed,,,,,Core SAP delivery role,Technical / Development,Lead / Manager,S/4HANA; ABAP / Development; HANA / Data,ABAP; S/4HANA; SAP HANA; RAP / CAP; English; German,,https://remotefirstjobs.com/companies/nagarro/jobs/sap-s4-principal-developer-790472,"Company Description 👋🏼 We’re Nagarro. We are a digital product engineering company that is scaling in a big way! We build products, services, and experiences that inspire, excite, and delight. We work at scale — across all devices and digital mediums, and our people exist everywhere in the world (18,000 experts across 36 countries, to be exact). Our work culture is dynamic and non-hierarchical. Nagarro’s global SAP b"
07bc95790ac08116,remotefirst,SAP SuccessFactors Solution Architect (m/f/d),Nagarro,Germany,Germany,True,Not disclosed,,,,,Core SAP delivery role,Architecture,Mid / Unspecified,S/4HANA; HCM / SuccessFactors,S/4HANA; SuccessFactors,,https://remotefirstjobs.com/companies/nagarro/jobs/sap-successfactors-solution-architect-mfd-851466,"Company Description We are a Digital Product Engineering company that is scaling in a big way! We build products, services, and experiences that inspire, excite, and delight. We work at scale — across all devices and digital mediums, and our people exist everywhere in the world (18000+ experts across 36 countries, to be exact). Our work culture is dynamic and non-hierarchical. We are looking for great new colleagues."
51066a9f7af92e85,remotefirst,Senior Consultant SAP Digital Adoption & Enablement (m/w/d),Nagarro,Germany,Germany,True,Not disclosed,,,,,Core SAP delivery role,Data / Analytics,Senior,HCM / SuccessFactors,SuccessFactors; English; German,,https://remotefirstjobs.com/companies/nagarro/jobs/senior-consultant-sap-digital-adoption-enablement-mwd-849850,"Company Description 👋🏼 We’re Nagarro. We are a digital product engineering company that is scaling in a big way! We build products, services, and experiences that inspire, excite, and delight. We work at scale — across all devices and digital mediums, and our people exist everywhere in the world (18,000 experts across 37 countries, to be exact). Our work culture is dynamic and non-hierarchical. Nagarro’s global SAP b"
0d82412f6f15c513,remotefirst,Senior SAP ABAP Developer with German,Nagarro,Poland,Poland,True,Not disclosed,,,,,Core SAP delivery role,Technical / Development,Senior,S/4HANA; ABAP / Development; BTP / Integration; Fiori / UI5,ABAP; S/4HANA; SAP Fiori; SAPUI5 / UI5; OData; CDS Views; RAP / CAP; IDoc; English; German,,https://remotefirstjobs.com/companies/nagarro/jobs/senior-sap-abap-developer-with-german-839284,"Company Description 👋🏼 We’re Nagarro. We are a digital product engineering company that is scaling in a big way! We build products, services, and experiences that inspire, excite, and delight. We work at scale — across all devices and digital mediums, and our people exist everywhere in the world (18 000+ experts across 39 countries, to be exact). Our work culture is dynamic and non-hierarchical. We’re looking for gre"
38457e29562fe459,remotefirst,Senior SAP ABAP Developer with German,Nagarro,Romania,Romania,True,Not disclosed,,,,,Core SAP delivery role,Technical / Development,Senior,S/4HANA; ABAP / Development; BTP / Integration; Fiori / UI5,ABAP; S/4HANA; SAP Fiori; SAPUI5 / UI5; OData; CDS Views; RAP / CAP; IDoc; English; German,,https://remotefirstjobs.com/companies/nagarro/jobs/senior-sap-abap-developer-with-german-839283,"Company Description 👋🏼 We’re Nagarro. We are a digital product engineering company that is scaling in a big way! We build products, services, and experiences that inspire, excite, and delight. We work at scale — across all devices and digital mediums, and our people exist everywhere in the world (18 000+ experts across 39 countries, to be exact). Our work culture is dynamic and non-hierarchical. We’re looking for gre"
f5584d1c1a7280ae,remotefirst,Senior SAP CO Consultant (m/f/d),Nagarro,Germany,Germany,True,Not disclosed,,,,,Core SAP delivery role,Technical / Development,Lead / Manager,S/4HANA; FI / CO / FICO; EWM / WM / Logistics,S/4HANA; FICO; English; German,,https://remotefirstjobs.com/companies/nagarro/jobs/senior-sap-co-consultant-mfd-849846,"Company Description 👋🏼 We’re Nagarro. We are a digital product engineering company that is scaling in a big way! We build products, services, and experiences that inspire, excite, and delight. We work at scale — across all devices and digital mediums, and our people exist everywhere in the world (18,000 experts across 39 countries, to be exact). Our work culture is dynamic and non-hierarchical. Nagarro’s global SAP b"
0ad7ffff8cf2d402,remotefirst,Senior SAP Cloud Developer/Architect,Nagarro,Germany,Germany,True,Not disclosed,,,,,Core SAP delivery role,Architecture,Senior,S/4HANA; ABAP / Development; BTP / Integration; Fiori / UI5; HANA / Data; HCM / SuccessFactors,ABAP; S/4HANA; SAP HANA; SAP BTP; SAP Fiori; SAPUI5 / UI5; CPI / Integration Suite; SuccessFactors; English; German,,https://remotefirstjobs.com/companies/nagarro/jobs/senior-sap-cloud-developerarchitect-652751,"Company Description 👋🏼 We’re Nagarro. We are a digital product engineering company that is scaling in a big way! We build products, services, and experiences that inspire, excite, and delight. We work at scale — across all devices and digital mediums, and our people exist everywhere in the world (18,000 experts across 36 countries, to be exact). Our work culture is dynamic and non-hierarchical. Nagarro’s global SAP b"
773d9c3c35806647,remotefirst,Senior SAP PP-PI Consultant (m/f/d),Nagarro,Germany,Germany,True,Not disclosed,,,,,Core SAP delivery role,Technical / Development,Senior,S/4HANA; Fiori / UI5; HANA / Data; PP / QM / Manufacturing; EWM / WM / Logistics,S/4HANA; SAP HANA; SAP Fiori; SAP PP; Agile / Scrum; English; German,,https://remotefirstjobs.com/companies/nagarro/jobs/senior-sap-pppi-consultant-mfd-849847,"Company Description 👋🏼 We’re Nagarro. We are a digital product engineering company that is scaling in a big way! We build products, services, and experiences that inspire, excite, and delight. We work at scale — across all devices and digital mediums, and our people exist everywhere in the world (18,000 experts across 36 countries, to be exact). Our work culture is dynamic and non-hierarchical. Nagarro’s global SAP b"
30da9701f40b3d37,remotefirst,Senior SAP PSCD Consultant,Nagarro,Germany,Germany,True,Not disclosed,,,,,Core SAP delivery role,Functional Consulting,Senior,S/4HANA; FI / CO / FICO,S/4HANA; FICO; English; German,,https://remotefirstjobs.com/companies/nagarro/jobs/senior-sap-pscd-consultant-780986,"Company Description English We are Nagarro – a global SAP Business Unit with a strong focus on digital transformation. We design and implement innovative IT solutions that drive businesses forward across industries. With more than 1,200 SAP experts in Germany and 18,000 colleagues worldwide, we offer a dynamic, open, and team-oriented work environment. We advise our clients on IT strategies, implement and operate SAP"
556bc4ab362bc558,remotefirst,Senior SAP PSM Consultant,Nagarro,Germany,Germany,True,Not disclosed,,,,,Core SAP delivery role,Functional Consulting,Senior,S/4HANA; FI / CO / FICO,S/4HANA; FICO; English; German,,https://remotefirstjobs.com/companies/nagarro/jobs/senior-sap-psm-consultant-780994,"Company Description English We are Nagarro – a global SAP Business Unit with a strong focus on digital transformation. We design and implement innovative IT solutions that drive businesses forward across industries. With more than 1,200 SAP experts in Germany and 18,000 colleagues worldwide, we offer a dynamic, open, and team-oriented work environment. We advise our clients on IT strategies, implement and operate SAP"
7c64fe00813cd455,remotefirst,Senior SAP QM Consultant,Nagarro,Germany,Germany,True,Not disclosed,,,,,Core SAP delivery role,Technical / Development,Senior,S/4HANA; ABAP / Development; Fiori / UI5; PP / QM / Manufacturing,ABAP; S/4HANA; SAP Fiori; SAPUI5 / UI5; SAP QM; English; German,,https://remotefirstjobs.com/companies/nagarro/jobs/senior-sap-qm-consultant-708743,"Company Description 👋🏼 We’re Nagarro. We are a digital product engineering company that is scaling in a big way! We build products, services, and experiences that inspire, excite, and delight. We work at scale — across all devices and digital mediums, and our people exist everywhere in the world (18,000+ experts across 37 countries, to be exact). Our work culture is dynamic and non-hierarchical. We’re looking for gre"
8cb6313b0c3fb84f,remotefirst,Senior Staff Engineer - Senior SAP FICO Consultant,Nagarro,Canada,Canada,True,Not disclosed,,,,,Core SAP delivery role,Technical / Development,Lead / Manager,S/4HANA; FI / CO / FICO,S/4HANA; FICO; English,,https://remotefirstjobs.com/companies/nagarro/jobs/senior-staff-engineer-senior-sap-fico-consultant-834034,"Company Description We are a Digital Product Engineering company that is scaling in a big way! We build products, services, and experiences that inspire, excite, and delight. We work on a scale across all devices and digital mediums, and our people exist everywhere in the world (17000 plus experts across 39 countries, to be exact). Our work culture is dynamic and non-hierarchical. We are looking for great new colleag"
c5c52478e77e1e2f,remotefirst,Senior Staff Engineer - Senior SAP FICO Consultant,Nagarro,United States,United States,True,Not disclosed,,,,,Core SAP delivery role,Technical / Development,Lead / Manager,S/4HANA; FI / CO / FICO,S/4HANA; FICO; English,,https://remotefirstjobs.com/companies/nagarro/jobs/senior-staff-engineer-senior-sap-fico-consultant-834026,"Company Description We are a Digital Product Engineering company that is scaling in a big way! We build products, services, and experiences that inspire, excite, and delight. We work on a scale across all devices and digital mediums, and our people exist everywhere in the world (17000 plus experts across 39 countries, to be exact). Our work culture is dynamic and non-hierarchical. We are looking for great new colleag"
c743f4a5cc833e16,remotefirst,SuccessFactors Senior/Lead Consultant Employee Central (m/w/d),Nagarro,Germany,Germany,True,Not disclosed,,,,,Core SAP delivery role,Functional Consulting,Lead / Manager,HCM / SuccessFactors,SuccessFactors; English; German,,https://remotefirstjobs.com/companies/nagarro/jobs/successfactors-seniorlead-consultant-employee-central-mwd-845510,"Company Description We’re Nagarro. We are a digital product engineering company that is scaling in a big way! We build products, services, and experiences that inspire, excite, and delight. We work at scale — across all devices and digital mediums, and our people exist everywhere in the world (18,000 experts across 39 countries, to be exact). Our work culture is dynamic and non-hierarchical. Job Description Implement"
59ab91a91186becb,remotefirst,SuccessFactors Solution Architect,Nagarro,Germany,Germany,True,Not disclosed,,,,,Core SAP delivery role,Architecture,Mid / Unspecified,S/4HANA; HCM / SuccessFactors,S/4HANA; SuccessFactors,,https://remotefirstjobs.com/companies/nagarro/jobs/successfactors-solution-architect-579086,Unternehmensbeschreibung Als globale SAP Business Unit der Nagarro Gruppe sind wir ein führender deutscher IT-Full-Service-Provider für kritische Unternehmensapplikationen und komplexe ERP-Landschaften in der digitalen Transformation. Mit mehr als 1.000 Mitarbeiter:innen ist Nagarro in Deutschland einer der leistungsfähigsten und innovativsten SAP-Partner für den deutschen Mittelstand und Großkunden mit international
dab4e8ded7e6f4a6,remotefirst,z_ filled delete_SAP HCM Payroll Consultant (m/f/d),Nagarro,Germany,Germany,True,Not disclosed,,,,,SAP module/technical requirement,Functional Consulting,Mid / Unspecified,HCM / SuccessFactors,English; German,,https://remotefirstjobs.com/companies/nagarro/jobs/z-filled-deletesap-hcm-payroll-consultant-mfd-841178,"Company Description 👋🏼 We’re Nagarro. We are a digital product engineering company that is scaling in a big way! We build products, services, and experiences that inspire, excite, and delight. We work at scale — across all devices and digital mediums, and our people exist everywhere in the world (18,000 experts across 38 countries, to be exact). Our work culture is dynamic and non-hierarchical. Nagarro’s global SAP b"
ea848bb250420f01,remotefirst,SAP Data Migration Consultant - Must be government clearance eligible - remote,NavAide,United States,United States,True,Disclosed,115000,135000,,,Core SAP delivery role,Data / Analytics,Mid / Unspecified,S/4HANA; HANA / Data,S/4HANA; Agile / Scrum,,https://remotefirstjobs.com/companies/navaide/jobs/sap-data-migration-consultant-must-be-government-clearance-eligible-remote-821277,"About Navaide Navaide partners with federal clients to deliver mission-focused solutions across financial management, ERP, and digital transformation. We bring deep domain expertise, practical execution, and a people-first culture to complex government environments. Catalysts for a Stronger Tomorrow At Navaide, we exist to empower organizations to evolve and adapt in a rapidly changing world. By combining human ingen"
12f1e8e7e371c15b,remotefirst,SAP Functional Analyst Controlling CO Levels I-IV,NavAide,United States,United States,True,Not disclosed,,,,,Core SAP delivery role,Technical / Development,Mid / Unspecified,FI / CO / FICO,FICO; Agile / Scrum,,https://remotefirstjobs.com/companies/navaide/jobs/sap-functional-analyst-controlling-co-levels-iiv-664711,"About us: Navaide: Catalysts for a Stronger Tomorrow: At Navaide, we exist to empower organizations to evolve and adapt in a rapidly changing world. By combining human ingenuity with transformative technology, we develop innovative solutions that drive progress for the people and systems that strengthen our nation. Our mission is rooted in agility, scalability, and a commitment to exceeding expectations, ensuring imp"
ce63067bed7220c9,remotefirst,SAP S/4HANA Basis Administrator – Hybrid/Remote,NavAide,United States,United States,True,Not disclosed,,,,,Core SAP delivery role,Basis / Security,Mid / Unspecified,S/4HANA; Basis / Security; HANA / Data,S/4HANA; SAP HANA; SAP BW / BI; Agile / Scrum,,https://remotefirstjobs.com/companies/navaide/jobs/sap-s4hana-basis-administrator-hybridremote-852270,"Position Description Navaide is seeking an experienced SAP S/4HANA Basis Administrator to support a greenfield SAP S/4HANA implementation for a large federal government program. The Basis Administrator will provide technical application administration across development, testing, and production environments; ensure SAP applications meet established technical service levels; and implement corrective and preventive mai"
487e9cc2b78cf31d,remotefirst,SAP SD Functional Consultants - Sales and Distribution Levels I - IV (Hybrid ) - Must be Government Clearance Eligible,NavAide,United States,United States,True,Not disclosed,,,,,SAP-titled role,Functional Consulting,Mid / Unspecified,SD / Sales,SAP SD,,https://remotefirstjobs.com/companies/navaide/jobs/sap-sd-functional-consultants-sales-and-distribution-levels-i-iv-hybrid-must-be-government-clearance-eligible-833011,"About us: Navaide: Catalysts for a Stronger Tomorrow At Navaide, we exist to empower organizations to evolve and adapt in a rapidly changing world. By combining human ingenuity with transformative technology, we develop innovative solutions that drive progress for the people and systems that strengthen our nation. Our mission is rooted in agility, scalability, and a commitment to exceeding expectations, ensuring impa"
cdb384512fe819c9,remotefirst,Global Collections Specialist (Contract/Temp),Neo4j,United States,United States,True,Not disclosed,,,,,SAP module/technical requirement,Data / Analytics,Mid / Unspecified,MM / Procurement,Ariba,,https://remotefirstjobs.com/companies/neo4j/jobs/global-collections-specialist-contracttemp-848342,"About Neo4j: Neo4j is the graph intelligence platform that transforms data into knowledge to power the next generation of intelligent applications and AI systems. It includes enterprise-ready knowledge graphs for accurate, explainable, and governed AI; the most comprehensive, trusted, and easy-to-deploy graph capabilities across any environment and data source; and an unmatched ecosystem trusted by 84 of the Fortune "
693d3a0d79bf9201,remotefirst,US HRBP/Payroll Specialist - Hybrid,Neolytix,Philippines,Philippines,True,Not disclosed,,,,,SAP module/technical requirement,Data / Analytics,Lead / Manager,HCM / SuccessFactors,SuccessFactors,,https://remotefirstjobs.com/companies/neolytix/jobs/us-hrbppayroll-specialist-hybrid-848541,"The HR Specialist will serve as a key support resource for day-to-day HR operations affecting our US employees and contractors. This remote role requires strong knowledge of US employment laws, HR compliance, and operational excellence. You will work closely with the Head of HR to ensure seamless HR service delivery, maintain accurate records, support recruitment activities, and provide responsive assistance to US-ba"
7cf5ab7e23e5da88,remotefirst,Business Analyst – Oracle HCM Cloud,Netcompany,Luxembourg,Luxembourg,True,Not disclosed,,,,,SAP module/technical requirement,Functional Consulting,Mid / Unspecified,HCM / SuccessFactors,SuccessFactors; English,,https://remotefirstjobs.com/companies/netcompany/jobs/business-analyst-oracle-hcm-cloud-852730,"Company Description Are you ready to shape the future technological landscape in Europe? We are dedicated to responsible digitalisation, building innovative, inclusive solutions that drive meaningful impact. With over 8,900 professionals across Europe, we help EU institutions, public and private organisations thrive in a rapidly evolving digital world. Are you ready to shape the future through technology? Your journe"
f872e39e870027f9,remotefirst,Lead BI Engineer,Netcompany,Greece,Greece,True,Not disclosed,,,,,SAP mentioned,Technical / Development,Lead / Manager,Unspecified SAP,Agile / Scrum; English,,https://remotefirstjobs.com/companies/netcompany/jobs/lead-bi-engineer-647441,"Company Description Are you ready to shape the future technological landscape in Europe? We are dedicated to responsible digitalisation, building innovative, inclusive solutions that drive meaningful impact. With over 8,900 professionals across Europe, we help EU institutions, public and private organisations thrive in a rapidly evolving digital world. Are you ready to shape the future through technology? Your journe"
cad23cdc289a40d1,remotefirst,SAP ABAP Developer Senior-Lead,Netcompany,Greece,Greece,True,Not disclosed,,,,,Core SAP delivery role,Technical / Development,Lead / Manager,S/4HANA; ABAP / Development; BTP / Integration; Fiori / UI5; MM / Procurement,ABAP; S/4HANA; SAP BTP; SAP Fiori; SAPUI5 / UI5; CPI / Integration Suite; PI/PO; English,,https://remotefirstjobs.com/companies/netcompany/jobs/sap-abap-developer-seniorlead-585347,"Company Description Are you ready to shape the future technological landscape in Europe? We are dedicated to responsible digitalisation, building innovative, inclusive solutions that drive meaningful impact. With over 8,900 professionals across Europe, we help EU institutions, public and private organisations thrive in a rapidly evolving digital world. Are you ready to shape the future through technology? Your journe"
54592d04cc55591b,remotefirst,SAP ABAP Developer Senior-Lead,Netcompany,Greece,Greece,True,Not disclosed,,,,,Core SAP delivery role,Technical / Development,Lead / Manager,S/4HANA; ABAP / Development; BTP / Integration; Fiori / UI5; MM / Procurement,ABAP; S/4HANA; SAP BTP; SAP Fiori; SAPUI5 / UI5; CPI / Integration Suite; PI/PO; English,,https://remotefirstjobs.com/companies/netcompany/jobs/sap-abap-developer-seniorlead-585243,"Company Description Are you ready to shape the future technological landscape in Europe? We are dedicated to responsible digitalisation, building innovative, inclusive solutions that drive meaningful impact. With over 8,900 professionals across Europe, we help EU institutions, public and private organisations thrive in a rapidly evolving digital world. Are you ready to shape the future through technology? Your journe"
f5f3b94c0de449c2,remotefirst,SAP Business Analyst (Success Factors),Netcompany,Greece,Greece,True,Not disclosed,,,,,Core SAP delivery role,Technical / Development,Mid / Unspecified,HCM / SuccessFactors,SuccessFactors; Agile / Scrum; English,,https://remotefirstjobs.com/companies/netcompany/jobs/sap-business-analyst-success-factors-853787,"Company Description Are you ready to shape the future technological landscape in Europe? We are dedicated to responsible digitalisation, building innovative, inclusive solutions that drive meaningful impact. With over 8,900 professionals across Europe, we help EU institutions, public and private organisations thrive in a rapidly evolving digital world. Are you ready to shape the future through technology? Your journe"
127d0503a3f2a293,remotefirst,SAP Business Analyst (Success Factors),Netcompany,Greece,Greece,True,Not disclosed,,,,,Core SAP delivery role,Technical / Development,Mid / Unspecified,HCM / SuccessFactors,SuccessFactors; Agile / Scrum; English,,https://remotefirstjobs.com/companies/netcompany/jobs/sap-business-analyst-success-factors-853783,"Company Description Are you ready to shape the future technological landscape in Europe? We are dedicated to responsible digitalisation, building innovative, inclusive solutions that drive meaningful impact. With over 8,900 professionals across Europe, we help EU institutions, public and private organisations thrive in a rapidly evolving digital world. Are you ready to shape the future through technology? Your journe"
959236ad74eda412,remotefirst,SAP Business Analyst (Success Factors),Netcompany,Greece,Greece,True,Not disclosed,,,,,Core SAP delivery role,Technical / Development,Mid / Unspecified,HCM / SuccessFactors,SuccessFactors; Agile / Scrum; English,,https://remotefirstjobs.com/companies/netcompany/jobs/sap-business-analyst-success-factors-852741,"Company Description Are you ready to shape the future technological landscape in Europe? We are dedicated to responsible digitalisation, building innovative, inclusive solutions that drive meaningful impact. With over 8,900 professionals across Europe, we help EU institutions, public and private organisations thrive in a rapidly evolving digital world. Are you ready to shape the future through technology? Your journe"
e97e3b5a8120f019,remotefirst,SAP Consultant Mid-Senior,Netcompany,Greece,Greece,True,Not disclosed,,,,,Core SAP delivery role,Technical / Development,Senior,S/4HANA; BTP / Integration; MM / Procurement,S/4HANA; SAP BTP; English,,https://remotefirstjobs.com/companies/netcompany/jobs/sap-consultant-midsenior-788187,"Company Description Are you ready to shape the future technological landscape in Europe? We are dedicated to responsible digitalisation, building innovative, inclusive solutions that drive meaningful impact. With over 8,900 professionals across Europe, we help EU institutions, public and private organisations thrive in a rapidly evolving digital world. Are you ready to shape the future through technology? Your journe"
196d25e4b740dfe6,remotefirst,SAP Consultant Mid-Senior,Netcompany,Greece,Greece,True,Not disclosed,,,,,Core SAP delivery role,Technical / Development,Senior,S/4HANA; BTP / Integration; MM / Procurement,S/4HANA; SAP BTP; English,,https://remotefirstjobs.com/companies/netcompany/jobs/sap-consultant-midsenior-788116,"Company Description Are you ready to shape the future technological landscape in Europe? We are dedicated to responsible digitalisation, building innovative, inclusive solutions that drive meaningful impact. With over 8,900 professionals across Europe, we help EU institutions, public and private organisations thrive in a rapidly evolving digital world. Are you ready to shape the future through technology? Your journe"
465e58a0f111f2a8,remotefirst,SAP FICO Consultant Mid-Senior,Netcompany,Greece,Greece,True,Not disclosed,,,,,Core SAP delivery role,Technical / Development,Senior,S/4HANA; BTP / Integration; FI / CO / FICO; MM / Procurement,S/4HANA; SAP BTP; FICO; English,,https://remotefirstjobs.com/companies/netcompany/jobs/sap-fico-consultant-midsenior-788048,"Company Description Are you ready to shape the future technological landscape in Europe? We are dedicated to responsible digitalisation, building innovative, inclusive solutions that drive meaningful impact. With over 8,900 professionals across Europe, we help EU institutions, public and private organisations thrive in a rapidly evolving digital world. Are you ready to shape the future through technology? Your journe"
c95fdf1d4b161af9,remotefirst,SAP SuccessFactors Consultant,Netcompany,Greece,Greece,True,Not disclosed,,,,,Core SAP delivery role,Technical / Development,Mid / Unspecified,S/4HANA; BTP / Integration; MM / Procurement; HCM / SuccessFactors,S/4HANA; SAP BTP; SuccessFactors; English,,https://remotefirstjobs.com/companies/netcompany/jobs/sap-successfactors-consultant-854833,"Company Description Are you ready to shape the future technological landscape in Europe? We are dedicated to responsible digitalisation, building innovative, inclusive solutions that drive meaningful impact. With over 8,900 professionals across Europe, we help EU institutions, public and private organisations thrive in a rapidly evolving digital world. Are you ready to shape the future through technology? Your journe"
0381e50a1c70731a,remotefirst,SAP SuccessFactors Consultant,Netcompany,Greece,Greece,True,Not disclosed,,,,,Core SAP delivery role,Technical / Development,Mid / Unspecified,S/4HANA; BTP / Integration; MM / Procurement; HCM / SuccessFactors,S/4HANA; SAP BTP; SuccessFactors; English,,https://remotefirstjobs.com/companies/netcompany/jobs/sap-successfactors-consultant-851828,"Company Description Are you ready to shape the future technological landscape in Europe? We are dedicated to responsible digitalisation, building innovative, inclusive solutions that drive meaningful impact. With over 8,900 professionals across Europe, we help EU institutions, public and private organisations thrive in a rapidly evolving digital world. Are you ready to shape the future through technology? Your journe"
5a10033a8c595034,remotefirst,"Salesforce Solution Engineer, RCA & RCB",NeuraFlash,Canada,Canada,True,Not disclosed,,,,,SAP module/technical requirement,Basis / Security,Mid / Unspecified,Basis / Security,GRC / Security,,https://remotefirstjobs.com/companies/neuraflash/jobs/salesforce-solution-engineer-rca-rcb-815253,"Why NeuraFlash, Part of Accenture: At NeuraFlash, Part of Accenture, we are redefining the future of business through the power of AI and groundbreaking technologies like Agentforce. As a trusted leader in AI, Amazon, and Salesforce innovation, we craft intelligent solutions—integrating Salesforce Einstein, Service Cloud Voice, Amazon Connect, Agentforce and more—to revolutionize workflows, elevate customer experienc"
cf8f59ad79441899,remotefirst,"Salesforce Solution Engineer, RCA & RCB",NeuraFlash,United States,United States,True,Disclosed,94400,266300,,,SAP module/technical requirement,Basis / Security,Mid / Unspecified,Basis / Security,GRC / Security,,https://remotefirstjobs.com/companies/neuraflash/jobs/salesforce-solution-engineer-rca-rcb-815230,"Why NeuraFlash, Part of Accenture: At NeuraFlash, Part of Accenture, we are redefining the future of business through the power of AI and groundbreaking technologies like Agentforce. As a trusted leader in AI, Amazon, and Salesforce innovation, we craft intelligent solutions—integrating Salesforce Einstein, Service Cloud Voice, Amazon Connect, Agentforce and more—to revolutionize workflows, elevate customer experienc"
d64c4f794e418735,remotefirst,Salesforce Technical Architect,NeuraFlash,United States,United States,True,Disclosed,94400,266300,,,SAP mentioned,Architecture,Mid / Unspecified,Unspecified SAP,English,,https://remotefirstjobs.com/companies/neuraflash/jobs/salesforce-technical-architect-853507,"Why NeuraFlash, Part of Accenture: At NeuraFlash, Part of Accenture, we are redefining the future of business through the power of AI and groundbreaking technologies like Agentforce. As a trusted leader in AI, AWS, and Salesforce innovation, we craft intelligent solutions—integrating Salesforce Einstein, Service Cloud Voice, Amazon Connect, Agentforce and more—to revolutionize workflows, elevate customer experiences,"
1e2066356bd8a38d,remotefirst,Salesforce Technical Architect,NeuraFlash,Canada,Canada,True,Not disclosed,,,,,SAP mentioned,Architecture,Mid / Unspecified,Unspecified SAP,English,,https://remotefirstjobs.com/companies/neuraflash/jobs/salesforce-technical-architect-853506,"Why NeuraFlash, Part of Accenture: At NeuraFlash, Part of Accenture, we are redefining the future of business through the power of AI and groundbreaking technologies like Agentforce. As a trusted leader in AI, AWS, and Salesforce innovation, we craft intelligent solutions—integrating Salesforce Einstein, Service Cloud Voice, Amazon Connect, Agentforce and more—to revolutionize workflows, elevate customer experiences,"
d45c9bdaa86cfd3e,remotefirst,Salesforce Technical Architect,NeuraFlash,United States,United States,True,Disclosed,94400,266300,,,SAP mentioned,Architecture,Mid / Unspecified,Unspecified SAP,English,,https://remotefirstjobs.com/companies/neuraflash/jobs/salesforce-technical-architect-852395,"Why NeuraFlash, Part of Accenture: At NeuraFlash, Part of Accenture, we are redefining the future of business through the power of AI and groundbreaking technologies like Agentforce. As a trusted leader in AI, AWS, and Salesforce innovation, we craft intelligent solutions—integrating Salesforce Einstein, Service Cloud Voice, Amazon Connect, Agentforce and more—to revolutionize workflows, elevate customer experiences,"
2ee70ef6018b6ace,remotefirst,Salesforce Technical Architect,NeuraFlash,United States,United States,True,Disclosed,94400,266300,,,SAP mentioned,Architecture,Mid / Unspecified,Unspecified SAP,English,,https://remotefirstjobs.com/companies/neuraflash/jobs/salesforce-technical-architect-841636,"Why NeuraFlash, Part of Accenture: At NeuraFlash, Part of Accenture, we are redefining the future of business through the power of AI and groundbreaking technologies like Agentforce. As a trusted leader in AI, AWS, and Salesforce innovation, we craft intelligent solutions—integrating Salesforce Einstein, Service Cloud Voice, Amazon Connect, Agentforce and more—to revolutionize workflows, elevate customer experiences,"
bc27e219bf12edef,remotefirst,Senior Salesforce Technical Architect,NeuraFlash,Colombia,Colombia,True,Not disclosed,,,,,SAP mentioned,Architecture,Senior,Unspecified SAP,English,,https://remotefirstjobs.com/companies/neuraflash/jobs/senior-salesforce-technical-architect-773376,"Why NeuraFlash, Part of Accenture: At NeuraFlash, Part of Accenture, we are redefining the future of business through the power of AI and groundbreaking technologies like Agentforce. As a trusted leader in AI, Amazon, and Salesforce innovation, we craft intelligent solutions—integrating Salesforce Einstein, Service Cloud Voice, Amazon Connect, Agentforce and more—to revolutionize workflows, elevate customer experienc"
c83713598d53fb5d,remotefirst,Sr. Salesforce Technical Architect,NeuraFlash,India,India,True,Not disclosed,,,,,SAP mentioned,Architecture,Senior,Unspecified SAP,English,,https://remotefirstjobs.com/companies/neuraflash/jobs/sr-salesforce-technical-architect-842231,"Why NeuraFlash, Part of Accenture: At NeuraFlash, Part of Accenture, we are redefining the future of business through the power of AI and groundbreaking technologies like Agentforce. As a trusted leader in AI, AWS, and Salesforce innovation, we craft intelligent solutions—integrating Salesforce Einstein, Service Cloud Voice, Amazon Connect, Agentforce and more—to revolutionize workflows, elevate customer experiences,"
77db491dc9a7593b,remotefirst,Sr. Salesforce Technical Architect,NeuraFlash,India,India,True,Not disclosed,,,,,SAP mentioned,Architecture,Senior,Unspecified SAP,English,,https://remotefirstjobs.com/companies/neuraflash/jobs/sr-salesforce-technical-architect-818690,"Why NeuraFlash, Part of Accenture: At NeuraFlash, Part of Accenture, we are redefining the future of business through the power of AI and groundbreaking technologies like Agentforce. As a trusted leader in AI, Amazon, and Salesforce innovation, we craft intelligent solutions—integrating Salesforce Einstein, Service Cloud Voice, Amazon Connect, Agentforce and more—to revolutionize workflows, elevate customer experienc"
f621810d3da57622,remotefirst,"Technical Architect, MuleSoft",NeuraFlash,United States,United States,True,Disclosed,94400,266300,,,SAP mentioned,Architecture,Mid / Unspecified,Unspecified SAP,,,https://remotefirstjobs.com/companies/neuraflash/jobs/technical-architect-mulesoft-849626,"Why NeuraFlash, Part of Accenture: At NeuraFlash, Part of Accenture, we are redefining the future of business through the power of AI and groundbreaking technologies like Agentforce. As a trusted leader in AI, AWS, and Salesforce innovation, we craft intelligent solutions—integrating Salesforce Einstein, Service Cloud Voice, Amazon Connect, Agentforce and more—to revolutionize workflows, elevate customer experiences,"
a267435576948d5e,remotefirst,Algotale - Calfus (Sap S/4 Hana Finance Functional Consultant),NextHire,Worldwide / Not specified,Worldwide / Not specified,True,Not disclosed,,,,,Core SAP delivery role,Technical / Development,Mid / Unspecified,S/4HANA; Fiori / UI5; HANA / Data; FI / CO / FICO,S/4HANA; SAP HANA; SAP Fiori,,https://remotefirstjobs.com/companies/nexthire/jobs/algotale-calfus-sap-s4-hana-finance-functional-consultant-832848,"About Algotale At Algotale, we believe in the transformative potential of data to reshape industries, drive innovation, and create unparalleled value. Established in 2020 by a team of passionate and visionary professionals, Algotale set out to redefine the landscape of IT services and consulting by integrating a data-centric approach into every solution we design. Our journey began with a focus on creating customized"
8ca6a9859078a0ae,remotefirst,SAP ABAP Consultant,NextHire,Worldwide / Not specified,Worldwide / Not specified,True,Not disclosed,,,,,Core SAP delivery role,Technical / Development,Mid / Unspecified,S/4HANA; ABAP / Development; BTP / Integration; Fiori / UI5; HANA / Data,ABAP; S/4HANA; SAP HANA; SAP Fiori; SAPUI5 / UI5; OData; IDoc; Agile / Scrum,,https://remotefirstjobs.com/companies/nexthire/jobs/sap-abap-consultant-606127,"Job Summary: We are looking for a highly skilled SAP ABAP Consultant with hands-on experience in SAP ECC and HANA environments support our SAP-to-Incorta report migration initiative . The ideal candidate will have strong technical expertise in RICEFW objects and SAP data models along with a solid understanding of business processes and functional modules. Key Responsibilities: · Design, develop, test, and deploy ABAP"
3eccce076bb702f7,remotefirst,SAP Consultant,NextHire,Worldwide / Not specified,Worldwide / Not specified,True,Not disclosed,,,,,Core SAP delivery role,Technical / Development,Mid / Unspecified,CRM / CX / Commerce,Agile / Scrum,,https://remotefirstjobs.com/companies/nexthire/jobs/sap-consultant-750058,"About Algotale At Algotale, we believe in the transformative potential of data to reshape industries, drive innovation, and create unparalleled value. Established in 2020 by a team of passionate and visionary professionals, Algotale set out to redefine the landscape of IT services and consulting by integrating a data-centric approach into every solution we design. Our journey began with a focus on creating customized"
90fda7b29fc80814,remotefirst,SAP Datasphere SAC Consultant with SAP BPC Background,NextHire,India,India,True,Not disclosed,,,,,Core SAP delivery role,Technical / Development,Mid / Unspecified,HANA / Data,SAP Analytics Cloud; Datasphere,,https://remotefirstjobs.com/companies/nexthire/jobs/sap-datasphere-sac-consultant-with-sap-bpc-background-667255,"About Algotale At Algotale, we believe in the transformative potential of data to reshape industries, drive innovation, and create unparalleled value. Established in 2020 by a team of passionate and visionary professionals, Algotale set out to redefine the landscape of IT services and consulting by integrating a data-centric approach into every solution we design. Our journey began with a focus on creating customized"
7dde42ed846cb8c3,remotefirst,SAP ECC PP Consultant,NextHire,India,India,True,Not disclosed,,,,,Core SAP delivery role,Technical / Development,Mid / Unspecified,S/4HANA; PP / QM / Manufacturing,S/4HANA; SAP PP,,https://remotefirstjobs.com/companies/nexthire/jobs/sap-ecc-pp-consultant-670243,"About Algotale At Algotale, we believe in the transformative potential of data to reshape industries, drive innovation, and create unparalleled value. Established in 2020 by a team of passionate and visionary professionals, Algotale set out to redefine the landscape of IT services and consulting by integrating a data-centric approach into every solution we design. Our journey began with a focus on creating customized"
97cde13872b70bf2,remotefirst,Senior Data Engineer,NextHire,United Arab Emirates,United Arab Emirates; India,True,Not disclosed,,,,,SAP mentioned,Technical / Development,Senior,Unspecified SAP,,,https://remotefirstjobs.com/companies/nexthire/jobs/senior-data-engineer-790120,"About Company FiftyFive is a global software development and technology consulting company, delivering full-cycle digital solutions across industries and geographies. We help businesses across the USA, UK, Australia, MENA, and the Nordics accelerate innovation and drive digital transformation. Our offerings span: - Custom Software & MVP Development - Web & Mobile App Development - Cloud Engineering (AWS, Azure, GCP) "
5780f9551dddb66f,remotefirst,Senior Data Engineer,NextHire,India,India,True,Not disclosed,,,,,SAP mentioned,Technical / Development,Senior,Unspecified SAP,Agile / Scrum,,https://remotefirstjobs.com/companies/nexthire/jobs/senior-data-engineer-620259,"Job Title: Senior AWS Data Engineer Exp Range – 4-7 Years Location – Gurugram (WFO – Hybrid) Job Summary: We are looking for a Mid-Senior Data Engineer to join our growing data team and help build scalable, reliable, and efficient data pipelines and platforms. The ideal candidate has hands-on experience in managing large-scale data systems, cloud platforms, and workflow orchestration tools. You will play a critical r"
d4be18a2f1f1df32,remotefirst,Senior Java Developer,NextHire,India,India,True,Not disclosed,,,,,SAP mentioned,Technical / Development,Senior,Unspecified SAP,Agile / Scrum,,https://remotefirstjobs.com/companies/nexthire/jobs/senior-java-developer-801222,"Job Description – Senior Java Developer About Company FiftyFive is a global software development and technology consulting company, delivering full-cycle digital solutions across industries and geographies. We help businesses across the USA, UK, Australia, MENA, and the Nordics accelerate innovation and drive digital transformation. Our offerings span: - Custom Software & MVP Development - Web & Mobile App Developmen"
a3d63eb64a294c02,remotefirst,Senior Accountant,Nexthink,India,India,True,Not disclosed,,,,,SAP mentioned,Data / Analytics,Lead / Manager,Unspecified SAP,English,,https://remotefirstjobs.com/companies/nexthink/jobs/senior-accountant-787551,"Company Description Nexthink is the leader in digital employee experience management software. The company provides IT leaders with unprecedented insight allowing them to see, diagnose and fix issues at scale impacting employees anywhere, with any application or network, before employees notice the issue. As the first solution to allow IT to progress from reactive problem solving to proactive optimization, Nexthink e"
379858642da10983,remotefirst,"Director, Procurement Operations & Excellence",NiCE,Israel,Israel,True,Not disclosed,,,,,SAP module/technical requirement,Technical / Development,Lead / Manager,MM / Procurement,Ariba; Concur,,https://remotefirstjobs.com/companies/nice/jobs/director-procurement-operations-excellence-817975,"At NiCE, we don’t limit our challenges. We challenge our limits. Always. We’re ambitious. We’re game changers. And we play to win. We set the highest standards and execute beyond them. And if you’re like us, we can offer you the ultimate career opportunity that will light a fire within you. So, what’s the role all about? The Procurement Operations & Excellence Lead is responsible for driving operational maturity acro"
caa8b3acf9250279,remotefirst,Core HR and Total Rewards Capabilities SME,O-I,Colombia,Colombia,True,Not disclosed,,,,,SAP module/technical requirement,Data / Analytics,Mid / Unspecified,HCM / SuccessFactors,SuccessFactors,,https://remotefirstjobs.com/companies/o-i/jobs/core-hr-and-total-rewards-capabilities-sme-803415,"Company Description To be the leading producer of glass bottles and jars worldwide you need passion, commitment and innovation baked into the very fabric of a business and its people. For more than 120 years, our glass makers have honed their craft—channeling their creativity into more than 1,800 patents held today. When you join O-I you become part of that story. O-I has more than a century of experience crafting pu"
e79f8de69a428808,remotefirst,IT Business Partner MM SAP Consultant,Oetiker Group,Spain,Spain,True,Not disclosed,,,,,Core SAP delivery role,Functional Consulting,Lead / Manager,S/4HANA; MM / Procurement,S/4HANA; SAP MM; English,,https://remotefirstjobs.com/companies/oetiker-group/jobs/it-business-partner-mm-sap-consultant-730441,"Company Description At Oetiker , we provide peace of mind by ensuring that mission-critical components are reliably connected. We are a global leader in high-end clamping and connecting solutions for the vehicle industry and high-value industrial applications. With over 1,800 employees in 30+ countries and more than 75 years of experience , Oetiker is a trusted global partner for the world’s leading OEMs. Our product"
cb3dfce66025be66,remotefirst,Junior Technical Support Specialist Level 1 Night Shift,Onapsis,Romania,Romania,True,Not disclosed,,,,,SAP mentioned,Support / Operations,Entry / Intern,Unspecified SAP,,,https://remotefirstjobs.com/companies/onapsis/jobs/junior-technical-support-specialist-level-1-night-shift-673611,"About the job The world’s most critical–and at risk–business applications have been neglected for far too long. Onapsis eliminates this blind spot by providing cybersecurity solutions dedicated to business-critical applications. Whether running on premises, in the cloud, or in a hybrid environment, Onapsis helps nearly 30% of the Forbes Global 100 understand the threats and risks across their SAP and Oracle landscape"
524507a63b79ee26,remotefirst,"Senior Manager, Procurement Operations - Hardware",OpenAI,United States,United States,True,Not disclosed,,,,,SAP mentioned,Data / Analytics,Lead / Manager,Unspecified SAP,,,https://remotefirstjobs.com/companies/openai/jobs/senior-manager-procurement-operations-hardware-818931,"About the Team OpenAI is building Procurement of the future: one that uses AI-enabled systems, clean data, and scalable processes to help the business absorb increasing complexity, speed, volume, and throughput — while enabling teams across OpenAI to operate more strategically and at greater scale. The Hardware Procurement Operations team supports the operational flow of goods and hardware purchasing across OpenAI’s "
9ff5240167f6225e,remotefirst,Director Project Development,Origis Energy,United States,United States,True,Not disclosed,,,,,SAP mentioned,Functional Consulting,Lead / Manager,Unspecified SAP,,,https://remotefirstjobs.com/companies/origis-energy/jobs/director-project-development-778248,"Join the Origis Energy Team! Origis Energy is accelerating the transition to a carbon-free future by Reimagining ZeroSM. As one of America’s leading renewable energy and decarbonization solution platforms, the company continues to expand and reimagine its contribution to the world’s net-zero goals. Origis Energy puts customers first to deploy a wide range of sustainable solutions for grid power generation, performanc"
8967c8c341e19fa2,remotefirst,Director Project Development Data Centers,Origis Energy,Worldwide / Not specified,Worldwide / Not specified,True,Not disclosed,,,,,SAP mentioned,Data / Analytics,Lead / Manager,Unspecified SAP,,,https://remotefirstjobs.com/companies/origis-energy/jobs/director-project-development-data-centers-746516,"Join the Origis Energy Team! Origis Energy is accelerating the transition to a carbon-free future by Reimagining ZeroSM. As one of America’s leading renewable energy and decarbonization solution platforms, the company continues to expand and reimagine its contribution to the world’s net-zero goals. Origis Energy puts customers first to deploy a wide range of sustainable solutions for grid power generation, performanc"
7ac03a2bc5d6742d,remotefirst,Senior Performance Marketing Manager,Outreach,United States,United States,True,Disclosed,110000,140000,,,SAP mentioned,Data / Analytics,Lead / Manager,Unspecified SAP,,,https://remotefirstjobs.com/companies/outreach/jobs/senior-performance-marketing-manager-850052,"About Outreach Outreach, founded in 2014, is the only complete agentic AI platform for revenue teams. Outreach infuses agentic AI, conversation intelligence, and assistive AI to power hundreds of use cases across revenue motions. From new logo prospecting to expansions, deal acceleration, driving retention, and forecasting, Outreach AI automates workflows and frees sellers to focus on more strategic conversations and"
f1cc6dd47ff46cdb,remotefirst,Shared Services Transformation Consultant,PA Consulting,United Kingdom,United Kingdom,True,Not disclosed,,,,,SAP module/technical requirement,Data / Analytics,Mid / Unspecified,S/4HANA,S/4HANA,,https://remotefirstjobs.com/companies/pa-consulting/jobs/shared-services-transformation-consultant-767112,"Company Description We believe in the power of ingenuity to build a positive human future. As strategies, technologies, and innovation collide, we create opportunity from complexity. Our teams of interdisciplinary experts combine innovative thinking and breakthrough technologies to progress further, faster. Our clients adapt and transform, and together we achieve enduring results. We are over 4,000 strategists, innov"
7d665ceba440209f,remotefirst,Solution Architect,PA Consulting,United Kingdom,United Kingdom,True,Not disclosed,,,,,SAP mentioned,Architecture,Mid / Unspecified,Unspecified SAP,Agile / Scrum,,https://remotefirstjobs.com/companies/pa-consulting/jobs/solution-architect-738675,"Company Description We believe in the power of ingenuity to build a positive human future. As strategies, technologies, and innovation collide, we create opportunity from complexity. Our teams of interdisciplinary experts combine innovative thinking and breakthrough technologies to progress further, faster. Our clients adapt and transform, and together we achieve enduring results. We are over 4,000 strategists, innov"
9c59dc64883008cd,remotefirst,Senior Technology Vendor Manager,PENN Interactive,Canada,Canada,True,Disclosed,79440,108327,,,SAP module/technical requirement,Functional Consulting,Lead / Manager,MM / Procurement,Ariba,,https://remotefirstjobs.com/companies/penn-interactive/jobs/senior-technology-vendor-manager-855034,"PENN Entertainment, Inc. is North America’s leading provider of integrated entertainment, sports content, and casino gaming experiences. From casinos and racetracks to online gaming, sports betting and entertainment content, we deliver the experiences people want, how and where they want them. We’re always on the lookout for those who are passionate about creating and delivering cutting-edge online gaming and sports "
2f1d1665d6c7e2fb,remotefirst,Senior Technology Vendor Manager,PENN Interactive,United States,United States,True,Disclosed,110000,150000,,,SAP module/technical requirement,Functional Consulting,Lead / Manager,MM / Procurement,Ariba,,https://remotefirstjobs.com/companies/penn-interactive/jobs/senior-technology-vendor-manager-855029,"PENN Entertainment, Inc. is North America’s leading provider of integrated entertainment, sports content, and casino gaming experiences. From casinos and racetracks to online gaming, sports betting and entertainment content, we deliver the experiences people want, how and where they want them. We’re always on the lookout for those who are passionate about creating and delivering cutting-edge online gaming and sports "
0857f7ff890dcaf9,remotefirst,Project Manager,PM2CM,United States,United States,True,Not disclosed,,,,,SAP mentioned,Project / Program,Lead / Manager,Unspecified SAP,,,https://remotefirstjobs.com/companies/pm2cm-inc/jobs/project-manager-588174,"Project Manager — Catalina Utilities & Infrastructure Summary: Seasoned project manager to oversee 5–9 water, gas, and electric infrastructure projects on Catalina Island. Accountable for scope, schedule, budget, permitting coordination, construction execution, and stakeholder management. Key responsibilities Full project lifecycle management for multiple infrastructure projects: define scope, develop schedules, trac"
663be88cb699e5f3,remotefirst,Senior Project Controls Cost Engineer,PM2CM,United States,United States,True,Not disclosed,,,,,SAP mentioned,Technical / Development,Lead / Manager,Unspecified SAP,,,https://remotefirstjobs.com/companies/pm2cm-inc/jobs/senior-project-controls-cost-engineer-593020,"PM2CM, Inc., (Project Management to Construction Management) is a professional services company dedicated to providing Program and Project Management, Construction Management, and Project Controls services during the design and construction phase of projects. Our core expertise is in Project Controls which includes Scheduling, Cost Controls, Document Management and Controls, Budget tracking and monitoring, Estimating"
9cfbef0683f189dc,remotefirst,Senior Data Engineering & Analytics Lead,"PM2CM, Inc.",United States,United States,True,Not disclosed,,,,,SAP mentioned,Data / Analytics,Lead / Manager,Unspecified SAP,,,https://remotefirstjobs.com/companies/pm2cm-inc/jobs/senior-data-engineering-analytics-lead-698483,"PM2CM, Inc., (Project Management to Construction Management) is a professional services company and certified SBE and DBE, dedicated to providing Program and Project Management, Construction Management and Project Controls services during the design and construction phase of projects. Our expertise is in Project Controls which includes Scheduling, Cost Controls, Document Management and Controls, Budget tracking and m"
4e34e2a4a6a5b83a,remotefirst,Sr. Forward Deployed Engineer,"PVM, Inc.",United States,United States,True,Not disclosed,,,,,SAP mentioned,Technical / Development,Junior,Unspecified SAP,,,https://remotefirstjobs.com/companies/pvm-inc/jobs/sr-forward-deployed-engineer-820278,"Remote: Must reside in or near San Diego, CA - Will need to go onsite occasionally Reports to: Echo Direct reports: None. Delta’s provide performance feedback on other engineers and participate in company peer mentorship program. Travel: 0-10% The Role The Senior Forward Deployed Engineer (Sr FDE) serves as the technical lead responsible for the architecture, ontology design, application delivery, operational support"
46e9935c2a325ebf,remotefirst,Senior Technical Product Manager,Packmatic,Germany,Germany,True,Not disclosed,,,,,SAP module/technical requirement,Technical / Development,Lead / Manager,S/4HANA; HANA / Data,S/4HANA; SAP HANA; German,,https://remotefirstjobs.com/companies/packmatic/jobs/senior-technical-product-manager-783680,"Wir digitalisieren eine der größten und am stärksten regulierten Branchen Europas. Die Verpackungsindustrie hat ein Marktvolumen von mehreren hundert Milliarden Euro und steht aufgrund neuer Vorschriften wie PPWR, EUDR, EPR und CSRD unter enormem Handlungsdruck. Mit Packa haben wir die erste durchgängige SaaS-Plattform für intelligentes Verpackungsmanagement entwickelt – stark nachgefragt, hervorragend finanziert und"
0367bb8ce9842eec,remotefirst,Lead Agent Architect SAP (Germany),Parloa,Germany,Germany,True,Not disclosed,,,,,Core SAP delivery role,Architecture,Lead / Manager,S/4HANA; BTP / Integration; Basis / Security; CRM / CX / Commerce,S/4HANA; SAP BTP; OData; GRC / Security; English; German,,https://remotefirstjobs.com/companies/parloa/jobs/lead-agent-architect-sap-germany-829694,"About Parloa Parloa’s mission is to make every customer conversation feel effortless for both customers and the companies serving them. As agentic AI accelerates, Parloans are shaping the foundation of a new era in customer experience — one where customer support is no longer transactions, but meaningful exchanges. It is not just a vision; Parloa has powered over ONE BILLION interactions between global enterprise bra"
e733a43a19aaab90,remotefirst,"Manager, Forward Deployed Engineering",Parloa,Germany,Germany,True,Not disclosed,,,,,SAP mentioned,Technical / Development,Lead / Manager,Unspecified SAP,,,https://remotefirstjobs.com/companies/parloa/jobs/manager-forward-deployed-engineering-852514,"About Parloa Parloa’s mission is to make every customer conversation feel effortless for both customers and the companies serving them. As agentic AI accelerates, Parloans are shaping the foundation of a new era in customer experience, one where customer support is no longer transactions, but meaningful exchanges. It is not just a vision; Parloa has powered over ONE BILLION interactions between global enterprise bran"
07dc93841b29e6c8,remotefirst,SAP Integration Engineer,Parloa,Germany,Germany,True,Not disclosed,,,,,Core SAP delivery role,Basis / Security,Mid / Unspecified,S/4HANA; BTP / Integration; Basis / Security; CRM / CX / Commerce,S/4HANA; SAP BTP; CPI / Integration Suite; OData; GRC / Security,,https://remotefirstjobs.com/companies/parloa/jobs/sap-integration-engineer-801420,"About Parloa Parloa’s mission is to make every customer conversation feel effortless for both customers and the companies serving them. As agentic AI accelerates, Parloans are shaping the foundation of a new era in customer experience, one where customer support is no longer transactions, but meaningful exchanges. It is not just a vision; Parloa has powered over ONE BILLION interactions between global enterprise bran"
73a1a37ec56610ef,remotefirst,SAP Integration Engineer,Parloa,United States,United States,True,Disclosed,170000,200000,,,Core SAP delivery role,Basis / Security,Mid / Unspecified,S/4HANA; BTP / Integration; Basis / Security; CRM / CX / Commerce,S/4HANA; SAP BTP; CPI / Integration Suite; OData; GRC / Security,,https://remotefirstjobs.com/companies/parloa/jobs/sap-integration-engineer-792835,"About Parloa Parloa’s mission is to make every customer conversation feel effortless for both customers and the companies serving them. As agentic AI accelerates, Parloans are shaping the foundation of a new era in customer experience, one where customer support is no longer transactions, but meaningful exchanges. It is not just a vision; Parloa has powered over ONE BILLION interactions between global enterprise bran"
95c3f14a9866e3fd,remotefirst,Senior Agent Architect,Parloa,United States,United States,True,Disclosed,113000,129000,,,SAP mentioned,Architecture,Senior,Unspecified SAP,,,https://remotefirstjobs.com/companies/parloa/jobs/senior-agent-architect-800290,"About Parloa Parloa’s mission is to make every customer conversation feel effortless for both customers and the companies serving them. As agentic AI accelerates, Parloans are shaping the foundation of a new era in customer experience — one where customer support is no longer transactions, but meaningful exchanges. It is not just a vision; Parloa has powered over ONE BILLION interactions between global enterprise bra"
86b6c541c6e3a3eb,remotefirst,Senior Agent Architect (UK),Parloa,Worldwide / Not specified,Worldwide / Not specified,True,Not disclosed,,,,,SAP mentioned,Architecture,Senior,Unspecified SAP,English,,https://remotefirstjobs.com/companies/parloa/jobs/senior-agent-architect-uk-836733,"About Parloa Parloa’s mission is to make every customer conversation feel effortless for both customers and the companies serving them. As agentic AI accelerates, Parloans are shaping the foundation of a new era in customer experience - one where customer support is no longer transactions, but meaningful exchanges. It is not just a vision; Parloa has powered over ONE BILLION interactions between global enterprise bra"
b40a99cb30a9de1d,remotefirst,Senior Enterprise Engagement Manager - CEE,Parloa,Germany,Germany,True,Not disclosed,,,,,SAP mentioned,Project / Program,Lead / Manager,Unspecified SAP,English; German,,https://remotefirstjobs.com/companies/parloa/jobs/senior-enterprise-engagement-manager-cee-852088,"About Parloa Parloa’s mission is to make every customer conversation feel effortless for both customers and the companies serving them. As agentic AI accelerates, Parloans are shaping the foundation of a new era in customer experience, one where customer support is no longer transactions, but meaningful exchanges. It is not just a vision; Parloa has powered over ONE BILLION interactions between global enterprise bran"
cafad1e718f98f00,remotefirst,Senior Partner Solution Engineer - SAP,Parloa,Germany,Germany,True,Not disclosed,,,,,Core SAP delivery role,Technical / Development,Senior,BTP / Integration; CRM / CX / Commerce,SAP BTP; English; German,,https://remotefirstjobs.com/companies/parloa/jobs/senior-partner-solution-engineer-sap-838291,"About Parloa Parloa’s mission is to make every customer conversation feel effortless for both customers and the companies serving them. As agentic AI accelerates, Parloans are shaping the foundation of a new era in customer experience; one where customer support is no longer transactions, but meaningful exchanges. It is not just a vision; Parloa has powered over ONE BILLION interactions between global enterprise bran"
1e9fc87efcfd66b1,remotefirst,Sr Agent Architect (Germany),Parloa,Germany,Germany,True,Not disclosed,,,,,SAP mentioned,Architecture,Senior,Unspecified SAP,English; German,,https://remotefirstjobs.com/companies/parloa/jobs/sr-agent-architect-germany-855209,"About Parloa Parloa’s mission is to make every customer conversation feel effortless for both customers and the companies serving them. As agentic AI accelerates, Parloans are shaping the foundation of a new era in customer experience - one where customer support is no longer transactions, but meaningful exchanges. It is not just a vision; Parloa has powered over ONE BILLION interactions between global enterprise bra"
e6abfc411ac72a38,remotefirst,Sr Agent Architect (Italy),Parloa,Italy,Italy,True,Not disclosed,,,,,SAP mentioned,Architecture,Senior,Unspecified SAP,English,,https://remotefirstjobs.com/companies/parloa/jobs/sr-agent-architect-italy-855212,"About Parloa Parloa’s mission is to make every customer conversation feel effortless for both customers and the companies serving them. As agentic AI accelerates, Parloans are shaping the foundation of a new era in customer experience - one where customer support is no longer transactions, but meaningful exchanges. It is not just a vision; Parloa has powered over ONE BILLION interactions between global enterprise bra"
28ff6614b756b42d,remotefirst,Sr Partner Solution Engineer,Parloa,United States,United States,True,Disclosed,180000,200000,,,SAP mentioned,Technical / Development,Senior,Unspecified SAP,,,https://remotefirstjobs.com/companies/parloa/jobs/sr-partner-solution-engineer-814530,"About Parloa Parloa’s mission is to make every customer conversation feel effortless for both customers and the companies serving them. As agentic AI accelerates, Parloans are shaping the foundation of a new era in customer experience — one where customer support is no longer transactions, but meaningful exchanges. It is not just a vision; Parloa has powered over ONE BILLION interactions between global enterprise bra"
2002e339ae15e89a,remotefirst,Sr Value Engineer - West Coast,Parloa,Worldwide / Not specified,Worldwide / Not specified,True,Disclosed,130000,150000,,,SAP mentioned,Technical / Development,Senior,Unspecified SAP,,,https://remotefirstjobs.com/companies/parloa/jobs/sr-value-engineer-west-coast-834925,"About Parloa Parloa’s mission is to make every customer conversation feel effortless for both customers and the companies serving them. As agentic AI accelerates, Parloans are shaping the foundation of a new era in customer experience — one where customer support is no longer transactions, but meaningful exchanges. It is not just a vision; Parloa has powered over ONE BILLION interactions between global enterprise bra"
d5817c2c8cbcbecd,remotefirst,Sr. Brand Designer,Parloa,Germany,Germany,True,Not disclosed,,,,,SAP mentioned,Data / Analytics,Lead / Manager,Unspecified SAP,English,,https://remotefirstjobs.com/companies/parloa/jobs/sr-brand-designer-823429,"About Parloa Parloa’s mission is to make every customer conversation feel effortless for both customers and the companies serving them. As agentic AI accelerates, Parloans are shaping the foundation of a new era in customer experience - one where customer support is no longer transactions, but meaningful exchanges. It is not just a vision; Parloa has powered over ONE BILLION interactions between global enterprise bra"
07b0c041a88cb07b,remotefirst,Accounts Receivable / Accounts Payable Specialist,Pavago,Pakistan,Pakistan,True,Not disclosed,,,,,SAP mentioned,Functional Consulting,Mid / Unspecified,Unspecified SAP,English,,https://remotefirstjobs.com/companies/pavago/jobs/accounts-receivable-accounts-payable-specialist-846243,"Accounts Receivable / Accounts Payable Specialist – Remote | U.S. Hours Position Type: Full-Time, Remote Working Hours: U.S. Business Hours Location: Remote — LATAM, Philippines, Pakistan, South Africa Preferred About the Role At Pavago, we’re hiring an Accounts Receivable / Accounts Payable Specialist for one of our clients to support day-to-day accounting operations and ensure incoming and outgoing financial transa"
e8c09e2ab9e808ea,remotefirst,Accounts Receivable / Accounts Payable Specialist,Pavago,United States,United States,True,Not disclosed,,,,,SAP mentioned,Functional Consulting,Mid / Unspecified,Unspecified SAP,,,https://remotefirstjobs.com/companies/pavago/jobs/accounts-receivable-accounts-payable-specialist-819527,"Accounts Receivable / Accounts Payable Specialist (AR/AP) – Remote QuickBooks | NetSuite | SAP | Xero | Bookkeeping Position Type: Full-Time, Remote Working Hours: U.S. Business Hours About the Role We’re hiring for our client, a growing U.S.-based company, seeking an Accounts Receivable / Accounts Payable Specialist (AR/AP) to own the day-to-day flow of money in and out of the business. This is a high-impact, execut"
5d7bf7c56cf8e457,remotefirst,Accounts Receivable / Accounts Payable Specialist,Pavago,South Africa,South Africa,True,Not disclosed,,,,,SAP mentioned,Functional Consulting,Mid / Unspecified,Unspecified SAP,,,https://remotefirstjobs.com/companies/pavago/jobs/accounts-receivable-accounts-payable-specialist-799987,"Accounts Receivable / Accounts Payable Specialist (AR/AP) – Remote QuickBooks | NetSuite | SAP | Xero | Bookkeeping Position Type: Full-Time, Remote Working Hours: U.S. Business Hours About the Role We’re hiring for our client, a growing U.S.-based company, seeking an Accounts Receivable / Accounts Payable Specialist (AR/AP) to own the day-to-day flow of money in and out of the business. This is a high-impact, execut"
edd1214dcf27d049,remotefirst,Audit Assistant,Pavago,Pakistan,Pakistan,True,Not disclosed,,,,,SAP mentioned,Data / Analytics,Mid / Unspecified,Unspecified SAP,English,,https://remotefirstjobs.com/companies/pavago/jobs/audit-assistant-848525,"Audit Assistant – Accounting, Audit Support & Compliance | Remote Position Type: Full-Time, Remote Working Hours: U.S. Client Business Hours, with flexibility during audit cycles and filing deadlines Location: Remote — LATAM, Pakistan, Philippines, South Africa preferred About the Role At Pavago, one of our clients is hiring an Audit Assistant to support internal and external audit engagements through accurate docume"
ea7e359017ac65c5,remotefirst,"Controller (FP&A, Financial Reporting & Accounting Leadership) - Remote",Pavago,South Africa,South Africa,True,Not disclosed,,,,,SAP mentioned,Technical / Development,Lead / Manager,Unspecified SAP,,,https://remotefirstjobs.com/companies/pavago/jobs/controller-fpa-financial-reporting-accounting-leadership-remote-854979,"Controller (FP&A, Financial Reporting & Accounting Leadership) – Remote Position Type: Full-Time, Remote Working Hours: U.S. Business Hours About the Role At Pavago, one of our clients is hiring an experienced and hands-on Controller to lead accounting operations, financial reporting, compliance, and financial close processes for a growing organization. This is a leadership role for someone who combines deep technica"
27aabf3bb6c5101c,remotefirst,Corporate Finance Manager,Pavago,United States,United States,True,Not disclosed,,,,,SAP mentioned,Data / Analytics,Lead / Manager,Unspecified SAP,,,https://remotefirstjobs.com/companies/pavago/jobs/corporate-finance-manager-806035,"Corporate Finance Manager (FP&A, Strategic Finance & Executive Reporting) Full-Time | Remote | U.S. Client Business Hours About the Role We’re hiring a strategic and analytical Corporate Finance Manager to lead financial planning, forecasting, budgeting, and high-impact financial analysis across the organization. This is a high-visibility role working directly with: Executive leadership Department heads Investors and"
73db9ca79dec24d7,remotefirst,Financial & Data Analyst,Pavago,Pakistan,Pakistan,True,Not disclosed,,,,,SAP mentioned,Data / Analytics,Mid / Unspecified,Unspecified SAP,,,https://remotefirstjobs.com/companies/pavago/jobs/financial-data-analyst-828542,"Job Title: Financial Analyst / Data Analyst Position Type: Full-Time, Remote Working Hours: U.S. client business hours (with flexibility for reporting deadlines, month-end cycles, and strategic projects) About the Role Our client is seeking a Financial Analyst / Data Analyst to build financial models, analyze operational and financial performance, and deliver data-driven insights that support strategic decision-makin"
18e6a676563035a9,remotefirst,Financial & Data Analyst,Pavago,United States,United States,True,Not disclosed,,,,,SAP module/technical requirement,Data / Analytics,Mid / Unspecified,FI / CO / FICO,,,https://remotefirstjobs.com/companies/pavago/jobs/financial-data-analyst-806025,"Financial Analyst / Data Analyst – Remote | SQL, Excel, BI Tools | U.S. Hours Position Type: Full-Time, Remote Working Hours: U.S. Client Business Hours About the Role We’re hiring a Financial Analyst / Data Analyst to turn complex data into clear, actionable insights that drive business decisions. This role sits at the intersection of finance, data, and strategy — you’ll build models, analyze performance, and create"
be0ac484ba8bb5c5,remotefirst,Financial & Data Analyst,Pavago,South Africa,South Africa,True,Not disclosed,,,,,SAP module/technical requirement,Data / Analytics,Mid / Unspecified,FI / CO / FICO,,,https://remotefirstjobs.com/companies/pavago/jobs/financial-data-analyst-804680,"💼 Financial Analyst / Data Analyst (FP&A, SQL, BI & Financial Modeling) Full-Time Remote | U.S. Business Hours 🚀 About the Role We’re hiring a highly analytical and data-driven Financial Analyst / Data Analyst to help transform financial and operational data into actionable business insights. This role is ideal for someone who enjoys: financial modeling, business intelligence, reporting, forecasting, and turning comp"
2284a70de1d3a006,remotefirst,Senior Accountant,Pavago,United States,United States,True,Not disclosed,,,,,SAP mentioned,Data / Analytics,Lead / Manager,Unspecified SAP,,,https://remotefirstjobs.com/companies/pavago/jobs/senior-accountant-806069,"Job Title: Senior Accountant Position Type: Full-Time, Remote Working Hours: Flexible, aligned with U.S. client business hours About Pavago Pavago is seeking a highly detail-oriented and analytical Senior Accountant to lead core accounting operations, ensure accurate financial reporting, and support strategic financial decision-making. This role goes beyond transactional accounting and bookkeeping. The Senior Account"
5a829939ec18fd61,remotefirst,"Manager, Statistical Programming",Penumbra,Worldwide / Not specified,Worldwide / Not specified,True,Disclosed,158000,227000,,,SAP mentioned,Data / Analytics,Lead / Manager,Unspecified SAP,,,https://remotefirstjobs.com/companies/penumbra-inc/jobs/manager-statistical-programming-835886,General Summary The Manager of Statistical Programming will manage a team of statistical programmers engaged in medical device clinical research activities. The Manager of Statistical Programming provides statistical programming support for multiple projects through own efforts and those of staff for assigned projects. The manager builds relationships and promotes collaboration across functions with internal colleagu
d83e1d121d6c2c40,remotefirst,Accounts Receivable Specialist,Placer.ai,United States,United States,True,Disclosed,60000,70000,,,SAP module/technical requirement,Data / Analytics,Senior,MM / Procurement,Ariba,,https://remotefirstjobs.com/companies/placerai/jobs/accounts-receivable-specialist-839927,"ABOUT PLACER.AI: Placer.ai is transforming how organizations understand the physical world. Our location analytics platform provides unprecedented visibility into locations, markets, and consumer behavior. Placer empowers thousands of customers—from Fortune 500 companies, to local governments and nonprofits— to make smarter, data-driven decisions. What sets us apart? We’ve built the most advanced location intelligenc"
35d9d54e40d08968,remotefirst,Clinical Data Manager,Precision Medicine Group,Argentina,Argentina; Brazil; Mexico,True,Not disclosed,,,,,SAP mentioned,Data / Analytics,Lead / Manager,Unspecified SAP,English,,https://remotefirstjobs.com/companies/precision-medicine-group/jobs/clinical-data-manager-846495,"We’re expanding across Mexico, Brazil, Argentina, Colombia, Chile , and Peru , and we’re looking for an experienced Clinical Data Manager to help build the foundation of our growing LATAM Data Management team, ensuring the delivery of high-quality clinical data that drives successful clinical trials and accelerates innovative therapies to patients. Position Summary: The Senior Clinical Data Manager/Principal Clinical"
0be643cf130a4aec,remotefirst,Senior Clinical Data Manager (Mexico),Precision Medicine Group,Mexico,Mexico,True,Not disclosed,,,,,SAP mentioned,Data / Analytics,Lead / Manager,Unspecified SAP,English,,https://remotefirstjobs.com/companies/precision-medicine-group/jobs/senior-clinical-data-manager-mexico-816672,"We’re expanding our capabilities across Mexico, Brazil, Argentina, Colombia, Chile, and Peru, and we’re hiring a Senior Clinical Data Manager to help build the foundation of our clinical data operations in Mexico. The Senior Clinical Data Manager is responsible and manages all aspects of the clinical trial data management process from study start up to post database lock for assigned projects. Standard Operating Proc"
34989d84dbcf8831,remotefirst,Material Planning Manager- Remote,Prime Matter Labs,Worldwide / Not specified,Worldwide / Not specified,True,Not disclosed,,,,,SAP mentioned,Data / Analytics,Lead / Manager,Unspecified SAP,,,https://remotefirstjobs.com/companies/prime-matter-labs/jobs/material-planning-manager-remote-849644,"Material Planning Manager Overview: We’re Prime Matter Labs, a personal care product manufacturer with over 35 years of experience formulating, compounding, and filling products for some of the most successful and respected brands in the world. We exist to bring better products to the world by empowering our customers to bring their ideas to life. We strive to be their most valuable partner, delivering a level of eff"
3cb9ba8ed3af4970,remotefirst,Sr. Financial Analyst- New York,Prime Matter Labs,Worldwide / Not specified,Worldwide / Not specified,True,Disclosed,75000,95000,,,SAP mentioned,Functional Consulting,Senior,Unspecified SAP,,,https://remotefirstjobs.com/companies/prime-matter-labs/jobs/sr-financial-analyst-new-york-849645,"Senior Financial Analyst Prime Matter Labs Remote / Hybrid (preferred, based in Long Island City, NY) Direct Hire WHO WE ARE: Prime Matter Labs is an established cosmetics and personal care manufacturer with over 40 years of experience formulating, compounding, and filling products for some of the most respected brands in the world. We exist to bring better products to the world by empowering our customers to bring t"
da9d7f06c61511fc,remotefirst,Cloud & Integration Engineer FedRAMP,ProSidian Consulting,United States,United States,True,Not disclosed,,,,,SAP module/technical requirement,Technical / Development,Mid / Unspecified,HCM / SuccessFactors,SuccessFactors,,https://remotefirstjobs.com/companies/prosidian-consulting/jobs/cloud-integration-engineer-fedramp-757416,Company Description ProSidian is a Management And Operations Consulting Services firm that focuses on providing value to clients through tailored solutions based on industry-leading practices. ProSidian provides enterprise services/solutions for Risk Management | Compliance | Business Process | IT Effectiveness | Engineering | Environmental | Sustainability | Human Capital. We help forward-thinking clients solve prob
731b876961dd391c,remotefirst,Data Architect,ProSidian Consulting,United States,United States,True,Not disclosed,,,,,SAP module/technical requirement,Architecture,Mid / Unspecified,HCM / SuccessFactors,SuccessFactors,,https://remotefirstjobs.com/companies/prosidian-consulting/jobs/data-architect-757450,Company Description ProSidian is a Management And Operations Consulting Services firm that focuses on providing value to clients through tailored solutions based on industry-leading practices. ProSidian provides enterprise services/solutions for Risk Management | Compliance | Business Process | IT Effectiveness | Engineering | Environmental | Sustainability | Human Capital. We help forward-thinking clients solve prob
4c2558ed51d5705c,remotefirst,E-Learning Developer,ProSidian Consulting,United States,United States,True,Not disclosed,,,,,SAP module/technical requirement,Technical / Development,Mid / Unspecified,HCM / SuccessFactors,SuccessFactors,,https://remotefirstjobs.com/companies/prosidian-consulting/jobs/elearning-developer-757408,Company Description ProSidian is a Management And Operations Consulting Services firm that focuses on providing value to clients through tailored solutions based on industry-leading practices. ProSidian provides enterprise services/solutions for Risk Management | Compliance | Business Process | IT Effectiveness | Engineering | Environmental | Sustainability | Human Capital. We help forward-thinking clients solve prob
3790d73d67ea0cf4,remotefirst,HR Tech Architect,ProSidian Consulting,United States,United States,True,Not disclosed,,,,,SAP module/technical requirement,Architecture,Mid / Unspecified,HCM / SuccessFactors,SuccessFactors,,https://remotefirstjobs.com/companies/prosidian-consulting/jobs/hr-tech-architect-757433,Company Description ProSidian is a Management And Operations Consulting Services firm that focuses on providing value to clients through tailored solutions based on industry-leading practices. ProSidian provides enterprise services/solutions for Risk Management | Compliance | Business Process | IT Effectiveness | Engineering | Environmental | Sustainability | Human Capital. We help forward-thinking clients solve prob
2534b83ab81996a3,remotefirst,LMS Functional Lead SME,ProSidian Consulting,United States,United States,True,Not disclosed,,,,,SAP module/technical requirement,Technical / Development,Lead / Manager,HCM / SuccessFactors,SuccessFactors,,https://remotefirstjobs.com/companies/prosidian-consulting/jobs/lms-functional-lead-sme-757413,Company Description ProSidian is a Management And Operations Consulting Services firm that focuses on providing value to clients through tailored solutions based on industry-leading practices. ProSidian provides enterprise services/solutions for Risk Management | Compliance | Business Process | IT Effectiveness | Engineering | Environmental | Sustainability | Human Capital. We help forward-thinking clients solve prob
0f5b98c9bf7950b5,remotefirst,LMS Specialist - LMS & Training Support,ProSidian Consulting,United States,United States,True,Not disclosed,,,,,SAP module/technical requirement,Technical / Development,Mid / Unspecified,HCM / SuccessFactors,SuccessFactors,,https://remotefirstjobs.com/companies/prosidian-consulting/jobs/lms-specialist-lms-training-support-757400,Company Description ProSidian is a Management And Operations Consulting Services firm that focuses on providing value to clients through tailored solutions based on industry-leading practices. ProSidian provides enterprise services/solutions for Risk Management | Compliance | Business Process | IT Effectiveness | Engineering | Environmental | Sustainability | Human Capital. We help forward-thinking clients solve prob
e11c6613f3d12ff1,remotefirst,LMS Specialist - LMS & Training Support,ProSidian Consulting,United States,United States,True,Not disclosed,,,,,SAP module/technical requirement,Technical / Development,Mid / Unspecified,HCM / SuccessFactors,SuccessFactors,,https://remotefirstjobs.com/companies/prosidian-consulting/jobs/lms-specialist-lms-training-support-756866,Company Description ProSidian is a Management And Operations Consulting Services firm that focuses on providing value to clients through tailored solutions based on industry-leading practices. ProSidian provides enterprise services/solutions for Risk Management | Compliance | Business Process | IT Effectiveness | Engineering | Environmental | Sustainability | Human Capital. We help forward-thinking clients solve prob
ba2cbd09b498962f,remotefirst,Program Manager,ProSidian Consulting,United States,United States,True,Not disclosed,,,,,SAP module/technical requirement,Project / Program,Lead / Manager,HCM / SuccessFactors,SuccessFactors,,https://remotefirstjobs.com/companies/prosidian-consulting/jobs/program-manager-757455,Company Description ProSidian is a Management And Operations Consulting Services firm that focuses on providing value to clients through tailored solutions based on industry-leading practices. ProSidian provides enterprise services/solutions for Risk Management | Compliance | Business Process | IT Effectiveness | Engineering | Environmental | Sustainability | Human Capital. We help forward-thinking clients solve prob
9076e10916d91892,remotefirst,Program Manager,ProSidian Consulting,United States,United States,True,Not disclosed,,,,,SAP module/technical requirement,Project / Program,Lead / Manager,HCM / SuccessFactors,SuccessFactors,,https://remotefirstjobs.com/companies/prosidian-consulting/jobs/program-manager-757424,Company Description ProSidian is a Management And Operations Consulting Services firm that focuses on providing value to clients through tailored solutions based on industry-leading practices. ProSidian provides enterprise services/solutions for Risk Management | Compliance | Business Process | IT Effectiveness | Engineering | Environmental | Sustainability | Human Capital. We help forward-thinking clients solve prob
ab2192d3f4855490,remotefirst,Program Manager Data Management & Business Intelligence,ProSidian Consulting,United States,United States,True,Not disclosed,,,,,SAP module/technical requirement,Project / Program,Lead / Manager,HCM / SuccessFactors,SuccessFactors,,https://remotefirstjobs.com/companies/prosidian-consulting/jobs/program-manager-data-management-business-intelligence-757476,Company Description ProSidian is a Management And Operations Consulting Services firm that focuses on providing value to clients through tailored solutions based on industry-leading practices. ProSidian provides enterprise services/solutions for Risk Management | Compliance | Business Process | IT Effectiveness | Engineering | Environmental | Sustainability | Human Capital. We help forward-thinking clients solve prob
687c8992196250c1,remotefirst,SAP SuccessFactors LMS Administrator,ProSidian Consulting,United States,United States,True,Not disclosed,,,,,Core SAP delivery role,Technical / Development,Mid / Unspecified,HCM / SuccessFactors,SuccessFactors,,https://remotefirstjobs.com/companies/prosidian-consulting/jobs/sap-successfactors-lms-administrator-757478,Company Description ProSidian is a Management And Operations Consulting Services firm that focuses on providing value to clients through tailored solutions based on industry-leading practices. ProSidian provides enterprise services/solutions for Risk Management | Compliance | Business Process | IT Effectiveness | Engineering | Environmental | Sustainability | Human Capital. We help forward-thinking clients solve prob
81eef5a06933f72e,remotefirst,ServiceNow SAP SuccessFactors Lead,ProSidian Consulting,United States,United States,True,Not disclosed,,,,,Core SAP delivery role,Technical / Development,Lead / Manager,HCM / SuccessFactors,SuccessFactors,,https://remotefirstjobs.com/companies/prosidian-consulting/jobs/servicenow-sap-successfactors-lead-757432,Company Description ProSidian is a Management And Operations Consulting Services firm that focuses on providing value to clients through tailored solutions based on industry-leading practices. ProSidian provides enterprise services/solutions for Risk Management | Compliance | Business Process | IT Effectiveness | Engineering | Environmental | Sustainability | Human Capital. We help forward-thinking clients solve prob
8f776bd0ae9b0167,remotefirst,Training & Adoption Specialist,ProSidian Consulting,United States,United States,True,Not disclosed,,,,,SAP module/technical requirement,Technical / Development,Mid / Unspecified,HCM / SuccessFactors,SuccessFactors,,https://remotefirstjobs.com/companies/prosidian-consulting/jobs/training-adoption-specialist-757458,Company Description ProSidian is a Management And Operations Consulting Services firm that focuses on providing value to clients through tailored solutions based on industry-leading practices. ProSidian provides enterprise services/solutions for Risk Management | Compliance | Business Process | IT Effectiveness | Engineering | Environmental | Sustainability | Human Capital. We help forward-thinking clients solve prob
bd50d665337e65c5,remotefirst,Senior Data Scientist (m/f/d),Project A,Germany,Germany,True,Not disclosed,,,,,SAP mentioned,Data / Analytics,Senior,Unspecified SAP,,,https://remotefirstjobs.com/companies/project-a/jobs/senior-data-scientist-mfd-827223,"About the Job As a key growth accelerator, A11 partners with Europe’s most ambitious startups and scaleups, corporates and SMBs to connect them with top-tier talent ready to make an impact. We’re looking for a Senior Data Scientist (m/f/d) in Credit & Risk Management to take ownership of the Smart Risk engine at the core of one of Europe’s leading B2B mobility and payment platforms. Our partner company serves custome"
53f3ec9ea1f55d74,remotefirst,Senior Product Owner - Corporate and Financial Systems,Protective Life,Worldwide / Not specified,Worldwide / Not specified,True,Disclosed,84000,120000,,,SAP mentioned,Project / Program,Senior,Unspecified SAP,Agile / Scrum,,https://remotefirstjobs.com/companies/protective-life/jobs/senior-product-owner-corporate-and-financial-systems-841762,"The work we do has an impact on millions of lives, and you can be a part of it. We help protect our customers against life’s uncertainties. Regardless of where you work within the company, you’ll be helping provide protection and peace of mind when our customers need it most. The IT Senior Product Owner serves as the primary liaison between IT and Corporate Functions, supporting delivery and prioritization for techno"
fdb5ef32e7b8eafa,remotefirst,Sr Engineer – SAP Developer,Protective Life,United States,United States,True,Disclosed,84000,128667,,,Core SAP delivery role,Technical / Development,Senior,S/4HANA; ABAP / Development; BTP / Integration; Fiori / UI5; HANA / Data,ABAP; S/4HANA; SAP HANA; SAP BTP; SAP Fiori; CPI / Integration Suite; CDS Views; Agile / Scrum,,https://remotefirstjobs.com/companies/protective-life/jobs/sr-engineer-sap-developer-846780,"The work we do has an impact on millions of lives, and you can be a part of it. We help protect our customers against life’s uncertainties. Regardless of where you work within the company, you’ll be helping provide protection and peace of mind when our customers need it most. Protective Life is seeking a highly skilled and experienced SAP ABAP Developer with a minimum of 5 years hands-on experience to join our Applic"
98f1a7b430505ea7,remotefirst,SOC Analyst,Protera,India,India,True,Not disclosed,,,,,SAP module/technical requirement,Basis / Security,Mid / Unspecified,Basis / Security,GRC / Security,,https://remotefirstjobs.com/companies/protera/jobs/soc-analyst-832042,"Job title: SOC Analyst Employment Type: Full-Time Work Location: Remote Shift: Rotational About the company: Protera is a Great Place To Work® Certified™ in India. Protera Technologies, is a global Total IT Outsourcing Services Provider for SAP-centric organizations. The Company was formed in the mid-90s to provide comprehensive end-to-end IT solutions for customers with SAP in the core of their IT resources. Protera"
de375b4d3317dfa3,remotefirst,Senior Consultant - SAP S/4 HANA - Logistics,Protera,India,India,True,Not disclosed,,,,,Core SAP delivery role,Technical / Development,Senior,S/4HANA; Fiori / UI5; HANA / Data; EWM / WM / Logistics,S/4HANA; SAP HANA; SAP Fiori,,https://remotefirstjobs.com/companies/protera/jobs/senior-consultant-sap-s4-hana-logistics-851827,"Position name: Senior Consultant - SAP S/4 HANA - Logistics Location: Remote Shift timing: Europe Shift About the company: Protera is a Great Place To Work® Certified™ in India. Protera Technologies, is a global Total IT Outsourcing Services Provider for SAP-centric organizations. The Company was formed in the mid-90s to provide comprehensive end-to-end IT solutions for customers with SAP in the core of their IT reso"
baebf438035c1994,remotefirst,Senior SAP Basis Architect,Protera,India,India,True,Not disclosed,,,,,Core SAP delivery role,Architecture,Senior,S/4HANA; BTP / Integration; Basis / Security; HANA / Data,S/4HANA; SAP HANA; SAP BTP; SAP BW / BI,,https://remotefirstjobs.com/companies/protera/jobs/senior-sap-basis-architect-822167,"Job Title: Senior SAP Basis Architect Shift Timing: Europe Shift Work Location: Mumbai/Remote About the company: Protera is a Great Place To Work® Certified™ in India. Protera Technologies, is a global Total IT Outsourcing Services Provider for SAP-centric organizations. The Company was formed in the mid-90s to provide comprehensive end-to-end IT solutions for customers with SAP in the core of their IT resources. Pro"
63d99c213997d1b4,remotefirst,Senior SAP Engineer - Core,Protera,United States,United States,True,Not disclosed,,,,,Core SAP delivery role,Basis / Security,Senior,S/4HANA; ABAP / Development; BTP / Integration; Fiori / UI5; Basis / Security,ABAP; S/4HANA; SAP BTP; SAP Fiori; SAPUI5 / UI5; CPI / Integration Suite; OData; CDS Views; RAP / CAP; GRC / Security,,https://remotefirstjobs.com/companies/protera/jobs/senior-sap-engineer-core-711627,"About Protera Welcome to Protera Technologies, where we’re reimagining how SAP-centric organizations work in the cloud. Since 1998, we’ve been pioneers in bringing SAP and related applications to the cloud—think Microsoft Azure and AWS. Our global crew, spanning the US with offices in Chicago (HQ), Athens, Greece, Barcelona, Spain and Mumbai, India, is on a mission to make IT smoother, faster, and more fun for our cl"
1fbe0df7a19e7c26,remotefirst,Assistant Product Manager,Public Group,Greece,Greece,True,Not disclosed,,,,,SAP mentioned,Support / Operations,Lead / Manager,Unspecified SAP,English,,https://remotefirstjobs.com/companies/public-group/jobs/assistant-product-manager-841305,"The organization Why Join Us? It’s More Than a Job in Retail, It’s Your Story. At Public Group, we believe in the power of our people in a sustainable way. That’s why we’re not just focused on what you do, but who you become. We’re committed to fueling your growth, because when you win, we all win. Imagine a place where you feel supported, valued, and empowered to make a real difference. A place where you can build a"
a7e2e9b8d7d578bf,remotefirst,Corporate Account Manager,Public Group,Greece,Greece,True,Not disclosed,,,,,SAP mentioned,Data / Analytics,Lead / Manager,Unspecified SAP,English,,https://remotefirstjobs.com/companies/public-group/jobs/corporate-account-manager-851285,"The Organization Why Join Us? It’s More Than a Job in Retail, It’s Your Story. At Public Group, we believe in the power of our people in a sustainable way. That’s why we’re not just focused on what you do, but who you become. We’re committed to fueling your growth, because when you win, we all win. Imagine a place where you feel supported, valued, and empowered to make a real difference. A place where you can build a"
0a39649cac2711d2,remotefirst,Junior Inventory Planner,Public Group,Greece,Greece,True,Not disclosed,,,,,SAP mentioned,Data / Analytics,Junior,Unspecified SAP,English,,https://remotefirstjobs.com/companies/public-group/jobs/junior-inventory-planner-838297,"The organization Why Join Us? It’s More Than a Job in Retail, It’s Your Story. At Public Group , we believe in the power of our people in a sustainable way. That’s why we’re not just focused on what you do, but who you become. We’re committed to fueling your growth, because when you win, we all win. Imagine a place where you feel supported, valued, and empowered to make a real difference. A place where you can build "
8835657dfb371e3e,remotefirst,Junior Product Manager,Public Group,Greece,Greece,True,Not disclosed,,,,,SAP mentioned,Support / Operations,Junior,Unspecified SAP,English,,https://remotefirstjobs.com/companies/public-group/jobs/junior-product-manager-826156,"The organization Why Join Us? It’s More Than a Job in Retail, It’s Your Story. At Public Group, we believe in the power of our people in a sustainable way. That’s why we’re not just focused on what you do, but who you become. We’re committed to fueling your growth, because when you win, we all win. Imagine a place where you feel supported, valued, and empowered to make a real difference. A place where you can build a"
d7fcdf4074400468,remotefirst,Logistics Admin,Public Group,Greece,Greece,True,Not disclosed,,,,,SAP module/technical requirement,Support / Operations,Mid / Unspecified,TM / GTS / Supply Chain,English,,https://remotefirstjobs.com/companies/public-group/jobs/logistics-admin-852775,"Why Join Us? It’s More Than a Job in Retail, It’s Your Story. At Public Group, we believe in the power of our people in a sustainable way. That’s why we’re not just focused on what you do, but who you become. We’re committed to fueling your growth, because when you win, we all win. Imagine a place where you feel supported, valued, and empowered to make a real difference. A place where you can build a career you love,"
047f01e5f4dea68a,remotefirst,Product Manager TV,Public Group,Greece,Greece,True,Not disclosed,,,,,SAP mentioned,Support / Operations,Lead / Manager,Unspecified SAP,English,,https://remotefirstjobs.com/companies/public-group/jobs/product-manager-tv-834181,"The organization Why Join Us? It’s More Than a Job in Retail, It’s Your Story. At Public Group, we believe in the power of our people in a sustainable way. That’s why we’re not just focused on what you do, but who you become. We’re committed to fueling your growth, because when you win, we all win. Imagine a place where you feel supported, valued, and empowered to make a real difference. A place where you can build a"
946b1c11e7769fcc,remotefirst,SAP ABAP Developer,Public Group,Greece,Greece,True,Not disclosed,,,,,Core SAP delivery role,Technical / Development,Mid / Unspecified,ABAP / Development; BTP / Integration,ABAP; PI/PO; English,,https://remotefirstjobs.com/companies/public-group/jobs/sap-abap-developer-803483,"Public Group strategically invests to create an ecosystem of innovative scaleups around its Omnichannel Retail business, with the objective to provide exciting customer experiences and foster Entrepreneurship in Greece. We bring together technology, talent & entrepreneurship to create value in the Greek market. Our role is to help our subsidiaries or investee companies grow and their founders to succeed through capit"
a945f8a353996223,remotefirst,SAP Consultant,Public Group,Greece,Greece,True,Not disclosed,,,,,Core SAP delivery role,Technical / Development,Mid / Unspecified,ABAP / Development; FI / CO / FICO,ABAP; FICO; English,,https://remotefirstjobs.com/companies/public-group/jobs/sap-consultant-744249,"Public Group strategically invests to create an ecosystem of innovative scaleups around its Omnichannel Retail business, with the objective to provide exciting customer experiences and foster Entrepreneurship in Greece. We bring together technology, talent & entrepreneurship to create value in the Greek market. Our role is to help our subsidiaries or investee companies grow and their founders to succeed through capit"
ddfee4231aa48aa5,remotefirst,Statistician PK,Quanticate,United Kingdom,United Kingdom,True,Not disclosed,,,,,SAP mentioned,Technical / Development,Mid / Unspecified,Unspecified SAP,,,https://remotefirstjobs.com/companies/quanticate/jobs/statistician-pk-697375,"Contract Pharmacokinetics Statistician – Phase I PK Analysis (Zero Hours Contractor) Location: Remote / Flexible Contract Type: Zero Hours Specialist Contractor (Time and Materials) Function: Statistics / Clinical Pharmacology About the Role We are seeking an experienced Pharmacokinetics (PK) Statistician to provide specialist statistical support for Phase I clinical studies on a flexible, zero-hours contract basis. "
d29e9d1a7a762e3b,remotefirst,Senior Integration Manager (ERP experience required) - US Based,ReSource Pro,Worldwide / Not specified,Worldwide / Not specified,True,Disclosed,96655,163676,,,SAP mentioned,Technical / Development,Lead / Manager,Unspecified SAP,,,https://remotefirstjobs.com/companies/resource-pro/jobs/senior-integration-manager-erp-experience-required-us-based-851115,"Do you thrive on turning complex acquisitions into seamless, well-orchestrated integrations? Are you detail-oriented enough to track every milestone, yet flexible enough to adapt when plans change? Come Join ReSource Pro!! Your Role… As a Senior M&A Integration Manager, you will serve as the acquisition integration partner focused on ERP integrations, Accounting & Finance, Tax, and Treasury to support, supporting the"
230286996c49923c,remotefirst,Senior Integration Manager (ERP experience required) - US Based Only,ReSource Pro,Worldwide / Not specified,Worldwide / Not specified,True,Disclosed,96655,163676,,,SAP mentioned,Technical / Development,Lead / Manager,Unspecified SAP,,,https://remotefirstjobs.com/companies/resource-pro/jobs/senior-integration-manager-erp-experience-required-us-based-only-851118,"Do you thrive on turning complex acquisitions into seamless, well-orchestrated integrations? Are you detail-oriented enough to track every milestone, yet flexible enough to adapt when plans change? Come Join ReSource Pro!! Your Role… As a Senior M&A Integration Manager, you will serve as the acquisition integration partner focused on ERP integrations, Accounting & Finance, Tax, and Treasury to support, supporting the"
2d1868e00ba0de48,remotefirst,Accountant,Remote,Romania,Romania,True,Mentioned in text,,,,,SAP mentioned,Data / Analytics,Mid / Unspecified,Unspecified SAP,English,,https://remotefirstjobs.com/companies/remote/jobs/accountant-845798,"About Remote Remote is solving modern organizations’ biggest challenge – navigating global employment compliantly with ease. We make it possible for businesses of all sizes to recruit, pay, and manage international teams. With our core values at heart and future focused work culture, our team works tirelessly on ambitious problems, asynchronously, around the world. You can find Remoters working from 6 different conti"
58f9e549e68348e9,remotefirst,Accountant,Remote,Hungary,Hungary,True,Not disclosed,,,,,SAP mentioned,Data / Analytics,Mid / Unspecified,Unspecified SAP,English,,https://remotefirstjobs.com/companies/remote/jobs/accountant-845770,"About Remote Remote is solving modern organizations’ biggest challenge – navigating global employment compliantly with ease. We make it possible for businesses of all sizes to recruit, pay, and manage international teams. With our core values at heart and future focused work culture, our team works tirelessly on ambitious problems, asynchronously, around the world. You can find Remoters working from 6 different conti"
9e40887159625391,remotefirst,Accountant,Remote,Poland,Poland,True,Mentioned in text,,,,,SAP mentioned,Data / Analytics,Mid / Unspecified,Unspecified SAP,English,,https://remotefirstjobs.com/companies/remote/jobs/accountant-845768,"About Remote Remote is solving modern organizations’ biggest challenge – navigating global employment compliantly with ease. We make it possible for businesses of all sizes to recruit, pay, and manage international teams. With our core values at heart and future focused work culture, our team works tirelessly on ambitious problems, asynchronously, around the world. You can find Remoters working from 6 different conti"
a2a89c90cfc55763,remotefirst,Accountant,Remote,Netherlands,Netherlands,True,Disclosed,52142,58653,,,SAP mentioned,Data / Analytics,Mid / Unspecified,Unspecified SAP,English,,https://remotefirstjobs.com/companies/remote/jobs/accountant-845757,"About Remote Remote is solving modern organizations’ biggest challenge – navigating global employment compliantly with ease. We make it possible for businesses of all sizes to recruit, pay, and manage international teams. With our core values at heart and future focused work culture, our team works tirelessly on ambitious problems, asynchronously, around the world. You can find Remoters working from 6 different conti"
36e3c7c2a238817e,remotefirst,Accountant,Remote,Bulgaria,Bulgaria,True,Mentioned in text,,,,,SAP mentioned,Data / Analytics,Mid / Unspecified,Unspecified SAP,English,,https://remotefirstjobs.com/companies/remote/jobs/accountant-845748,"About Remote Remote is solving modern organizations’ biggest challenge – navigating global employment compliantly with ease. We make it possible for businesses of all sizes to recruit, pay, and manage international teams. With our core values at heart and future focused work culture, our team works tirelessly on ambitious problems, asynchronously, around the world. You can find Remoters working from 6 different conti"
48120dad3f0222e4,remotefirst,Accountant,Remote,France,France,True,Disclosed,45574,51278,,,SAP mentioned,Data / Analytics,Mid / Unspecified,Unspecified SAP,English,,https://remotefirstjobs.com/companies/remote/jobs/accountant-845747,"About Remote Remote is solving modern organizations’ biggest challenge – navigating global employment compliantly with ease. We make it possible for businesses of all sizes to recruit, pay, and manage international teams. With our core values at heart and future focused work culture, our team works tirelessly on ambitious problems, asynchronously, around the world. You can find Remoters working from 6 different conti"
64bd186ee75eb2ae,remotefirst,Global Payroll Implementation Country Lead,Remote,Germany,Germany; Austria; Switzerland,True,Disclosed,83390,93777,,,SAP mentioned,Data / Analytics,Lead / Manager,Unspecified SAP,English,,https://remotefirstjobs.com/companies/remote/jobs/global-payroll-implementation-country-lead-800214,"About Remote Remote is solving modern organizations’ biggest challenge – navigating global employment compliantly with ease. We make it possible for businesses of all sizes to recruit, pay, and manage international teams. With our core values at heart and future focused work culture, our team works tirelessly on ambitious problems, asynchronously, around the world. You can find Remoters working from 6 different conti"
c0ff7e4039539543,remotefirst,Global Payroll Implementation Country Lead,Remote,Worldwide / Not specified,Worldwide / Not specified,True,Disclosed,83390,93777,,,SAP mentioned,Data / Analytics,Lead / Manager,Unspecified SAP,English,,https://remotefirstjobs.com/companies/remote/jobs/global-payroll-implementation-country-lead-800206,"About Remote Remote is solving modern organizations’ biggest challenge – navigating global employment compliantly with ease. We make it possible for businesses of all sizes to recruit, pay, and manage international teams. With our core values at heart and future focused work culture, our team works tirelessly on ambitious problems, asynchronously, around the world. You can find Remoters working from 6 different conti"
a3f69aa4798856b3,remotefirst,"Manager, Payroll Operations - APAC",Remote,Philippines,Philippines,True,Disclosed,46500,104650,,,SAP mentioned,Data / Analytics,Lead / Manager,Unspecified SAP,English,,https://remotefirstjobs.com/companies/remote/jobs/manager-payroll-operations-apac-855614,"About Remote Remote is solving modern organizations’ biggest challenge – navigating global employment compliantly with ease. We make it possible for businesses of all sizes to recruit, pay, and manage international teams. With our core values at heart and future focused work culture, our team works tirelessly on ambitious problems, asynchronously, around the world. You can find Remoters working from 6 different conti"
97f666afffcc2ee9,remotefirst,"Manager, Payroll Operations - APAC",Remote,New Zealand,New Zealand,True,Disclosed,46500,104650,,,SAP mentioned,Data / Analytics,Lead / Manager,Unspecified SAP,English,,https://remotefirstjobs.com/companies/remote/jobs/manager-payroll-operations-apac-855606,"About Remote Remote is solving modern organizations’ biggest challenge – navigating global employment compliantly with ease. We make it possible for businesses of all sizes to recruit, pay, and manage international teams. With our core values at heart and future focused work culture, our team works tirelessly on ambitious problems, asynchronously, around the world. You can find Remoters working from 6 different conti"
cacbad376cad6bcd,remotefirst,"Manager, Payroll Operations - APAC",Remote,Australia,Australia,True,Disclosed,46500,104650,,,SAP mentioned,Data / Analytics,Lead / Manager,Unspecified SAP,English,,https://remotefirstjobs.com/companies/remote/jobs/manager-payroll-operations-apac-855602,"About Remote Remote is solving modern organizations’ biggest challenge – navigating global employment compliantly with ease. We make it possible for businesses of all sizes to recruit, pay, and manage international teams. With our core values at heart and future focused work culture, our team works tirelessly on ambitious problems, asynchronously, around the world. You can find Remoters working from 6 different conti"
ea08e648a4ebe060,remotefirst,Payroll Specialist Lead - Canada,Remote,Worldwide / Not specified,Worldwide / Not specified,True,Disclosed,66550,112300,,,SAP mentioned,Data / Analytics,Lead / Manager,Unspecified SAP,English,,https://remotefirstjobs.com/companies/remote/jobs/payroll-specialist-lead-canada-854884,"About Remote Remote is solving modern organizations’ biggest challenge – navigating global employment compliantly with ease. We make it possible for businesses of all sizes to recruit, pay, and manage international teams. With our core values at heart and future focused work culture, our team works tirelessly on ambitious problems, asynchronously, around the world. You can find Remoters working from 6 different conti"
6a820b154920eb11,remotefirst,Payroll Specialist Lead - Japan,Remote,Japan,Japan,True,Disclosed,54305,61252,,,SAP mentioned,Data / Analytics,Lead / Manager,Unspecified SAP,English,,https://remotefirstjobs.com/companies/remote/jobs/payroll-specialist-lead-japan-845787,"About Remote Remote is solving modern organizations’ biggest challenge – navigating global employment compliantly with ease. We make it possible for businesses of all sizes to recruit, pay, and manage international teams. With our core values at heart and future focused work culture, our team works tirelessly on ambitious problems, asynchronously, around the world. You can find Remoters working from 6 different conti"
8a3f91ecb0af49a6,remotefirst,Payroll Specialist Lead - Japan,Remote,Japan,Japan,True,Disclosed,54305,61252,,,SAP mentioned,Data / Analytics,Lead / Manager,Unspecified SAP,English,,https://remotefirstjobs.com/companies/remote/jobs/payroll-specialist-lead-japan-845775,"About Remote Remote is solving modern organizations’ biggest challenge – navigating global employment compliantly with ease. We make it possible for businesses of all sizes to recruit, pay, and manage international teams. With our core values at heart and future focused work culture, our team works tirelessly on ambitious problems, asynchronously, around the world. You can find Remoters working from 6 different conti"
92f190c4de051448,remotefirst,Payroll Specialist Lead - Japan,Remote,Japan,Japan,True,Disclosed,53231,60040,,,SAP mentioned,Data / Analytics,Lead / Manager,Unspecified SAP,English,,https://remotefirstjobs.com/companies/remote/jobs/payroll-specialist-lead-japan-829212,"About Remote Remote is solving modern organizations’ biggest challenge – navigating global employment compliantly with ease. We make it possible for businesses of all sizes to recruit, pay, and manage international teams. With our core values at heart and future focused work culture, our team works tirelessly on ambitious problems, asynchronously, around the world. You can find Remoters working from 6 different conti"
c1456d29b5d71d75,remotefirst,Payroll Specialist Lead - Japan (Individual Contributor),Remote,Japan,Japan,True,Disclosed,53231,60040,,,SAP mentioned,Data / Analytics,Lead / Manager,Unspecified SAP,English,,https://remotefirstjobs.com/companies/remote/jobs/payroll-specialist-lead-japan-individual-contributor-829204,"About Remote Remote is solving modern organizations’ biggest challenge – navigating global employment compliantly with ease. We make it possible for businesses of all sizes to recruit, pay, and manage international teams. With our core values at heart and future focused work culture, our team works tirelessly on ambitious problems, asynchronously, around the world. You can find Remoters working from 6 different conti"
9dbea923957521e2,remotefirst,Senior Payroll Specialist - Japan,Remote,Japan,Japan,True,Disclosed,53722,60594,,,SAP mentioned,Data / Analytics,Senior,Unspecified SAP,English,,https://remotefirstjobs.com/companies/remote/jobs/senior-payroll-specialist-japan-855255,"About Remote Remote is solving modern organizations’ biggest challenge – navigating global employment compliantly with ease. We make it possible for businesses of all sizes to recruit, pay, and manage international teams. With our core values at heart and future focused work culture, our team works tirelessly on ambitious problems, asynchronously, around the world. You can find Remoters working from 6 different conti"
3bfbc5378b3ec8f5,remotefirst,Business Development Manager,Rittal LLC,Worldwide / Not specified,Worldwide / Not specified,True,Not disclosed,,,,,SAP mentioned,Data / Analytics,Lead / Manager,Unspecified SAP,Agile / Scrum,,https://remotefirstjobs.com/companies/rittal-north-america-llc/jobs/business-development-manager-848370,"Business Development Manager – Rittal Automation Systems (Busbar Processing) Rittal LLC is a leading global provider of solutions for industrial enclosures, power distribution, climate control, and IT infrastructure, as well as software and services. The company is a member of the Friedhelm Loh Group, a successful international player with 18 production plants, 80 subsidiaries, and 12,000 employees. Rittal LLC has bu"
17fee0ce6dc3f1c0,remotefirst,Product Manager – IT Cooling Systems,Rittal LLC,Worldwide / Not specified,Worldwide / Not specified,True,Disclosed,115000,130000,,,SAP mentioned,Data / Analytics,Lead / Manager,Unspecified SAP,,,https://remotefirstjobs.com/companies/rittal-north-america-llc/jobs/product-manager-it-cooling-systems-848420,"Rittal LLC has built a strong tradition of innovation and takes pride in a progressive approach to engineering. We design and manufacture the world’s leading industrial and IT enclosures, racks, and accessories, including high efficiency, high-density power management, and climate control systems for industrial, data center, outdoor and hybrid applications. As the Product Manager – IT Cooling Systems, you will perfor"
c0707cb3c3ff8243,remotefirst,Assistant Controller,Rover.com,United States,United States,True,Disclosed,140761,179228,,,SAP module/technical requirement,Technical / Development,Mid / Unspecified,ABAP / Development,RAP / CAP,,https://remotefirstjobs.com/companies/rovercom/jobs/assistant-controller-817482,"Who We Are: At Rover, pets and their people are at the heart of everything we do. We connect pet parents with trusted pet care across the U.S., Canada, Europe, and Australia. Headquartered in Seattle and Barcelona, we’re a values driven, fast-growing tech company focused on building safe and personalized experiences tailored to the needs of each unique pet. We’re investing in AI as a business accelerator and provide "
57334b88da240454,remotefirst,AI Engineer,SAP Fioneer,India,India,True,Not disclosed,,,,,SAP module/technical requirement,Technical / Development,Lead / Manager,ABAP / Development,ABAP,,https://remotefirstjobs.com/companies/sap-fioneer/jobs/ai-engineer-827178,"About SAP Fioneer At SAP Fioneer, innovation drives everything we do. Spun out from SAP, we combine agility, cutting-edge delivery, and financial services expertise to build the next generation of banking and Insurance software. Our mission: Enable insurers to achieve speed, scalability, and cost-efficiency through digital innovation, cloud-native technology, and solutions that cover core banking processes end-to-end"
5c25c306ee39ecef,remotefirst,Global Principal Cash & Liquidity Solutions,SAP Fioneer,Germany,Germany,True,Not disclosed,,,,,SAP mentioned,Functional Consulting,Lead / Manager,Unspecified SAP,,,https://remotefirstjobs.com/companies/sap-fioneer/jobs/global-principal-cash-liquidity-solutions-701588,"SAP Fioneer delivers mission-critical software solutions for banks worldwide. From core banking to payments and transaction banking, we combine deep financial services expertise with scalable, future-ready technology. As part of our continued growth in Transaction Banking, we are strengthening our global Cash & Liquidity capability across our Banking Platforms portfolio. Your Mission As Global Principal – Cash & Liqu"
fdaba4e5c705b94f,remotefirst,Graduates Lending Solutions,SAP Fioneer,Germany,Germany,True,Not disclosed,,,,,SAP mentioned,Other SAP-Related,Entry / Intern,Unspecified SAP,,,https://remotefirstjobs.com/companies/sap-fioneer/jobs/graduates-lending-solutions-736142,"Welcome future financial experts! At SAP Fioneer we believe in building the future of financial services. Join us on a transformative journey as a part of our Graduate Program L.I.F.T = Level up in Fioneer Technology! You will embark on a journey to kickstart your career within a global software company with a start-up mentality. Here, you’ll be tackling real tasks and contributing to impactful projects within our Le"
3021cc8bb67245ed,remotefirst,Java Full Stack Cloud Native Developer,SAP Fioneer,India,India,True,Not disclosed,,,,,SAP module/technical requirement,Technical / Development,Mid / Unspecified,BTP / Integration; Fiori / UI5,SAP BTP; SAPUI5 / UI5,,https://remotefirstjobs.com/companies/sap-fioneer/jobs/java-full-stack-cloud-native-developer-792870,"Be part of us Innovation is and will always be the core of SAP Fioneer. SAP Fioneer builds on a heritage of outstanding technology and a deep understanding of corporate and consumer demands. At the heart of it all it is simple: We bring financial services to the next level with innovative software solutions and platforms. We are empowering companies in the financial services industry to achieve speed, scalability, an"
ee432e630ef8dba5,remotefirst,Lending Solutions Expert,SAP Fioneer,Germany,Germany,True,Not disclosed,,,,,SAP module/technical requirement,Data / Analytics,Senior,FI / CO / FICO,English; German,,https://remotefirstjobs.com/companies/sap-fioneer/jobs/lending-solutions-expert-753913,"Innovation is and will always be the core of SAP Fioneer, and it is the promise of why we were spun out of SAP: agility, innovation, and delivery. SAP Fioneer builds on a heritage of outstanding technology and a deep understanding of corporate and consumer demands. At the heart of it all it is simple: We bring financial services to the next level with innovative software solutions and platforms. We are helping compan"
b2ee100d75d7286b,remotefirst,SAP SuccessFactors Consultant (Full-Time/Part-time Role),SAP Fioneer,Romania,Romania,True,Not disclosed,,,,,Core SAP delivery role,Data / Analytics,Mid / Unspecified,HCM / SuccessFactors,SuccessFactors; English,,https://remotefirstjobs.com/companies/sap-fioneer/jobs/sap-successfactors-consultant-fulltimeparttime-role-824092,"Innovation is and will always be the core to SAP Fioneer, and it is the promise of why we were spun out of SAP: agility, innovation, and delivery. SAP Fioneer builds on a heritage of outstanding technology and a deep understanding of corporate and consumer demands. At the heart of it all it is simple: We bring financial services to the next level with innovative software solutions and platforms. We are helping compan"
6adb6e6dd36a4bb7,remotefirst,Sales Lead Insurance,SAP Fioneer,Japan,Japan,True,Not disclosed,,,,,SAP mentioned,Functional Consulting,Lead / Manager,Unspecified SAP,,,https://remotefirstjobs.com/companies/sap-fioneer/jobs/sales-lead-insurance-674880,"Innovation is and will always be the core of SAP Fioneer, and it is the promise of why we were spun out of SAP: agility, innovation, and delivery. SAP Fioneer builds on a heritage of outstanding technology and a deep understanding of corporate and consumer demands. At the heart of it all it is simple: We bring financial services to the next level with innovative software solutions and platforms. We are helping compan"
146953c0fd6b3869,remotefirst,Senior Consultant Financial Services Transformation,SAP Fioneer,Germany,Germany,True,Not disclosed,,,,,SAP mentioned,Technical / Development,Senior,Unspecified SAP,German,,https://remotefirstjobs.com/companies/sap-fioneer/jobs/senior-consultant-financial-services-transformation-744272,"Overview Innovation has always been at the heart of what we do in the financial services world: delivering speed, results, and tangible impact for our clients. At the SAP Fioneer Group, we combine deep industry insight with technology and platform expertise to support banks in their digital transformation. okadis Consulting GmbH is the group’s consulting unit in Germany—with many years of expertise in banking process"
ad92d17ac4a0ce98,remotefirst,Senior Consultant Lending,SAP Fioneer,Germany,Germany,True,Not disclosed,,,,,SAP module/technical requirement,Functional Consulting,Senior,S/4HANA,S/4HANA; Agile / Scrum; English; German,,https://remotefirstjobs.com/companies/sap-fioneer/jobs/senior-consultant-lending-750820,"Innovation is and will always be the core of SAP Fioneer, and it is the promise of why we were spun out of SAP: agility, innovation, and delivery. SAP Fioneer builds on a heritage of outstanding technology and a deep understanding of corporate and consumer demands. At the heart of it all it is simple: We bring financial services to the next level with innovative software solutions and platforms. We are helping financ"
c3f8bbf2adc1b3ce,remotefirst,Senior Consultant SAP Banking,SAP Fioneer,Germany,Germany,True,Not disclosed,,,,,Core SAP delivery role,Technical / Development,Senior,S/4HANA; BTP / Integration,S/4HANA; SAP BTP; CPI / Integration Suite; OData; German,,https://remotefirstjobs.com/companies/sap-fioneer/jobs/senior-consultant-sap-banking-744278,"Overview Innovation has always been at the heart of what we do in the financial services world: delivering speed, results, and tangible impact for our clients. At the SAP Fioneer Group, we combine deep industry insight with technology and platform expertise to support banks in their digital transformation. okadis Consulting GmbH is the group’s consulting unit in Germany—with many years of expertise in banking process"
679e9bd7f5365234,remotefirst,Senior Manager Financial Services Transformation,SAP Fioneer,Germany,Germany,True,Not disclosed,,,,,SAP module/technical requirement,Technical / Development,Lead / Manager,FI / CO / FICO,English; German,,https://remotefirstjobs.com/companies/sap-fioneer/jobs/senior-manager-financial-services-transformation-744299,"Overview Innovation has always been at the heart of what we do in the financial services world: delivering speed, results, and tangible impact for our clients. At the SAP Fioneer Group, we combine deep industry insight with technology and platform expertise to support banks in their digital transformation. okadis Consulting GmbH is the group’s consulting unit in Germany—with many years of expertise in banking process"
4e19dc4a551e7a3e,remotefirst,Test Automation Engineer,SAP Fioneer,Romania,Romania,True,Not disclosed,,,,,SAP mentioned,Technical / Development,Mid / Unspecified,Unspecified SAP,Agile / Scrum; English; German,,https://remotefirstjobs.com/companies/sap-fioneer/jobs/test-automation-engineer-804272,"The Test Automation Engineer is responsible for designing, implementing, and maintaining manual and automated testing solutions that ensure the quality, reliability, and performance of software products in Core Banking. The role combines strong technical expertise with a quality‑driven mindset and supports the development teams in integrating automated tests early and continuously into the software development lifecy"
e2e66ccbcb51d464,remotefirst,Financial Reporting Manager,SB Energy,United States,United States,True,Disclosed,140000,165000,,,SAP mentioned,Data / Analytics,Lead / Manager,Unspecified SAP,,,https://remotefirstjobs.com/companies/sb-energy/jobs/financial-reporting-manager-797678,"Do you want to work with high caliber professionals in a dynamic and growing company? Are you entrepreneurial, hard-working, and collegial? Join us at SB Energy, a leading company backed by SoftBank and Ares pairing cutting-edge innovation with best-in-class execution. Our Mission is to provide reliable, affordable energy at scale to support America’s growing energy demands. Headquartered in Redwood City, CA, SB Ener"
479aa638eda1b777,remotefirst,Shopify Back-end Developer,SQLI,Belgium,Belgium,True,Not disclosed,,,,,SAP mentioned,Technical / Development,Mid / Unspecified,Unspecified SAP,,,https://remotefirstjobs.com/companies/sqli/jobs/shopify-backend-developer-853037,"Company Description We Elevate. Digitally. SQLI is a European player and market leader in customer experience and digital transformation, helping major international brands create value through technology and digital innovation. From strategy to the effective implementationof technological solutions, we design and build robust, high-performance architectures and engaging digital experiences, combining advanced techno"
c7aaaae4a832aa51,remotefirst,Senior Business Technology Product Manager- Supply Chain,Samsara,United States,United States,True,Disclosed,131197,198450,,,SAP mentioned,Technical / Development,Lead / Manager,Unspecified SAP,Agile / Scrum,,https://remotefirstjobs.com/companies/samsara/jobs/senior-business-technology-product-manager-supply-chain-830164,"Who we are Samsara (NYSE: IOT) is the pioneer of the Connected Operations™ Cloud, which is a platform that enables organizations that depend on physical operations to harness Internet of Things (IoT) data to develop actionable insights and improve their operations. At Samsara, we are helping improve the safety, efficiency and sustainability of the physical operations that power our global economy. Representing more t"
c3c9da1ed51b7ad7,remotefirst,Lead Architect IGA IAM Expert Services,Saviynt,United Kingdom,United Kingdom; Germany; Netherlands,True,Not disclosed,,,,,SAP mentioned,Architecture,Lead / Manager,Unspecified SAP,,,https://remotefirstjobs.com/companies/saviynt/jobs/lead-architect-iga-iam-expert-services-794383,"Saviynt’s AI-powered identity platform manages and governs human and non-human access to all of an organization’s applications, data, and business processes. Customers trust Saviynt to safeguard their digital assets, drive operational efficiency, and reduce compliance costs. Built for the AI age, Saviynt is today helping organizations safely accelerate their deployment and usage of AI. Saviynt is recognized as the le"
b5c847d9128ca9ff,remotefirst,Senior Technical Consultant IAM/IGA,Saviynt,United Kingdom,United Kingdom,True,Not disclosed,,,,,SAP mentioned,Technical / Development,Lead / Manager,Unspecified SAP,,,https://remotefirstjobs.com/companies/saviynt/jobs/senior-technical-consultant-iamiga-706183,"Saviynt’s AI-powered identity platform manages and governs human and non-human access to all of an organization’s applications, data, and business processes. Customers trust Saviynt to safeguard their digital assets, drive operational efficiency, and reduce compliance costs. Built for the AI age, Saviynt is today helping organizations safely accelerate their deployment and usage of AI. Saviynt is recognized as the le"
a25be3514665215e,remotefirst,Technical Account Manager,Saviynt,Netherlands,Netherlands; Germany,True,Disclosed,99437,128683,,,SAP mentioned,Technical / Development,Lead / Manager,Unspecified SAP,,,https://remotefirstjobs.com/companies/saviynt/jobs/technical-account-manager-774553,"Saviynt’s AI-powered identity platform manages and governs human and non-human access to all of an organization’s applications, data, and business processes. Customers trust Saviynt to safeguard their digital assets, drive operational efficiency, and reduce compliance costs. Built for the AI age, Saviynt is today helping organizations safely accelerate their deployment and usage of AI. Saviynt is recognized as the le"
fecdb74b293e7d62,remotefirst,"Analyst, Clearing Area",Scout Motors Inc.,United States,United States,True,Disclosed,70000,85000,,,SAP mentioned,Data / Analytics,Mid / Unspecified,Unspecified SAP,,,https://remotefirstjobs.com/companies/scout-motors-inc/jobs/analyst-clearing-area-848680,"Here at Scout Motors, we’re carrying forward the heritage of one of the most iconic American vehicles in history. A vehicle dating back to 1960. One that forged the path for future generations of rugged SUVs and trucks and will do so once again. But Scout is more than just a brand, it’s a legacy steeped in a culture of exploration, caretaking, and hard work. The Scout brand is all about respect. Respect for the past "
c98f4fd120e48db9,remotefirst,"Manager, Pre-Series Logistics",Scout Motors Inc.,United States,United States,True,Disclosed,120000,145000,,,SAP mentioned,Functional Consulting,Lead / Manager,Unspecified SAP,,,https://remotefirstjobs.com/companies/scout-motors-inc/jobs/manager-preseries-logistics-844518,"Here at Scout Motors, we’re carrying forward the heritage of one of the most iconic American vehicles in history. A vehicle dating back to 1960. One that forged the path for future generations of rugged SUVs and trucks and will do so once again. But Scout is more than just a brand, it’s a legacy steeped in a culture of exploration, caretaking, and hard work. The Scout brand is all about respect. Respect for the past "
bb2806dee76b10b6,remotefirst,"Senior Specialist, Finance Systems & Transformation",Scout Motors Inc.,United States,United States,True,Disclosed,100000,125000,,,SAP module/technical requirement,Data / Analytics,Senior,S/4HANA; HANA / Data; FI / CO / FICO,S/4HANA; FICO; SAP Analytics Cloud,,https://remotefirstjobs.com/companies/scout-motors-inc/jobs/senior-specialist-finance-systems-transformation-838424,"Here at Scout Motors, we’re carrying forward the heritage of one of the most iconic American vehicles in history. A vehicle dating back to 1960. One that forged the path for future generations of rugged SUVs and trucks and will do so once again. But Scout is more than just a brand, it’s a legacy steeped in a culture of exploration, caretaking, and hard work. The Scout brand is all about respect. Respect for the past "
4328cd580c69e37e,remotefirst,"Specialist, HR Operations",Scout Motors Inc.,United States,United States,True,Disclosed,90000,112500,,,SAP module/technical requirement,Technical / Development,Mid / Unspecified,HCM / SuccessFactors,SuccessFactors,,https://remotefirstjobs.com/companies/scout-motors-inc/jobs/specialist-hr-operations-836749,"Here at Scout Motors, we’re carrying forward the heritage of one of the most iconic American vehicles in history. A vehicle dating back to 1960. One that forged the path for future generations of rugged SUVs and trucks and will do so once again. But Scout is more than just a brand, it’s a legacy steeped in a culture of exploration, caretaking, and hard work. The Scout brand is all about respect. Respect for the past "
94ad5e1ff66d483f,remotefirst,"Specialist, IT Systems & Projects",Scout Motors Inc.,United States,United States,True,Disclosed,95000,120000,,,SAP module/technical requirement,Data / Analytics,Mid / Unspecified,EWM / WM / Logistics,,,https://remotefirstjobs.com/companies/scout-motors-inc/jobs/specialist-it-systems-projects-839395,"Here at Scout Motors, we’re carrying forward the heritage of one of the most iconic American vehicles in history. A vehicle dating back to 1960. One that forged the path for future generations of rugged SUVs and trucks and will do so once again. But Scout is more than just a brand, it’s a legacy steeped in a culture of exploration, caretaking, and hard work. The Scout brand is all about respect. Respect for the past "
7f0f5c6eeac13742,remotefirst,"Specialist, Mechanical Engineer",Scout Motors Inc.,United States,United States,True,Disclosed,95000,120000,,,SAP module/technical requirement,Technical / Development,Mid / Unspecified,PM / Asset Management,,,https://remotefirstjobs.com/companies/scout-motors-inc/jobs/specialist-mechanical-engineer-850937,"Here at Scout Motors, we’re carrying forward the heritage of one of the most iconic American vehicles in history. A vehicle dating back to 1960. One that forged the path for future generations of rugged SUVs and trucks and will do so once again. But Scout is more than just a brand, it’s a legacy steeped in a culture of exploration, caretaking, and hard work. The Scout brand is all about respect. Respect for the past "
8bea47dc9adbb982,remotefirst,"Specialist, Process optimization & Data Management",Scout Motors Inc.,United States,United States,True,Disclosed,95000,120000,,,SAP module/technical requirement,Data / Analytics,Mid / Unspecified,MM / Procurement; PP / QM / Manufacturing; TM / GTS / Supply Chain,SAP MM,,https://remotefirstjobs.com/companies/scout-motors-inc/jobs/specialist-process-optimization-data-management-831077,"Here at Scout Motors, we’re carrying forward the heritage of one of the most iconic American vehicles in history. A vehicle dating back to 1960. One that forged the path for future generations of rugged SUVs and trucks and will do so once again. But Scout is more than just a brand, it’s a legacy steeped in a culture of exploration, caretaking, and hard work. The Scout brand is all about respect. Respect for the past "
e8bd8fdb1c914562,remotefirst,"Sr. Specialist, Finance Process Excellence",Scout Motors Inc.,United States,United States,True,Disclosed,100000,125000,,,SAP module/technical requirement,Functional Consulting,Senior,S/4HANA; FI / CO / FICO,S/4HANA,,https://remotefirstjobs.com/companies/scout-motors-inc/jobs/sr-specialist-finance-process-excellence-838422,"Here at Scout Motors, we’re carrying forward the heritage of one of the most iconic American vehicles in history. A vehicle dating back to 1960. One that forged the path for future generations of rugged SUVs and trucks and will do so once again. But Scout is more than just a brand, it’s a legacy steeped in a culture of exploration, caretaking, and hard work. The Scout brand is all about respect. Respect for the past "
c124ad582ac897bb,remotefirst,Senior Solution Sales Executive - Finance & Supply Chain Solutions,ServiceNow,United States,United States,True,Disclosed,113700,187600,,,SAP module/technical requirement,Data / Analytics,Senior,MM / Procurement,Ariba,,https://remotefirstjobs.com/companies/servicenow/jobs/senior-solution-sales-executive-finance-supply-chain-solutions-855660,"Company Description At ServiceNow, our technology makes the world work for everyone, and our people make it possible. We move fast because the world can’t wait, and we innovate in ways no one else can for our customers and communities. By joining ServiceNow, you are part of an ambitious team of change makers who have a restless curiosity and a drive for ingenuity. We know that your best work happens when you live you"
45a5cf34b3f20e83,remotefirst,Senior Solution Sales Executive - Finance & Supply Chain Solutions,ServiceNow,United States,United States,True,Not disclosed,,,,,SAP module/technical requirement,Data / Analytics,Senior,MM / Procurement,Ariba,,https://remotefirstjobs.com/companies/servicenow/jobs/senior-solution-sales-executive-finance-supply-chain-solutions-853605,"Company Description At ServiceNow, our technology makes the world work for everyone, and our people make it possible. We move fast because the world can’t wait, and we innovate in ways no one else can for our customers and communities. By joining ServiceNow, you are part of an ambitious team of change makers who have a restless curiosity and a drive for ingenuity. We know that your best work happens when you live you"
69044d749b6cb591,remotefirst,Senior Solution Sales Executive - Finance & Supply Chain Solutions,ServiceNow,United States,United States,True,Not disclosed,,,,,SAP module/technical requirement,Data / Analytics,Senior,MM / Procurement,Ariba,,https://remotefirstjobs.com/companies/servicenow/jobs/senior-solution-sales-executive-finance-supply-chain-solutions-853602,"Company Description At ServiceNow, our technology makes the world work for everyone, and our people make it possible. We move fast because the world can’t wait, and we innovate in ways no one else can for our customers and communities. By joining ServiceNow, you are part of an ambitious team of change makers who have a restless curiosity and a drive for ingenuity. We know that your best work happens when you live you"
ad34c372178da6f7,remotefirst,Senior Solution Sales Executive - Finance & Supply Chain Solutions,ServiceNow,United States,United States,True,Not disclosed,,,,,SAP module/technical requirement,Data / Analytics,Senior,MM / Procurement,Ariba,,https://remotefirstjobs.com/companies/servicenow/jobs/senior-solution-sales-executive-finance-supply-chain-solutions-844809,"Company Description At ServiceNow, our technology makes the world work for everyone, and our people make it possible. We move fast because the world can’t wait, and we innovate in ways no one else can for our customers and communities. By joining ServiceNow, you are part of an ambitious team of change makers who have a restless curiosity and a drive for ingenuity. We know that your best work happens when you live you"
02306dfe486786e8,remotefirst,Senior Information Security Engineer,SmartRecruiters,Poland,Poland,True,Not disclosed,,,,,SAP module/technical requirement,Basis / Security,Senior,Basis / Security,GRC / Security; English,,https://remotefirstjobs.com/companies/smartrecruiters/jobs/senior-information-security-engineer-852422,"Company Description SmartRecruiters is the Recruiting AI Company that transforms hiring for the world’s leading enterprises. Built for global scale, SmartRecruiters, an SAP company, delivers an AI-powered hiring platform that automates and optimizes the entire talent acquisition process, ensuring faster and smarter hiring decisions. More than 4,000 companies, including Amazon, Visa, and McDonald’s, rely on SmartRecru"
ce3bfe8ce51ff950,remotefirst,Senior Lead Product Operations Manager,SmartRecruiters,Poland,Poland,True,Not disclosed,,,,,SAP mentioned,Data / Analytics,Lead / Manager,Unspecified SAP,,,https://remotefirstjobs.com/companies/smartrecruiters/jobs/senior-lead-product-operations-manager-675102,"Company Description SmartRecruiters is the Recruiting AI Company that transforms hiring for the world’s leading enterprises. Built for global scale, SmartRecruiters, an SAP company, delivers an AI-powered hiring platform that automates and optimizes the entire talent acquisition process, ensuring faster and smarter hiring decisions. More than 4,000 companies, including Amazon, Visa, and McDonald’s, rely on SmartRecru"
aaa6f21ae90def61,remotefirst,Senior Lead Product Operations Manager,SmartRecruiters,United Kingdom,United Kingdom,True,Not disclosed,,,,,SAP mentioned,Data / Analytics,Lead / Manager,Unspecified SAP,,,https://remotefirstjobs.com/companies/smartrecruiters/jobs/senior-lead-product-operations-manager-671448,"Company Description SmartRecruiters is the Recruiting AI Company that transforms hiring for the world’s leading enterprises. Built for global scale, SmartRecruiters, an SAP company, delivers an AI-powered hiring platform that automates and optimizes the entire talent acquisition process, ensuring faster and smarter hiring decisions. More than 4,000 companies, including Amazon, Visa, and McDonald’s, rely on SmartRecru"
15a0d43e23e3e506,remotefirst,Senior Product Designer AI Experiences,SmartRecruiters,Poland,Poland,True,Not disclosed,,,,,SAP mentioned,Data / Analytics,Senior,Unspecified SAP,,,https://remotefirstjobs.com/companies/smartrecruiters/jobs/senior-product-designer-ai-experiences-670875,"Company Description SmartRecruiters is the Recruiting AI Company that transforms hiring for the world’s leading enterprises. Built for global scale, SmartRecruiters, an SAP company, delivers an AI-powered hiring platform that automates and optimizes the entire talent acquisition process, ensuring faster and smarter hiring decisions. More than 4,000 companies, including Amazon, Visa, and McDonald’s, rely on SmartRecru"
9b03d7632df6827e,remotefirst,Director of Systems Integrations,Sol de Janeiro,United States,United States,True,Disclosed,150000,180000,,,SAP module/technical requirement,Technical / Development,Lead / Manager,S/4HANA; BTP / Integration,S/4HANA; SAP BTP,,https://remotefirstjobs.com/companies/sol-de-janeiro/jobs/director-of-systems-integrations-669218,"Our Story Launched in 2015, Solde Janeiro is a globally recognized, award-winning beauty brand, drawing inspiration from Brazil’s beauty rituals, warmth, and spirit. Solde Janeirodelivers a sensory experience beloved by multi-generational consumers worldwide, with clinically proven results, transformative textures, and transportive fragrances. Headquartered in New York and launched as a digitally native brand, we hav"
a0caeb1d0462becb,remotefirst,"Manager, Accounts Payable",Sol de Janeiro,Worldwide / Not specified,Worldwide / Not specified,True,Disclosed,100000,125000,,,SAP module/technical requirement,Functional Consulting,Lead / Manager,S/4HANA; MM / Procurement,S/4HANA; Ariba; Concur,,https://remotefirstjobs.com/companies/sol-de-janeiro/jobs/manager-accounts-payable-839930,"Our Story Launched in 2015, Solde Janeiro is a globally recognized, award-winning beauty brand, drawing inspiration from Brazil’s beauty rituals, warmth, and spirit. Solde Janeirodelivers a sensory experience beloved by multi-generational consumers worldwide, with clinically proven results, transformative textures, and transportive fragrances. Headquartered in New York and launched as a digitally native brand, we hav"
2b2ade6c538c7c45,remotefirst,"Manager, Customer Supply Chain Collaboration – Amazon",Sol de Janeiro,Worldwide / Not specified,Worldwide / Not specified,True,Disclosed,90000,100000,,,SAP mentioned,Data / Analytics,Lead / Manager,Unspecified SAP,,,https://remotefirstjobs.com/companies/sol-de-janeiro/jobs/manager-customer-supply-chain-collaboration-amazon-853988,"Our Story Launched in 2015, Solde Janeiro is a globally recognized, award-winning beauty brand, drawing inspiration from Brazil’s beauty rituals, warmth, and spirit. Solde Janeirodelivers a sensory experience beloved by multi-generational consumers worldwide, with clinically proven results, transformative textures, and transportive fragrances. Headquartered in New York and launched as a digitally native brand, we hav"
d7a08e63526dc31c,remotefirst,Master Data Lead,Sol de Janeiro,Worldwide / Not specified,Worldwide / Not specified,True,Disclosed,100000,125000,,,SAP module/technical requirement,Data / Analytics,Lead / Manager,S/4HANA; MM / Procurement; TM / GTS / Supply Chain; MDG / Master Data,S/4HANA; MDG,,https://remotefirstjobs.com/companies/sol-de-janeiro/jobs/master-data-lead-850499,"Our Story Launched in 2015, Solde Janeiro is a globally recognized, award-winning beauty brand, drawing inspiration from Brazil’s beauty rituals, warmth, and spirit. Solde Janeirodelivers a sensory experience beloved by multi-generational consumers worldwide, with clinically proven results, transformative textures, and transportive fragrances. Headquartered in New York and launched as a digitally native brand, we hav"
7aea89a2826d1f5e,remotefirst,"Senior Manager, Customer Supply Chain Collaboration - Americas",Sol de Janeiro,Worldwide / Not specified,Worldwide / Not specified,True,Disclosed,110000,130000,,,SAP mentioned,Data / Analytics,Lead / Manager,Unspecified SAP,,,https://remotefirstjobs.com/companies/sol-de-janeiro/jobs/senior-manager-customer-supply-chain-collaboration-americas-830202,"Our Story Launched in 2015, Solde Janeiro is a globally recognized, award-winning beauty brand, drawing inspiration from Brazil’s beauty rituals, warmth, and spirit. Solde Janeirodelivers a sensory experience beloved by multi-generational consumers worldwide, with clinically proven results, transformative textures, and transportive fragrances. Headquartered in New York and launched as a digitally native brand, we hav"
43fe614bc12c045e,remotefirst,Cash Application Specialist with Spanish language - fully remote (fixed term),Sowelo Consulting sp. z o.o.,Poland,Poland,True,Disclosed,33716,33716,,,SAP module/technical requirement,Data / Analytics,Mid / Unspecified,S/4HANA,S/4HANA; Agile / Scrum; English,,https://remotefirstjobs.com/companies/sowelo-consulting-sp-z-oo-sp-k/jobs/cash-application-specialist-with-spanish-language-fully-remote-fixed-term-849269,"Would you like to work on a project where technology plays a key role in delivering the right solutions? Would you like to join a company which will provide a good platform to help you grow your career? So please, take a few minutes and read about your potential new job. Our client is a fast-growing, agile international consulting firm headquartered in the United Kingdom. They’ve been focusing on optimizing processes"
6c03902dd543e998,remotefirst,Anaplan Manager,Spaulding Ridge,Worldwide / Not specified,Worldwide / Not specified,True,Not disclosed,,,,,SAP mentioned,Technical / Development,Lead / Manager,Unspecified SAP,Agile / Scrum,,https://remotefirstjobs.com/companies/spaulding-ridge/jobs/anaplan-manager-837375,"Spaulding Ridge is an advisory and IT implementation firm. We help global organizations get financial clarity into the complex, daily sales, and operational decisions that impact profitable revenue generations, efficient operational performance, and reliable financial management. At Spaulding Ridge, we believe all business is personal. Core to our values is our relationships with our clients, our business partners, o"
4ad3d7a4bc8dae68,remotefirst,Anaplan Manager,Spaulding Ridge,Philippines,Philippines,True,Not disclosed,,,,,SAP mentioned,Technical / Development,Lead / Manager,Unspecified SAP,Agile / Scrum,,https://remotefirstjobs.com/companies/spaulding-ridge/jobs/anaplan-manager-728942,"Spaulding Ridge is an advisory and IT implementation firm. We help global organizations get financial clarity into the complex, daily sales, and operational decisions that impact profitable revenue generations, efficient operational performance, and reliable financial management. At Spaulding Ridge, we believe all business is personal. Core to our values is our relationships with our clients, our business partners, o"
bd86425da06b7306,remotefirst,Senior Manager Anaplan,Spaulding Ridge,India,India,True,Not disclosed,,,,,SAP mentioned,Technical / Development,Lead / Manager,Unspecified SAP,Agile / Scrum,,https://remotefirstjobs.com/companies/spaulding-ridge/jobs/senior-manager-anaplan-661570,"Spaulding Ridge is an advisory and IT implementation firm. We help global organizations get financial clarity into the complex, daily sales, and operational decisions that impact profitable revenue generations, efficient operational performance, and reliable financial management. At Spaulding Ridge, we believe all business is personal. Core to our values is our relationships with our clients, our business partners, o"
a18c833bdacba88b,remotefirst,Senior Product Manager Financial Engineering Tax Solutions,Spotify,United Kingdom,United Kingdom; Sweden,True,Not disclosed,,,,,SAP mentioned,Data / Analytics,Lead / Manager,Unspecified SAP,,,https://remotefirstjobs.com/companies/spotify/jobs/senior-product-manager-financial-engineering-tax-solutions-804529,"The Platform team creates the technology that enables Spotify to learn quickly and scale easily, enabling rapid growth in our users and our business around the globe. Spanning many disciplines, we work to make the business work; creating the infrastructure, tooling, frameworks, and capabilities needed to welcome a billion customers. At Spotify, our Financial Engineering teams build and scale the internal systems that"
a80211cfc71f1062,remotefirst,Systems Manager Financial Systems Functional Analysis,Spotify,Canada,Canada,True,Disclosed,79602,113718,,,SAP mentioned,Data / Analytics,Lead / Manager,Unspecified SAP,Agile / Scrum,,https://remotefirstjobs.com/companies/spotify/jobs/systems-manager-financial-systems-functional-analysis-801727,"The Platform team creates the technology that enables Spotify to learn quickly and scale easily, enabling rapid growth in our users and our business around the globe. Spanning many disciplines, we work to make the business work; creating the infrastructure, tooling, frameworks, and capabilities needed to welcome a billion customers. Want to be part of a billion-dollar business running some of the biggest SaaS install"
63496471c82e3f72,remotefirst,Integration Solutions Consultant | Remote (UK),Spotted Zebra,United Kingdom,United Kingdom,True,Not disclosed,,,,,SAP module/technical requirement,Technical / Development,Mid / Unspecified,HCM / SuccessFactors,SuccessFactors,,https://remotefirstjobs.com/companies/spotted-zebra/jobs/integration-solutions-consultant-remote-uk-820694,"About Spotted Zebra At Spotted Zebra, we’re building something we genuinely believe in: an AI-native end-to-end hiring platform that helps the world’s leading organisations find the right people, faster and fairer than ever before. In short, we’re making hiring something everyone loves again - both talent teams and candidates alike. We’re a multi-award-winning Series A company giving talent leaders the solution they’"
41a7527ec7f723b3,remotefirst,Assistant Manager Tax,Sprinto,India,India,True,Not disclosed,,,,,SAP module/technical requirement,Basis / Security,Lead / Manager,Basis / Security,GRC / Security,,https://remotefirstjobs.com/companies/sprinto/jobs/assistant-manager-tax-804899,"Sprinto is an AI-native GRC platform that helps organisations manage risks, audits, vendor oversight, and continuous monitoring from a single connected platform. With a team of 350+ employees serving 3,000+ customers across 75+ countries, Sprinto combines scale with expertise to deliver trust and compliance. Backed by top-tier investors such as Accel, Elevation, and Blume Ventures, we have raised $31.8M in funding to"
e250db229462cf97,remotefirst,"Director, Strategic Partnerships & Ecosystem",Syndio,United States,United States,True,Disclosed,180000,210000,,,SAP module/technical requirement,Data / Analytics,Lead / Manager,HCM / SuccessFactors,SuccessFactors,,https://remotefirstjobs.com/companies/syndio/jobs/director-strategic-partnerships-ecosystem-835764,"Do you want to empower organizations to build smarter compensation strategies while ensuring fair pay for all employees? Syndio is the leading pay governance and compensation intelligence platform. We help organizations make better pay decisions at every stage of the compensation lifecycle, from leveling and offers to promotions and merit. Our platform gives HR, compensation, and finance leaders the data and decision"
4fe65cddc9c6f17e,remotefirst,Strategic Partner Marketing Manager,Syndio,United States,United States,True,Disclosed,146000,172000,,,SAP mentioned,Data / Analytics,Lead / Manager,Unspecified SAP,,,https://remotefirstjobs.com/companies/syndio/jobs/strategic-partner-marketing-manager-833829,"Do you want to empower organizations to build smarter compensation strategies while ensuring fair pay for all employees? Syndio is the leading pay governance and compensation intelligence platform. We help organizations make better pay decisions at every stage of the compensation lifecycle, from leveling and offers to promotions and merit. Our platform gives HR, compensation, and finance leaders the data and decision"
16a22b4453bda17e,remotefirst,Data Science AI/ML Lead | Fulltime | Bangalore/Remote,"TWO95 International, Inc",India,India,True,Disclosed,42014,52518,,,SAP mentioned,Technical / Development,Lead / Manager,Unspecified SAP,,,https://remotefirstjobs.com/companies/two95-international-inc/jobs/data-science-aiml-lead-fulltime-bangaloreremote-822820,"Title: Data Science AI/ML Lead Location: Bangalore/remote Type: Full-time Salary: 40-50LPA Notice Period: Candidates who can join within 30 days preferred What You’ll Do ✅ Lead the architecture, development, and deployment of enterprise-scale AI/ML solutions ✅ Build AI Agents, intelligent automation workflows, and LLM integrations ✅ Drive MLOps, CI/CD, and ML infrastructure best practices ✅ Design and optimize scalab"
91951019294ba247,remotefirst,Database Administrator - SAP HANA / SAP Basis,"TWO95 International, Inc",United States,United States,True,Not disclosed,,,,,Core SAP delivery role,Basis / Security,Senior,S/4HANA; ABAP / Development; BTP / Integration; Basis / Security; HANA / Data; HCM / SuccessFactors,ABAP; S/4HANA; SAP HANA; SAP BTP; SAP Analytics Cloud; GRC / Security,,https://remotefirstjobs.com/companies/two95-international-inc/jobs/database-administrator-sap-hana-sap-basis-847754,"Title: Database Administrator - SAP HANA / SAP Basis Location: Remote Work Type: 1+ Year Contract Rate: $Open /hr. Job Description: · Prefer 10+ years of experience supporting SAP HANA, SAP S/4HANA, SAP Basis, and cloud-connected SAP applications in enterprise environments. · Provide operational support for highly available SAP S/4HANA and SAP HANA landscapes, including system administration, monitoring, maintenance,"
2c9b58ee96fab902,remotefirst,Sr. SAP Basis Administrator - DOD /Top secret Clearance,"TWO95 International, Inc",United States,United States,True,Not disclosed,,,,,Core SAP delivery role,Basis / Security,Senior,Basis / Security; HANA / Data,SAP HANA,,https://remotefirstjobs.com/companies/two95-international-inc/jobs/sr-sap-basis-administrator-dod-top-secret-clearance-841273,"Job Title: Sr. SAP Basis Administrator Location: Remote Work Type: Long Term Contract Rate: $Open /hr. Position Overview We are seeking an experienced Senior SAP Basis Administrator to support a secure, enterprise-level SAP landscape. The ideal candidate will have extensive experience administering SAP environments, working in highly regulated environments, and supporting mission-critical systems. Key Responsibilitie"
1a3f18ff0ce67f7a,remotefirst,Scrum Master,Tailor,Japan,Japan,True,Not disclosed,,,,,SAP mentioned,Project / Program,Mid / Unspecified,Unspecified SAP,Agile / Scrum,,https://remotefirstjobs.com/companies/tailor/jobs/scrum-master-616185,"あらゆるアイデアをデプロイする プロダクトづくりの難しい部分を簡単にし、誰もがプロダクトの作り手になれる。これがテイラーが実現したい世界です。誰しもが自分のアイディアを簡単に具現化でき、ビジネスとエンジニアリングの境界を取り払い、多様な専門知識と技術を統合できる世界を目指しています。 “プロダクトづくりを民主化する”このミッションに共感してくださる方をお待ちしています。 Tailor Platformとは わたしたちは、業務システムを高速に構築できるプラットフォーム「Tailor Platform」を提供することで、より多くの人がプロダクトの作り手になることを支援しています。 Tailor Platformを一行でいうと”Headless ERP for Enterprises”、エンタープライズ企業（当社では3,000人以上の大企業と定義しています）で使われる基幹システムをHeadless形式で提供するプロダクトです。 いわゆ"
557af872b7bd4b68,remotefirst,Senior Data Engineer,Talan,Spain,Spain,True,Not disclosed,,,,,SAP mentioned,Technical / Development,Senior,Unspecified SAP,Agile / Scrum,,https://remotefirstjobs.com/companies/talan/jobs/senior-data-engineer-840076,"Company Description Talan – Positive Innovation Talan is an international consulting group specializing in innovation and business transformation through technology. With over 7,200 consultants in 21 countries and a turnover of €850M, we are committed to delivering impactful, future-ready solutions. Talan at a Glance Headquartered in Paris and operating globally, Talan combines technology, innovation, and empowerment"
b33d5d88a5c627b2,remotefirst,Senior Data Tester,Talan,Spain,Spain,True,Not disclosed,,,,,SAP mentioned,Technical / Development,Senior,Unspecified SAP,Agile / Scrum,,https://remotefirstjobs.com/companies/talan/jobs/senior-data-tester-840077,"Company Description Talan – Positive Innovation Talan is an international consulting group specializing in innovation and business transformation through technology. With over 7,200 consultants in 21 countries and a turnover of €850M, we are committed to delivering impactful, future-ready solutions. Talan at a Glance Headquartered in Paris and operating globally, Talan combines technology, innovation, and empowerment"
d56ed83b46d52cbc,remotefirst,Lead Federal Auditor,Tanium,United States,United States,True,Disclosed,100000,155000,,,SAP module/technical requirement,Basis / Security,Lead / Manager,ABAP / Development; Basis / Security,RAP / CAP; GRC / Security,,https://remotefirstjobs.com/companies/tanium/jobs/lead-federal-auditor-847952,"Lead Federal Auditor The Basics The ideal candidate has solid, hands-on experience with FedRAMP compliance processes and federal risk management frameworks, including exposure to FedRAMP High and DoD Impact Level (IL4/IL5) environments. This role supports the organization’s cloud authorization activities by contributing to authorization package development, continuous monitoring, and control implementation efforts. W"
d14b398c90a70338,remotefirst,"CMC Program Lead, Commercial Radiochemistry",Telix Pharmaceuticals Limited,United States,United States,True,Not disclosed,,,,,SAP mentioned,Functional Consulting,Lead / Manager,Unspecified SAP,,,https://remotefirstjobs.com/companies/telxius/jobs/cmc-program-lead-commercial-radiochemistry-851224,"Telix Pharmaceuticals is a dynamic, fast-growing radiopharmaceutical company with offices in Australia (HQ), Belgium, Japan, Switzerland, and the United States. Our mission is to deliver on the promise of precision medicine through targeted radiation. At our core, we exist to create products that seek to improve the quality of life for people living with cancer and rare diseases. You will be supporting the internatio"
68ae1e12c105c8b8,remotefirst,"CMC Program Lead, Commercial Radiochemistry",Telix Pharmaceuticals Limited,Canada,Canada,True,Not disclosed,,,,,SAP mentioned,Functional Consulting,Lead / Manager,Unspecified SAP,,,https://remotefirstjobs.com/companies/telxius/jobs/cmc-program-lead-commercial-radiochemistry-851216,"Telix Pharmaceuticals is a dynamic, fast-growing radiopharmaceutical company with offices in Australia (HQ), Belgium, Japan, Switzerland, and the United States. Our mission is to deliver on the promise of precision medicine through targeted radiation. At our core, we exist to create products that seek to improve the quality of life for people living with cancer and rare diseases. You will be supporting the internatio"
ddb61c03bd4573b4,remotefirst,"Manager, Accounts Payable",TerrAscend New Jersey,Worldwide / Not specified,Worldwide / Not specified,True,Disclosed,95000,115000,,,SAP mentioned,Data / Analytics,Lead / Manager,Unspecified SAP,Concur,,https://remotefirstjobs.com/companies/terrascend/jobs/manager-accounts-payable-854383,"At TerrAscend, we don’t just grow cannabis — we grow possibility. Whether it’s cultivating top-tier flower, supporting patients with trusted therapies, or crafting premium products for adult use, we’re here to elevate lives. As a trailblazer in the cannabis industry, our roots run deep and our sights are set high. If you’re ready to shape the future of cannabis with a team that believes in quality, care, and communit"
bca0af500b444356,remotefirst,"Security Controls Assessor / OSCAL (Part Time, Remote)","TestPros, Inc.",Worldwide / Not specified,Worldwide / Not specified,True,Disclosed,104000,176800,,,SAP mentioned,Support / Operations,Senior,Unspecified SAP,,,https://remotefirstjobs.com/companies/testpros-inc/jobs/security-controls-assessor-oscal-part-time-remote-846960,"TestPros delivers innovative independent IT assessment solutions to critical challenges facing the nation and the world. We support the U.S. Federal Government and Commercial clients within the continental USA. TestPros is dedicated to making lives better, safer and more secure. Start: Future projects late 2026 or 2027 (not an immediate job opening) Type: Part-time consulting Overview The ideal candidate will have st"
382e639e29a8fb48,remotefirst,Procurement Associate,Tower Research Capital,Singapore,Singapore,True,Not disclosed,,,,,SAP module/technical requirement,Data / Analytics,Junior,MM / Procurement,Ariba,,https://remotefirstjobs.com/companies/tower-research-capital/jobs/procurement-associate-827158,Tower Research Capital is a leading quantitative trading firm founded in 1998. Tower has built its business on a high-performance platform and independent trading teams. We have a 25+ year track record of innovation and a reputation for discovering unique market opportunities. Tower is home to some of the world’s best systematic trading and engineering talent. We empower portfolio managers to build their teams and st
f419cd7c56b339e0,remotefirst,Marketing Services Procurement Professionals,Trendyol Group,Turkey,Turkey,True,Not disclosed,,,,,SAP module/technical requirement,Data / Analytics,Lead / Manager,MM / Procurement,Ariba; English,,https://remotefirstjobs.com/companies/trendyol-group/jobs/marketing-services-procurement-professionals-852501,"About the Team At Trendyol Finance, we drive financial clarity, sustainability, and smart decision-making at every level of the business. As a strategic partner to commercial teams, we bridge data with action—ensuring efficiency, compliance, and long-term value creation. From budgeting to forecasting, we turn numbers into insights that shape Trendyol’s growth journey in a fast-moving ecosystem. About the Role In this"
89c0c83badd1ed6b,remotefirst,SAP Business Analysis Professionals,Trendyol Group,Turkey,Turkey,True,Not disclosed,,,,,SAP-titled role,Basis / Security,Lead / Manager,S/4HANA; BTP / Integration; Fiori / UI5; Basis / Security; HANA / Data; FI / CO / FICO,S/4HANA; SAP HANA; SAP Fiori; SAPUI5 / UI5; OData; FICO; SAP Analytics Cloud; GRC / Security; Agile / Scrum,,https://remotefirstjobs.com/companies/trendyol-group/jobs/sap-business-analysis-professionals-761874,"About the Team At Trendyol Finance, we drive financial clarity, sustainability, and smart decision-making at every level of the business. As a strategic partner to commercial teams, we bridge data with action—ensuring efficiency, compliance, and long-term value creation. From budgeting to forecasting, we turn numbers into insights that shape Trendyol’s growth journey in a fast-moving ecosystem. About the Role As an S"
0548fdf1f73c1b14,remotefirst,SAP Consultant,Trimetis,Worldwide / Not specified,Worldwide / Not specified,True,Not disclosed,,,,,Core SAP delivery role,Technical / Development,Mid / Unspecified,ABAP / Development; FI / CO / FICO; MM / Procurement; EWM / WM / Logistics,ABAP; FICO; SAP MM; German,,https://remotefirstjobs.com/companies/trimetis-ag/jobs/sap-consultant-719585,Description 🔎 Open Roles (1–4 Years Experience): • SAP FICO (Finance & Controlling) • SAP MM / SD / PP / LE / EWM (Logistics) • SAP ABAP Developers (Technical Consultants) Requirements ✔ University Degree ✔ 1–4 years of SAP experience ✔ Hands-on experience with SAP ERP ✔ German language level B1 or higher (mandatory) ✔ Strong communication & teamwork skills 🌍 Location: Cairo 🇪🇬 This opportunity is open for Egyptian n
8ae644099c6fbc2d,remotefirst,"Director, Revenue & CoGS Accounting",Twilio,United States,United States,True,Disclosed,188240,253300,,,SAP mentioned,Technical / Development,Lead / Manager,Unspecified SAP,Agile / Scrum,,https://remotefirstjobs.com/companies/twilio/jobs/director-revenue-cogs-accounting-839091,"Who we are At Twilio, we’re shaping the future of communications, all from the comfort of our homes. We deliver innovative solutions to hundreds of thousands of businesses and empower millions of developers worldwide to craft personalized customer experiences. Our dedication to remote-first work, and strong culture of connection and global inclusion means that no matter your location, you’re part of a vibrant team wi"
e9cb29970e8ef794,remotefirst,Payroll Specialist (Temp),Twist Bioscience,United States,United States,True,Disclosed,79040,83200,,,SAP mentioned,Support / Operations,Senior,Unspecified SAP,,,https://remotefirstjobs.com/companies/twist-bioscience/jobs/payroll-specialist-temp-853263,"Twist Bioscience is seeking a qualified Payroll Specialist. The Specialist will primarily handle tasks related to payroll and human resources using ADP WFN. This position will support the payroll function and benefit administration for our US payroll team. They will report directly to the Sr. Payroll Specialist and will be responsible for many Finance and payroll related functions relating to onboarding, offboarding,"
99e6d15fa66a48c7,remotefirst,"Senior Software Engineer - .NET, Node.js, Python (531)","Ubiminds: You, International.",Worldwide / Not specified,Worldwide / Not specified,True,Not disclosed,,,,,SAP module/technical requirement,Technical / Development,Senior,HCM / SuccessFactors,SuccessFactors; English,,https://remotefirstjobs.com/companies/ubiminds-you-international/jobs/senior-software-engineer-net-nodejs-python-531-826687,"Want to get to the next step in your international career? Ready to take the next step in your international career? We can support you! Ubiminds is a GPTW-certified, people-first company that partners with American software product companies to scale their global teams. We connect top LATAM talent with international product companies while providing full employer-of-record support and long-term career development. I"
0cc17671f18074ff,remotefirst,VP of Sales,UserGems 💎,Worldwide / Not specified,Worldwide / Not specified,True,Disclosed,300000,450000,,,SAP mentioned,Data / Analytics,Lead / Manager,Unspecified SAP,,,https://remotefirstjobs.com/companies/usergems/jobs/vp-of-sales-842641,"UserGems is the AI Command Center for outbound and ABM. Think of us as the ‘brain’ behind your go-to-market. We capture account & contact data and buying signals to help companies know who to target, when, and why. Then, take the next actions via humans or AI agents to run personalized outbound and ABM at scale. UserGems has generated billions in pipeline and revenue for hundreds of start-ups and public companies. Co"
09a69fe449c00570,remotefirst,Senior Financial Systems Engineer,Vanta,Worldwide / Not specified,Worldwide / Not specified,True,Not disclosed,,,,,SAP module/technical requirement,Basis / Security,Lead / Manager,Basis / Security; MM / Procurement,Ariba; GRC / Security,,https://remotefirstjobs.com/companies/vanta/jobs/senior-financial-systems-engineer-854262,"At Vanta, our mission is to help businesses earn and prove trust.We believe that security should be monitored and verified continuously, and we empower companies to practice better security and prove it with ease. Vanta has a kind and talented team, and while some have prior security experience, many have been successful at Vanta without it. As a Senior Financial Systems Engineer at Vanta, you will own the end-to-end"
0aaf33da6d8169ea,remotefirst,Accountant Internship,Veepee,Spain,Spain,True,Not disclosed,,,,,SAP module/technical requirement,Data / Analytics,Entry / Intern,S/4HANA,S/4HANA; English,,https://remotefirstjobs.com/companies/veepee/jobs/accountant-internship-793532,"We are looking to someone available full time as soon as possible. 📄 JOB DESCRIPTION At Veepee we are looking for students who want to grow and start their professional career in a great team like this one. 🎯 TASKS You will ensure the maintenance of supplier accounts, from the receipt of invoices to the reconciliation of accounts. You will also need to work collaboratively with all cross-functional areas. What will y"
59d2f839ccc83efc,remotefirst,Finance ERP Programme Manager (Contractor),Version 1,Ireland,Ireland,True,Not disclosed,,,,,SAP module/technical requirement,Technical / Development,Lead / Manager,S/4HANA; FI / CO / FICO,S/4HANA,,https://remotefirstjobs.com/companies/version-1/jobs/finance-erp-programme-manager-contractor-842435,"Company Description For over 30 years, Version 1 has been a leading Oracle partner specialising in Enterprise Applications, delivering ERP, HCM and EPM solutions that enable organisations to transform and modernise their core systems. Combining deep domain expertise with end-to-end delivery and managed services, we support some of the UK and Ireland’s largest organisations in driving business value through Oracle tec"
595c6eb76ad280b0,remotefirst,DevOps Engineer,WalkMe,United States,United States,True,Disclosed,100000,150000,,,SAP mentioned,Technical / Development,Mid / Unspecified,Unspecified SAP,,,https://remotefirstjobs.com/companies/walkme/jobs/devops-engineer-726221,"WalkMe, an SAP company, pioneered the Digital Adoption Platform (DAP) to enable business leaders to fully harness technology in today’s complex digital landscape. By leveraging WalkMe’s features—guidance, engagement, insights, and automation—employees boost efficiency, executives gain greater visibility into digital usage, and organizations maximize their digital assets, driving successful digital transformation. Tog"
6c8143be63282bb6,remotefirst,Senior Customer Business Executive,WalkMe,United States,United States,True,Disclosed,250000,260000,,,SAP mentioned,Data / Analytics,Senior,Unspecified SAP,,,https://remotefirstjobs.com/companies/walkme/jobs/senior-customer-business-executive-760027,"WalkMe, an SAP company, pioneered the Digital Adoption Platform (DAP) to enable business leaders to fully harness technology in today’s complex digital landscape. By leveraging WalkMe’s features—guidance, engagement, insights, and automation—employees boost efficiency, executives gain greater visibility into digital usage, and organizations maximize their digital assets, driving successful digital transformation. Tog"
be1f47d511854313,remotefirst,Senior Customer Success Manager French Speaking,WalkMe,United Kingdom,United Kingdom,True,Not disclosed,,,,,SAP mentioned,Data / Analytics,Lead / Manager,Unspecified SAP,English,,https://remotefirstjobs.com/companies/walkme/jobs/senior-customer-success-manager-french-speaking-800670,"Industry leader? Well, how about an industry creator?! At WalkMe, now an SAP company, we’re not just the leader in digital adoption, we started the digital adoption revolution - enabling organizations to pinpoint and resolve digital friction, regain control of their tech stack, and be better equipped to manage future change. With over 1,600 clients, including 55 Fortune 100 companies and 6 Fortune 10 companies workin"
7289f1b9118057f9,remotefirst,M&A Advisory Intern - Hybrid,WilkinGuttenplan,United States,United States,True,Disclosed,58240,58240,,,SAP mentioned,Data / Analytics,Entry / Intern,Unspecified SAP,,,https://remotefirstjobs.com/companies/wilkinguttenplan/jobs/ma-advisory-intern-hybrid-850095,"Established in 1983, WilkinGuttenplan is a leading mid-sized accounting and advisory firm in New Jersey and New York City. The Firm serves a multitude of industries, including closely held and middle-market businesses and their owners, high-net worth individuals, real estate, healthcare, international commerce, sports and entertainment, professional practices, technology, non-profit, condominiums and cooperatives, an"
05825e33e3b6d8f0,remotefirst,Accounting Lead,Wing,United States,United States,True,Disclosed,199000,212000,,,SAP mentioned,Data / Analytics,Lead / Manager,Unspecified SAP,,,https://remotefirstjobs.com/companies/wing/jobs/accounting-lead-742803,"About Wing: Wing offers drone delivery as a safe, fast, and sustainable solution for last mile logistics. Consumer appetites for on-demand services are increasing, but current delivery methods are inefficient, costly, and contribute to road accidents and air pollution. Wing’s fleet of highly automated delivery drones can transport small packages directly from businesses to homes on-demand, in minutes. We design, buil"
5abc97c3dc598d50,remotefirst,Supply Chain Systems Analyst,Wing,United States,United States,True,Disclosed,140000,185000,,,SAP module/technical requirement,Data / Analytics,Mid / Unspecified,S/4HANA; HANA / Data,S/4HANA; SAP HANA,,https://remotefirstjobs.com/companies/wing/jobs/supply-chain-systems-analyst-836526,"About Wing: Wing offers drone delivery as a safe, fast, and sustainable solution for last mile logistics. Consumer appetites for on-demand services are increasing, but current delivery methods are inefficient, costly, and contribute to road accidents and air pollution. Wing’s fleet of highly automated delivery drones can transport small packages directly from businesses to homes on-demand, in minutes. We design, buil"
bd42f432a95797b4,remotefirst,General Ledger Accountant,XP Power,Philippines,Philippines,True,Not disclosed,,,,,SAP module/technical requirement,Data / Analytics,Mid / Unspecified,S/4HANA,S/4HANA,,https://remotefirstjobs.com/companies/xp-power/jobs/general-ledger-accountant-801362,"Company Description ABOUT US XP Power is a global leader in providing essential power solutions to the Industrial Technology, Healthcare and Semiconductor Manufacturing Equipment sectors. We design and manufacture power controllers, the essential hardware component in every piece of electrical equipment that converts power from the electricity grid into the right form for equipment to function. Listed as a FTSE 250 c"
16e658c46c398d68,remotefirst,SAP Support Analyst - Finance,XP Power,Philippines,Philippines,True,Not disclosed,,,,,Core SAP delivery role,Data / Analytics,Mid / Unspecified,FI / CO / FICO,,,https://remotefirstjobs.com/companies/xp-power/jobs/sap-support-analyst-finance-785296,"Company Description XP Power is a global leader in providing essential power solutions to the Healthcare, Technology and Industrial markets. We are a fast-growing business, based in numerous locations across North America, Asia and Europe, and are listed as a FTSE 250 company on the London Stock Exchange. We are extremely proud and committed to our culture that values Customer Focus, Flexibility, Knowledge, Speed, an"
033379522d5cad59,remotefirst,SAP EPPM Consultant,Yopeso,Worldwide / Not specified,Worldwide / Not specified,True,Not disclosed,,,,,Core SAP delivery role,Technical / Development,Mid / Unspecified,S/4HANA; Fiori / UI5,S/4HANA; SAP Fiori; Agile / Scrum; English; German,,https://remotefirstjobs.com/companies/yopeso/jobs/sap-eppm-consultant-832908,"Description Yopeso has been developing a diverse range of software products, from large-scale applications to smaller solutions, for 20 years. With a growing team of over 300 employees across five locations, we are dedicated to fostering a culture of growth, transparency, and professionalism. At Yopeso, we value authenticity, curiosity, and ambition. These values drive us to build strong connections within our commun"
c60fbe43ddfb236a,remotefirst,SAP EPPM/PMM Consultant,Yopeso,Worldwide / Not specified,Worldwide / Not specified,True,Not disclosed,,,,,Core SAP delivery role,Technical / Development,Mid / Unspecified,S/4HANA; Fiori / UI5,S/4HANA; SAP Fiori; Agile / Scrum; English; German,,https://remotefirstjobs.com/companies/yopeso/jobs/sap-eppmpmm-consultant-835810,"Description Yopeso has been developing a diverse range of software products, from large-scale applications to smaller solutions, for 20 years. With a growing team of over 300 employees across five locations, we are dedicated to fostering a culture of growth, transparency, and professionalism. At Yopeso, we value authenticity, curiosity, and ambition. These values drive us to build strong connections within our commun"
3f56e5fff5fbb4bf,remotefirst,SAP EPPM/PMM Consultant,Yopeso,Worldwide / Not specified,Worldwide / Not specified,True,Not disclosed,,,,,Core SAP delivery role,Technical / Development,Mid / Unspecified,S/4HANA; Fiori / UI5,S/4HANA; SAP Fiori; Agile / Scrum; English; German,,https://remotefirstjobs.com/companies/yopeso/jobs/sap-eppmpmm-consultant-835802,"Description Yopeso has been developing a diverse range of software products, from large-scale applications to smaller solutions, for 20 years. With a growing team of over 300 employees across five locations, we are dedicated to fostering a culture of growth, transparency, and professionalism. At Yopeso, we value authenticity, curiosity, and ambition. These values drive us to build strong connections within our commun"
7b10510dc15bae39,remotefirst,SAP EPPM/PMM Consultant,Yopeso,Worldwide / Not specified,Worldwide / Not specified,True,Not disclosed,,,,,Core SAP delivery role,Technical / Development,Mid / Unspecified,S/4HANA; Fiori / UI5,S/4HANA; SAP Fiori; Agile / Scrum; English; German,,https://remotefirstjobs.com/companies/yopeso/jobs/sap-eppmpmm-consultant-835800,"Description Yopeso has been developing a diverse range of software products, from large-scale applications to smaller solutions, for 20 years. With a growing team of over 300 employees across five locations, we are dedicated to fostering a culture of growth, transparency, and professionalism. At Yopeso, we value authenticity, curiosity, and ambition. These values drive us to build strong connections within our commun"
48c1c9876e82b56e,remotefirst,Senior Data Engineer - Fully Remote Opportunity,Zealogics,Worldwide / Not specified,Worldwide / Not specified,True,Not disclosed,,,,,SAP mentioned,Technical / Development,Senior,Unspecified SAP,,,https://remotefirstjobs.com/companies/zealogics-inc/jobs/senior-data-engineer-fully-remote-opportunity-851412,"Job Title: Senior Data Engineer (Data Modeling & Multi-Source Integration) Experience: 5 – 8 Years Position Overview Zealogics Technologies is seeking an experienced and analytical Senior Data Engineer (5–8 years) to architect, model, and optimize the foundational data infrastructure for a brand-new strategic project. This role requires deep expertise in establishing relationships across heterogeneous data sources (S"
78f0c883deaaeb1b,remotefirst,Data & Reporting Analyst,Zelh,Worldwide / Not specified,Worldwide / Not specified,True,Not disclosed,,,,,SAP mentioned,Data / Analytics,Mid / Unspecified,Unspecified SAP,,,https://remotefirstjobs.com/companies/zelh/jobs/data-reporting-analyst-782886,"Description Zelh is a fast-growing, passionate outsourcing company. Our mission is to be the most reliable company by offering and maintaining consistently high-quality services. We achieve the mission by fostering long-term relationships with customers, employees, and vendors. Personal attention, timely communication, and respect for all people are the basis of our business philosophy! At this point, Zelh is looking"
1e3310ebe81d29f2,remotefirst,Staff Software Developer - Integration(Remote First),Zensurance,Canada,Canada,True,Disclosed,109160,126767,,,SAP mentioned,Technical / Development,Lead / Manager,Unspecified SAP,,,https://remotefirstjobs.com/companies/zensurance/jobs/staff-software-developer-integrationremote-first-833437,"About Us: Zensurance is redefining commercial insurance for Canadian businesses. As a leading InsurTech, we make getting the right coverage simple, fast, and accessible through a digital-first experience. Our platform combines advanced technology with deep industry expertise to deliver tailored insurance solutions that help businesses thrive. Zensurance has been recognized for its rapid growth and industry impact: ✅ "
f88412da92bf1453,remotefirst,Senior SAP COPA Consultant (m/f/d),Zoi,Worldwide / Not specified,Worldwide / Not specified,True,Not disclosed,,,,,Core SAP delivery role,Functional Consulting,Senior,S/4HANA; FI / CO / FICO,S/4HANA,,https://remotefirstjobs.com/companies/zoi/jobs/senior-sap-copa-consultant-mfd-855451,"Description Welcome to the world of Zoi! We transform manufacturing and retail enterprises through AI-first strategies that deliver measurable business value. We don’t just advise: we implement, operate, and scale solutions that turn AI adoption into competitive advantage. We are expanding our European teams in Barcelona, Figueres, Sevilla and Las Palmas. Just choose your favorite Zoi city! Travel between our locatio"
8072287228ea31e7,remotefirst,Implementation Consultant Billing,Zuora,Costa Rica,Costa Rica,True,Not disclosed,,,,,SAP mentioned,Technical / Development,Mid / Unspecified,Unspecified SAP,,,https://remotefirstjobs.com/companies/zuora/jobs/implementation-consultant-billing-809363,"Costa Rica Company Overview At Zuora, we do Modern Business. We’re helping people subscribe to new ways of doing business that are better for people, companies and ultimately the planet. It’s an approach resulting from the shift to the Subscription Economy that puts customers first by building recurring relationships instead of one-time product sales and focuses on sustainable growth. Through our leading expertise an"
cee99306e8bf185d,remotefirst,Sr. Software Engineer,Zuora,India,India,True,Not disclosed,,,,,SAP mentioned,Technical / Development,Senior,Unspecified SAP,CPI / Integration Suite,,https://remotefirstjobs.com/companies/zuora/jobs/sr-software-engineer-824144,"Company Overview At Zuora, we do Modern Business. We’re helping people subscribe to new ways of doing business that are better for people, companies and ultimately the planet. It’s an approach resulting from the shift to the Subscription Economy that puts customers first by building recurring relationships instead of one-time product sales and focuses on sustainable growth. Through our leading expertise and multi-pro"
4f5bcf1b48553d11,remotefirst,SAP FI CO Consultant with German,accesa.eu,Romania,Romania,True,Not disclosed,,,,,Core SAP delivery role,Technical / Development,Mid / Unspecified,S/4HANA; FI / CO / FICO,S/4HANA; FICO; German,,https://remotefirstjobs.com/companies/accesa-eu/jobs/sap-fi-co-consultant-with-german-853543,"Company Description Accesa is a leading technology company headquartered in Cluj-Napoca, with offices in Oradea and 20 years of experience in turning business challenges into opportunities and growth. A value-driven organisation, it has established itself as a partner of choice for major brands in Retail, Manufacturing, Finance, and Banking. It covers the complete digital evolution journey of its customers, from idea"
99a24619eb94a466,remotefirst,Innovation Architect,apiphani,Worldwide / Not specified,Worldwide / Not specified,True,Disclosed,110334,150984,,,SAP module/technical requirement,Architecture,Mid / Unspecified,S/4HANA; ABAP / Development; Basis / Security,ABAP; S/4HANA; GRC / Security,,https://remotefirstjobs.com/companies/apiphani/jobs/innovation-architect-802700,"Apiphani is a technology-enabled managed services company dedicated to redefining what it means to support mission-critical enterprise workloads. We’re a small but rapidly growing company, which means there’s lots of room for growth and learning opportunities abound! Apiphani is dedicated to creating a diverse and inclusive work environment for all as a fundamental component of our business. Diversity and inclusion a"
90ff9efaeb01a316,remotefirst,Business Development Manager (Germany),be one solutions,Worldwide / Not specified,Worldwide / Not specified,True,Not disclosed,,,,,SAP mentioned,Technical / Development,Lead / Manager,Unspecified SAP,English; German,,https://remotefirstjobs.com/companies/be-one-solutions/jobs/business-development-manager-germany-845812,"Be One Solutions is a global ERP partner specializing in worldwide blueprints, implementations, and support. Headquartered in Switzerland, we have a team of local experts across 30+ countries, helping businesses of all sizes elevate their ERP implementations to the next level. At Be One Solutions, we believe in achieving new heights and celebrating success together. Our culture is built on care and collaboration, ens"
339db3bd1502624b,remotefirst,Business Development Specialist (Americas),be one solutions,Worldwide / Not specified,Worldwide / Not specified,True,Not disclosed,,,,,SAP mentioned,Technical / Development,Mid / Unspecified,Unspecified SAP,English,,https://remotefirstjobs.com/companies/be-one-solutions/jobs/business-development-specialist-americas-851763,"Be One Solutions is a global ERP partner specializing in worldwide blueprints, implementations, and support. Headquartered in Switzerland, we have a team of local experts across 30+ countries, helping businesses of all sizes elevate their ERP implementations to the next level. At Be One Solutions, we believe in achieving new heights and celebrating success together. Our culture is built on care and collaboration, ens"
8a8c8b610c383c4a,remotefirst,Delivery Manager (France),be one solutions,Worldwide / Not specified,Worldwide / Not specified,True,Not disclosed,,,,,SAP module/technical requirement,Project / Program,Lead / Manager,HANA / Data; FI / CO / FICO; TM / GTS / Supply Chain,SAP HANA; English,,https://remotefirstjobs.com/companies/be-one-solutions/jobs/delivery-manager-france-845816,"Be One Solutions is a global ERP partner specializing in worldwide blueprints, implementations, and support. Headquartered in Switzerland, we have a team of local experts across 30+ countries, helping businesses of all sizes elevate their ERP implementations to the next level. At Be One Solutions, we believe in achieving new heights and celebrating success together. Our culture is built on care and collaboration, ens"
2d64b8d23e3d467b,remotefirst,Regional Manager EMEA,be one solutions,Worldwide / Not specified,Worldwide / Not specified,True,Not disclosed,,,,,SAP mentioned,Technical / Development,Lead / Manager,Unspecified SAP,English,,https://remotefirstjobs.com/companies/be-one-solutions/jobs/regional-manager-emea-845819,"Be One Solutions is a global ERP partner specializing in worldwide blueprints, implementations, and support. Headquartered in Switzerland, we have a team of local experts across 30+ countries, helping businesses of all sizes elevate their ERP implementations to the next level. At Be One Solutions, we believe in achieving new heights and celebrating success together. Our culture is built on care and collaboration, ens"
3b7443d71a5a4e57,remotefirst,Regional Marketing Specialist APAC,be one solutions,Worldwide / Not specified,Worldwide / Not specified,True,Not disclosed,,,,,SAP mentioned,Technical / Development,Lead / Manager,Unspecified SAP,English,,https://remotefirstjobs.com/companies/be-one-solutions/jobs/regional-marketing-specialist-apac-845813,"Be One Solutions is a global ERP partner specializing in worldwide blueprints, implementations, and support. Headquartered in Switzerland, we have a team of local experts across 30+ countries, helping businesses of all sizes elevate their ERP implementations to the next level. At Be One Solutions, we believe in achieving new heights and celebrating success together. Our culture is built on care and collaboration, ens"
64ffbda3cd4b0e74,remotefirst,IT Internal Audit Manager,dLocal,Argentina,Argentina,True,Not disclosed,,,,,SAP module/technical requirement,Data / Analytics,Lead / Manager,FI / CO / FICO,FICO; English,,https://remotefirstjobs.com/companies/dlocal/jobs/it-internal-audit-manager-805361,"Why should you join dLocal? dLocal enables the biggest companies in the world to collect payments in 40 countries in emerging markets. Global brands rely on us to increase conversion rates and simplify payment expansion effortlessly. As both a payments processor and a merchant of record where we operate, we make it possible for our merchants to make inroads into the world’s fastest-growing, emerging markets. By joini"
d01178d77b62b6b7,remotefirst,"Corporate Finance, FP&A - Associate",iCapital,United States,United States,True,Disclosed,85000,115000,,,SAP mentioned,Data / Analytics,Junior,Unspecified SAP,,,https://remotefirstjobs.com/companies/icapital/jobs/corporate-finance-fpa-associate-818460,"About the Role iCapital is looking to hire a Financial Planning and Analysis (FP&A) Associate to join the Corporate Finance team. This role will involve large-scale responsibilities across financial and managerial reporting, budgeting, forecasting, analysis of key financial and performance indicators, monthly and quarterly management and board reporting duties (including support during the financial close), financial"
7acbf24d37c74f95,remotefirst,Global Payroll & HR Systems Manager,lastminute.com,Switzerland,Switzerland,True,Not disclosed,,,,,SAP mentioned,Technical / Development,Lead / Manager,Unspecified SAP,English,,https://remotefirstjobs.com/companies/lastminute-com/jobs/global-payroll-hr-systems-manager-729134,"Company Description At lastminute.com, we live for the holidays. We are the European Travel-Tech leader in Dynamic Holiday Packages. With technology, we turn spontaneous thoughts into meaningful experiences, helping people travel the world. Job Description We are looking for a Global Payroll & HR Systems Manager to join our team of around 1,700 people worldwide to help us power up the traveller’s journey for millions"
007b452ed46ca6df,remotefirst,Clinical Data Manager,"pfm medical, inc.",Mexico,Mexico,True,Not disclosed,,,,,SAP mentioned,Data / Analytics,Lead / Manager,Unspecified SAP,English,,https://remotefirstjobs.com/companies/pfm-medical-inc/jobs/clinical-data-manager-846817,"We’re expanding across Mexico, Brazil, Argentina, Colombia, Chile , and Peru , and we’re looking for an experienced Clinical Data Manager to help build the foundation of our growing LATAM Data Management team, ensuring the delivery of high-quality clinical data that drives successful clinical trials and accelerates innovative therapies to patients. Position Summary: The Senior Clinical Data Manager/Principal Clinical"
78d3fa6f4aeb3d98,remotefirst,Senior Clinical Data Manager (Mexico),"pfm medical, inc.",Mexico,Mexico,True,Not disclosed,,,,,SAP mentioned,Data / Analytics,Lead / Manager,Unspecified SAP,English,,https://remotefirstjobs.com/companies/pfm-medical-inc/jobs/senior-clinical-data-manager-mexico-817253,"We’re expanding our capabilities across Mexico, Brazil, Argentina, Colombia, Chile, and Peru, and we’re hiring a Senior Clinical Data Manager to help build the foundation of our clinical data operations in Mexico. The Senior Clinical Data Manager is responsible and manages all aspects of the clinical trial data management process from study start up to post database lock for assigned projects. Standard Operating Proc"
a4c6f8b95bd90be2,remotefirst,Avionics Production Engineer,true,United States,United States,True,Disclosed,70000,95000,,,SAP mentioned,Technical / Development,Mid / Unspecified,Unspecified SAP,,,https://remotefirstjobs.com/companies/true/jobs/avionics-production-engineer-762315,"A new space race has begun. True Anomaly seeks those with the talent and ambition to build innovative technology that solves the next generation of engineering, manufacturing, and operational challenges for space security and sustainability. OUR MISSION The peaceful use of space is essential for continued prosperity on Earth—from communications and finance to navigation and logistics. True Anomaly builds innovative t"
f64cd419460e7535,remotefirst,Spacecraft Mechanical Production Engineer,true,United States,United States,True,Disclosed,70000,95000,,,SAP mentioned,Technical / Development,Mid / Unspecified,Unspecified SAP,,,https://remotefirstjobs.com/companies/true/jobs/spacecraft-mechanical-production-engineer-762090,"A new space race has begun. True Anomaly seeks those with the talent and ambition to build innovative technology that solves the next generation of engineering, manufacturing, and operational challenges for space security and sustainability. OUR MISSION The peaceful use of space is essential for continued prosperity on Earth—from communications and finance to navigation and logistics. True Anomaly builds innovative t"
b114c90ea2dac2e0,remoteok,Rural and Suburban Mail Carrier,Canada Post / Postes Canada,Blind River,Blind River,True,Not disclosed,,,,,SAP module/technical requirement,Functional Consulting,Mid / Unspecified,HCM / SuccessFactors,SuccessFactors; English,2026-08-31T21:46:07+00:00,https://remoteOK.com/remote-jobs/remote-rural-and-suburban-mail-carrier-canada-post-postes-canada-1137283,"Job Requisition Id: 203143 Business Function: Rural and Suburban Mail Carriers Primary City: Blind River Province: Ontario Employment Type: Full-Time Employment Status: Permanent Language Requirement: English Essential Number of Vacancies 1 Closing Date (YYYY-MM-DD): 2026-09-13 Job Description Imagine starting a career with a world leader in the postal industry, recognized as one of Canadaâs top employers and best "
