id,source,title,company,primary_location,locations,remote,salary_status,salary_min,salary_max,salary_currency,salary_period,sap_focus,role_family,seniority,modules,skills,posted_at,url,description_excerpt
1fa75d36178315aa,arbeitnow,Customer Success Manager,ARC Intelligence GmbH,Germany,Germany,False,Not disclosed,,,,,SAP mentioned,Data / Analytics,Lead / Manager,Unspecified SAP,English; German,2026-07-21T10:00:32,https://www.arbeitnow.com/jobs/companies/arc-intelligence-gmbh/customer-success-manager-berlin-183182,"ARC Intelligence is building the AI-native Finance OS for modern mid-market corporations. We help finance teams manage planning, forecasting, reporting, consolidation, and performance management across complex corporate structures through a single intelligent platform. By combining financial data, operational workflows, and AI, we enable organizations to automate processes, increase transparency, and make faster, bet"
8bfbae71735cf213,arbeitnow,Produktionsplaner & Prozesskoordinator (m/w/d) ab 01.01.2027,ARICON Kunststoffwerk GmbH,Germany,Germany,False,Not disclosed,,,,,SAP mentioned,Other SAP-Related,Mid / Unspecified,Unspecified SAP,English,2026-07-24T06:29:03,https://www.arbeitnow.com/jobs/companies/aricon-kunststoffwerk-gmbh/produktionsplaner-prozesskoordinator-solingen-306130,"Dein neuer Job bei ARICON - für alle, die Produktionsabläufe lieben! Du suchst einen sicheren Job mit Verantwortung, abwechslungsreichen Aufgaben und echten Entwicklungsmöglichkeiten? Dann bist du bei ARICON genau richtig! Wir sind ein innovatives, familiengeführtes Kunststoffwerk und produzieren hochwertige Industriebehälter für verschiedenste Anwendungen. Für unseren Standort suchen wir Verstärkung im Bereich Produ"
92ff7593e5b38185,arbeitnow,Senior ERP Consultant weclapp (m/w/d),BOLD & EPIC GmbH,Germany,Germany,False,Not disclosed,,,,,SAP mentioned,Functional Consulting,Senior,Unspecified SAP,,2026-07-23T09:01:08,https://www.arbeitnow.com/jobs/companies/bold-epic-gmbh/senior-erp-consultant-weclapp-stuttgart-291566,"Beschreibung Führender weclapp-Partner in Deutschland: Kleine und mittelständische Unternehmen kommen zu uns, wenn sie ihr ERP nicht nur einführen, sondern ihre Abläufe neu denken wollen. Vom ersten Angebot über Lager und Fakturierung bis zur Finanzbuchhaltung begleiten wir Veränderungen ganzheitlich. Unsere Projekte sind anders geschnitten als klassische ERP-Beratung: keine Zweijahresprogramme mit Verantwortung für "
72e3bc97d5529203,arbeitnow,Finance Manager (m/w/d),Biomatch GmbH,Murg,Murg,False,Not disclosed,,,,,SAP mentioned,Other SAP-Related,Lead / Manager,Unspecified SAP,English; German,2026-07-21T15:30:26,https://www.arbeitnow.com/jobs/companies/biomatch-gmbh/finance-manager-murg-93683,"Über das Unternehmen Unser Mandant ist ein weltweit agierender Pionier für hocheffiziente Systemlösungen in der Food-Technologie. Mit mehreren tausend Mitarbeitern global verbindet das Unternehmen die Stabilität eines Großkonzerns mit einer innovativen, zukunftsorientierten Unternehmenskultur. Werden Sie Teil eines Teams, das die Prozesslandschaft für die Top-Player der internationalen LFGB-Branche gestaltet. Aufgabe"
c23dc3868609c7f6,arbeitnow,Senior ERP Consultant weclapp (m/w/d),Bold Epic Gmbh,Germany,Germany,False,Not disclosed,,,,,SAP mentioned,Functional Consulting,Senior,Unspecified SAP,English,2026-07-23T20:09:06,https://www.arbeitnow.com/jobs/companies/bold-epic-gmbh/senior-erp-consultant-weclapp-stuttgart-133204,"Beschreibung Führender weclapp-Partner in Deutschland: Kleine und mittelständische Unternehmen kommen zu uns, wenn sie ihr ERP nicht nur einführen, sondern ihre Abläufe neu denken wollen. Vom ersten Angebot über Lager und Fakturierung bis zur Finanzbuchhaltung begleiten wir Veränderungen ganzheitlich. Unsere Projekte sind anders geschnitten als klassische ERP-Beratung: keine Zweijahresprogramme mit Verantwortung für "
6ed8bf9263baac76,arbeitnow,Teamleiter Backoffice (m/w/d),CURRENTA GRUPPE,Leverkusen,Leverkusen; Nordrhein-Westfalen; Deutschland,False,Not disclosed,,,,,SAP mentioned,Support / Operations,Mid / Unspecified,Unspecified SAP,German,2026-07-24T20:30:15,https://www.arbeitnow.com/jobs/companies/currenta-gruppe/teamleiter-backoffice-leverkusen-69345,"Lern uns kennen Die Chemion Logistik GmbH ist ein Logistikdienstleister, der auf die Bedürfnisse der Chemie und chemienahen Geschäftszweige spezialisiert ist. Wir beschäftigen an den drei CHEMPARK-Standorten (Leverkusen, Dormagen und Krefeld-Uerdingen) insgesamt ca. 900 Mitarbeiter*innen in den Bereichen Transport, Lagerung, Umschlag, Expedition, Equipment und Schulung. #Traumjob, #TeamChemion, #neueChancen Unterstüt"
4280356328f616e1,arbeitnow,Senior SAP Business One Berater (m/w/d): Cloud-Migration & Zukunftsarchitektur,Cloudiax AG,Germany,Germany,True,Not disclosed,,,,,SAP-titled role,Data / Analytics,Senior,HANA / Data,SAP HANA; English; German,2026-07-24T14:29:02,https://www.arbeitnow.com/jobs/companies/cloudiax-ag/senior-sap-business-one-berater-cloud-migration-zukunftsarchitektur-gudow-121097,"Die Cloudiax AG ist ein innovatives Technologieunternehmen mit Fokus auf cloudbasierte Lösungen und digitale Transformation. Seit über 10 Jahren unterstützt das Unternehmen Organisationen dabei, ihre IT-Infrastruktur zu modernisieren und digitale Geschäftsmodelle erfolgreich umzusetzen. Mit einem internationalen Team und höchsten Standards in Sicherheit, Verfügbarkeit und Performance steht Cloudiax für zukunftsfähige"
d08980d7a815c48e,arbeitnow,Working Student Marketing & Sales (m/w/d),Envalior,Dormagen,Dormagen; Germany,False,Not disclosed,,,,,SAP mentioned,Support / Operations,Mid / Unspecified,Unspecified SAP,English; German,2026-07-22T11:21:06,https://www.arbeitnow.com/jobs/companies/envalior/working-student-marketing-sales-dormagen-374303,"Join Envalior – Imagine The Future! Bist Du leidenschaftlich daran interessiert, datenbasierte Prozesse voranzutreiben und Pricing‑Analysen strategisch sowie operativ zu unterstützen, in einem sich ständig wandelnden Umfeld? Bei Envalior suchen wir einen engagierten Working Student Marketing & Sales (m/w/d) zur Verstärkung unseres dynamischen Commercial Operations, Reporting & Pricing‑Teams und zur Sicherstellung hoc"
b9cb33d5c47a15f0,arbeitnow,Senior Accountant (m/w/d),FASTR,Germany,Germany,False,Not disclosed,,,,,SAP mentioned,Technical / Development,Senior,Unspecified SAP,,2026-07-21T09:59:03,https://www.arbeitnow.com/jobs/companies/fastr/senior-accountant-dusseldorf-171576,"FASTR gehört zu den führenden Energiedienstleistern und Stromversorgern in Deutschland. Das Unternehmen wurde 1989 in Aachen gegründet und hat heute seinen Hauptsitz in Düsseldorf sowie Niederlassungen in Dresden, Hamburg Berlin, Mittenwald und München. Aus einem ursprünglich familiengeführten Unternehmen ist ein dynamischer Energiepartner geworden, der sich im Mai 2025 durch die Partnerschaft mit KKR auf einen klare"
e01e761e15890a53,arbeitnow,Associate SAP Software Engineer (m/f/x),FINN,Remote,Remote,True,Not disclosed,,,,,Core SAP delivery role,Technical / Development,Junior,S/4HANA; ABAP / Development; BTP / Integration,ABAP; S/4HANA; SAP BTP; OData; RAP / CAP; English; German,2026-07-23T05:05:24,https://www.arbeitnow.com/jobs/companies/finn/associate-sap-software-engineer-europe-410676,"Your Role As Associate SAP Software Engineer, you are part of the ERP Product team, which develops Products in close collaboration with our Finance & Legal Department. In a highly integrated and automated system landscape, you design and implement solutions in S/4HANA that are scalable and seamlessly integrated with the rest of our tech stack. Your Mission Build in S/4HANA: Develop, extend and maintain ABAP solutions"
375fa4f9b2f78cd6,arbeitnow,Senior SAP FICO Analyst (m/f/x),FINN,Remote,Remote,True,Not disclosed,,,,,Core SAP delivery role,Technical / Development,Lead / Manager,S/4HANA; BTP / Integration; FI / CO / FICO,S/4HANA; SAP BTP; CPI / Integration Suite; FICO; Agile / Scrum; English,2026-07-22T23:24:49,https://www.arbeitnow.com/jobs/companies/finn/senior-sap-fico-analyst-europe-151543,"Your Role As Staff SAP FICO Analyst, you are the senior technical authority on our core financial system. You own how solutions are designed and built in S/4HANA: you make the system design decisions, technically validate changes before they reach production, and quality-gate the work of our implementation partners. You work alongside a Product Manager who owns what we build and a FICO Consultant who owns day-to-day "
0f8c49f458bac790,arbeitnow,Senior Consultant - Lending (CML/CMS) (m/f/d),Fioneer,Germany,Germany,True,Not disclosed,,,,,SAP module/technical requirement,Technical / Development,Senior,S/4HANA,S/4HANA; Agile / Scrum; English; German,2026-07-20T23:20:52,https://www.arbeitnow.com/jobs/companies/fioneer/remote-senior-consultant-lending-cml-cms-germany-215363,"Innovation is and will always be the core of SAP Fioneer, and it is the promise of why we were spun out of SAP: agility, innovation, and delivery. SAP Fioneer builds on a heritage of outstanding technology and a deep understanding of corporate and consumer demands. At the heart of it all it is simple: We bring financial services to the next level with innovative software solutions and platforms. We are helping financ"
afbed952b0c489a0,arbeitnow,SAP HCM Berater (m/w/d),HR Team Consult GmbH,Karlsfeld,Karlsfeld,False,Not disclosed,,,,,SAP-titled role,Other SAP-Related,Mid / Unspecified,HCM / SuccessFactors,English,2026-07-21T16:30:29,https://www.arbeitnow.com/jobs/companies/hr-team-consult-gmbh/sap-hcm-berater-karlsfeld-488311,"Als zukunftsorientiertes und wachsendes Unternehmen bietet Ihnen die HR Team Consult GmbH mit flachen Hierarchien vielfältige Entwicklungsmöglichkeiten innerhalb des Unternehmens. Als Teamplayer erwartet Sie eine spannende Arbeit – remote sowie vor Ort beim Kunden – als Festanstellung mit einem attraktiven Grundgehalt, zusätzlicher leistungsbezogener Bonusregelung und weiteren Sozialleistungen. Regelmäßige, individue"
052a1a627e883b7f,arbeitnow,(Senior) Manager Accounting and Finance Operations,Hypersonica,Germany,Germany,False,Not disclosed,,,,,SAP module/technical requirement,Data / Analytics,Lead / Manager,FI / CO / FICO,FICO; English; German,2026-07-23T02:05:41,https://www.arbeitnow.com/jobs/companies/hypersonica/senior-manager-accounting-and-finance-operations-munich-322316,"Help Build Europe's Hypersonic Capability At Hypersonica , we’re redefining what’s possible in European defence technology. We exist to deliver speed, resilience, and technological independence at a pace that sets a new standard. We are a small, elite team working on problems that matter, and solving them fast. By joining Hypersonica , you’re not stepping into a predefined role. You’re joining a talent dense environm"
fcab3ba421bec31b,arbeitnow,Senior SAP Signavio Process Expert/ Process Mining Expert- Lead Consultant,Infosys Consulting Europe,Frankfurt am Main,Frankfurt am Main; Germany,False,Not disclosed,,,,,Core SAP delivery role,Technical / Development,Lead / Manager,S/4HANA; BTP / Integration; HANA / Data,S/4HANA; SAP HANA; SAP BTP; CPI / Integration Suite; SAP Analytics Cloud; Datasphere; German,2026-07-22T08:21:52,https://www.arbeitnow.com/jobs/companies/infosys-consulting-europe/senior-sap-signavio-process-expert-process-mining-expert-lead-consultant-frankfurt-am-main-442570,Senior SAP Signavio Process Expert/ Process Mining Expert- Lead Consultant · Location: Germany-based candidates preferred; Frankfurt-Mannheim-Heidelberg-Stuttgart-Munich corridor preferred; frequent onsite travel to the client site in Mannheim/Heidelberg required · Engagement type: Full-time / permanent preferred About the Role We are seeking experienced Process Experts with strong SAP Signavio expertise to support a
a98e422fb6df7062,arbeitnow,Senior Accountant Specialist(m/f/d),Isaraerospace,Ottobrunn,Ottobrunn; Bavaria,False,Not disclosed,,,,,SAP mentioned,Data / Analytics,Senior,Unspecified SAP,English,2026-07-23T05:56:41,https://www.arbeitnow.com/jobs/companies/isaraerospace/senior-accountant-specialist-ottobrunn-bavaria-393331,<p><strong>Mission Brief </strong></p> <p>This is an exciting opportunity to join Isar Aerospace in a key role. You will work closely with finance team in headquarter and yet have an independent role in this exciting new space business. Isar Norway and Isar Sweden will gradually insource more of our accounting activities under your oversight. <br>As the responsible accountant you will ensure that accounting processes
c0374926102e7a75,arbeitnow,(Senior) Produktionscontroller (m/w/d) - Werks- und Kostencontrolling,Jan Pethe Interim Management & Consulting GmbH - JPIMC®,Jena,Jena,False,Not disclosed,,,,,SAP module/technical requirement,Data / Analytics,Senior,HCM / SuccessFactors,German,2026-07-20T21:29:03,https://www.arbeitnow.com/jobs/companies/jan-pethe-interim-management-consulting-gmbh-jpimc/senior-produktionscontroller-werks-und-kostencontrolling-jena-311861,"Im Auftrag eines erfolgreichen, produzierenden Unternehmens aus einer zukunftsorientierten Industrie suchen wir einen (Senior) Produktionscontroller (m/w/d) zur Verstärkung des Controlling-Teams an einem Produktionsstandort im Großraum Jena . In dieser zentralen Funktion übernehmen Sie die Steuerung und Analyse von Kosten, Produktionskennzahlen und Wirtschaftlichkeitsrechnungen und leisten damit einen wesentlichen Be"
31d5c166670d05d4,arbeitnow,Senior Consultant Azure Data Engineer (m/w/d),Kubidat GmbH,Germany,Germany,False,Not disclosed,,,,,SAP module/technical requirement,Technical / Development,Senior,HANA / Data,SAP BW / BI; English; German,2026-07-24T18:00:30,https://www.arbeitnow.com/jobs/companies/kubidat-gmbh/senior-consultant-azure-data-engineer-mannheim-157148,"Als Senior Consultant Azure Data Engineer unterstützt du ein strategisches Daten- und Reporting-Transformationsvorhabens mit Zielplattform Microsoft-Fabric. Der Fokus liegt auf der technischen Konzeption und Implementierung von Microsoft Fabric, beginnend mit PoC- und Pilot-Szenarien für ein gemeinsames Reporting aus SAS 9.4 und SAP BW mittels Power BI. Ziel ist es, die interne IT zu befähigen, die Plattform mittel- "
c5fac1f546d5ae48,arbeitnow,Anlagenbuchhalter (m/w/d) Assetmanagement,MY Humancapital GmbH,Germany,Germany,False,Not disclosed,,,,,SAP mentioned,Other SAP-Related,Mid / Unspecified,Unspecified SAP,English,2026-07-24T17:00:28,https://www.arbeitnow.com/jobs/companies/my-humancapital-gmbh/anlagenbuchhalter-assetmanagement-munich-189973,"Im Auftrag unseres Partnerunternehmens in Münchner suchen wir Sie zum nächstmöglichen Zeitpunkt als „Anlagenbuchhalter (m/w/d)“. Aufgaben Als Asset Accountant (m/w/d) gestalten und optimieren Sie Prozesse im Asset Lifecycle Management und begleiten anlagenbezogene Abläufe Zudem verwalten Sie Stammdaten, erfassen komplexe Anlagenbewegungen und buchen Anlagen im Bau inklusive späterer Abrechnung Auch unterstützen Sie M"
db96727d4b957cd7,arbeitnow,Auftragskoordinator Produktionsplanung (m/w/d),MY Humancapital GmbH,Germany,Germany,False,Not disclosed,,,,,SAP mentioned,Other SAP-Related,Mid / Unspecified,Unspecified SAP,,2026-07-24T17:00:34,https://www.arbeitnow.com/jobs/companies/my-humancapital-gmbh/auftragskoordinator-produktionsplanung-munich-146365,Auftragskoordinator Produktionsplanung (m/w/d) - Vollzeit | München Im Auftrag unseres Partnerunternehmens in München suchen wir Sie zum nächstmöglichen Zeitpunkt als „Auftragskoordinator Produktionsplanung (m/w/d)“ . Aufgaben Als Produktionsplaner (m/w/d) erstellen und steuern Sie standortübergreifende Produktions- und Grobplanungen unter Berücksichtigung von Kapazitäten und Terminen Sie prüfen Kundenaufträge auf Re
9fe02f19588b5c8d,arbeitnow,Controller (m/w/d) im öffentlichen Dienst,MY Humancapital GmbH,Germany,Germany,False,Not disclosed,,,,,SAP module/technical requirement,Other SAP-Related,Mid / Unspecified,HCM / SuccessFactors,English,2026-07-24T17:00:30,https://www.arbeitnow.com/jobs/companies/my-humancapital-gmbh/controller-im-offentlichen-dienst-munich-7852,"Im Auftrag unseres Partnerunternehmnes suchen wir Sie zum nächstmöglichen Zeitpunkt als „Controller (m/w/d)"". Aufgaben Als Controller (m/w/d) übernehmen Sie die Verantwortung für die Planung, Steuerung und Kontrolle sämtlicher betriebswirtschaftlicher Maßnahmen Dabei unterstützen sie die Geschäftsführung bei strategischen und operativen Entscheidungen durch fundierte Analysen Sie erstellen Forecasts, Budgetplanungen,"
088dc66e9622cf8a,arbeitnow,IT Projektmanager Softwareentwicklung (m/w/d),MY Humancapital GmbH,Germany,Germany,False,Not disclosed,,,,,SAP mentioned,Functional Consulting,Mid / Unspecified,Unspecified SAP,English,2026-07-24T17:00:33,https://www.arbeitnow.com/jobs/companies/my-humancapital-gmbh/it-projektmanager-softwareentwicklung-munich-221009,"IT Projektmanager Softwareentwicklung (m/w/d) - Vollzeit | München | Unbefristet | Homeoffice-Möglichkeit Im Auftrag unseres Partnerunternehmens in München suchen wir Sie zum nächstmöglichen Zeitpunkt als „SAP Inhouse Consultant Business Partner (m/w/d)“. Aufgaben Sie leiten IT-Projekte zur Weiterentwicklung geschäftskritischer Softwarelösungen und steuern diese hinsichtlich Qualität, Zeit und Budget Gemeinsam mit Fa"
7fb8217d3919a691,arbeitnow,Kreditorenbuchhalter SAP (m/w/d),MY Humancapital GmbH,Germany,Germany,False,Not disclosed,,,,,SAP-titled role,Other SAP-Related,Mid / Unspecified,Unspecified SAP,English,2026-07-24T17:00:30,https://www.arbeitnow.com/jobs/companies/my-humancapital-gmbh/kreditorenbuchhalter-sap-munich-273907,"Im Auftrag unseres Kunden suchen wir Sie für den Standort München zum nächstmöglichen Zeitpunkt als „ Kreditorenbuchhalter SAP (m/w/d) “. Aufgaben Als Kreditorenbuchhalter (m/w/d) prüfen, erfassen und verbuchen Eingangsrechnungen in SAP Sie erstellen Belastungsanzeigen, Weiterberechnungen sowie Zahlläufe für nationale und internationale Lieferanten Darüber hinaus prüfen Sie Reisekostenabrechnungen und berücksichtigen"
c05bc257fdd74689,arbeitnow,Kundenbetreuer Immobilienverwaltung (m/w/d),MY Humancapital GmbH,Germany,Germany,False,Not disclosed,,,,,SAP mentioned,Other SAP-Related,Mid / Unspecified,Unspecified SAP,English,2026-07-24T17:00:32,https://www.arbeitnow.com/jobs/companies/my-humancapital-gmbh/kundenbetreuer-immobilienverwaltung-munich-489538,"Wir suchen Sie im Auftrag unseres Partnerunternehmens in München als „ Kundenbetreuer Immobilienverwaltung (m/w/d)“. Aufgaben Sie bearbeiten Kundenanliegen über Telefon, E-Mail und digitale Servicekanäle und dokumentieren diese nachvollziehbar in den entsprechenden Systemen Sie lösen Anfragen eigenständig oder leiten diese qualifiziert an die zuständigen Fachbereiche weiter Darüber hinaus beantworten Sie Kundenanfrag"
92ddb435284f7d7b,arbeitnow,Personalreferent (m/w/d),MY Humancapital GmbH,Germany,Germany,False,Not disclosed,,,,,SAP mentioned,Other SAP-Related,Mid / Unspecified,Unspecified SAP,English,2026-07-24T17:00:32,https://www.arbeitnow.com/jobs/companies/my-humancapital-gmbh/personalreferent-munich-453120,Im Auftrag unseres Partnerunternehmens in München suchen wir Sie zum nächstmöglichen Zeitpunkt als „Personalreferent (m/w/d)“. Aufgaben Sie betreuen Personalprozesse über den gesamten Employee Lifecycle – von der Einstellung bis zum Austritt Als Ansprechperson beraten Sie Führungskräfte und Mitarbeitende in personalrelevanten Fragestellungen Zu Ihren Aufgaben gehört die Erstellung von Arbeitsverträgen sowie weiteren 
f59c6b66d27a4c66,arbeitnow,Personalreferent HR Administration & Arbeitnehmerüberlassung (m/w/d),MY Humancapital GmbH,Germany,Germany,False,Not disclosed,,,,,SAP module/technical requirement,Other SAP-Related,Mid / Unspecified,HCM / SuccessFactors,,2026-07-24T17:00:32,https://www.arbeitnow.com/jobs/companies/my-humancapital-gmbh/personalreferent-hr-administration-arbeitnehmeruberlassung-munich-106564,"Personalreferent HR Administration & Arbeitnehmerüberlassung (m/w/d) gesucht – Vollzeit | München Im Auftrag unseres Partnerunternehmens in München suchen wir Sie zum nächstmöglichen Zeitpunkt als „Personalreferent (m/w/d)“. Aufgaben Sie betreuen personaladministrative Prozesse über den gesamten Employee Lifecycle – von der Einstellung bis zum Austritt Sie begleiten personelle Einzelmaßnahmen, erstellen arbeitsrechtl"
7a8b9dfa666990d5,arbeitnow,Personalsachbearbeiter (m/w/d),MY Humancapital GmbH,Germany,Germany,False,Not disclosed,,,,,SAP module/technical requirement,Other SAP-Related,Mid / Unspecified,HCM / SuccessFactors,English,2026-07-24T17:00:35,https://www.arbeitnow.com/jobs/companies/my-humancapital-gmbh/personalsachbearbeiter-munich-193187,"Personalsachbearbeiter (m/w/d) - Vollzeit | München | Öffentlicher Dienst Im Auftrag unseres Partnerunternehmens in München suchen wir Sie zum nächstmöglichen Zeitpunkt als „Personalsachbearbeiter (m/w/d)“. Aufgaben Als Personalsachbearbeiter (m/w/d) betreuen Sie Mitarbeitende vom Eintritt bis zum Austritt und begleiten alle personaladministrativen Prozesse im Tagesgeschäft Sie erstellen Arbeitsverträge, Bescheinigun"
905d97292499a083,arbeitnow,Personalsachbearbeiter (m/w/d),MY Humancapital GmbH,Germany,Germany,False,Not disclosed,,,,,SAP module/technical requirement,Other SAP-Related,Mid / Unspecified,HCM / SuccessFactors,English,2026-07-23T07:30:26,https://www.arbeitnow.com/jobs/companies/my-humancapital-gmbh/personalsachbearbeiter-munich-382093,"Personalsachbearbeiter (m/w/d) - Vollzeit | München | Öffentlicher Dienst Im Auftrag unseres Partnerunternehmens in München suchen wir Sie zum nächstmöglichen Zeitpunkt als „Personalsachbearbeiter (m/w/d)“. Aufgaben Als Personalsachbearbeiter (m/w/d) betreuen Sie Mitarbeitende vom Eintritt bis zum Austritt und begleiten alle personaladministrativen Prozesse im Tagesgeschäft Sie erstellen Arbeitsverträge, Bescheinigun"
63ced9c34623d79d,arbeitnow,Personalsachbearbeiter Zeitwirtschaft (m/w/d),MY Humancapital GmbH,Neufahrn bei Freising,Neufahrn bei Freising,False,Not disclosed,,,,,SAP module/technical requirement,Other SAP-Related,Mid / Unspecified,HCM / SuccessFactors,,2026-07-24T17:00:35,https://www.arbeitnow.com/jobs/companies/my-humancapital-gmbh/personalsachbearbeiter-zeitwirtschaft-neufahrn-bei-freising-384948,Personalsachbearbeiter Zeitwirtschaft (m/w/d) - Vollzeit | Neufahrn bei Freising | Öffentlicher Dienst Im Auftrag unseres Partnerunternehmens in Neufahrn suchen wir Sie zum nächstmöglichen Zeitpunkt als „Personalsachbearbeiter Zeitwirtschaft (m/w/d)“. Aufgaben Als Personalsachbearbeiter (m/w/d) bearbeiten Sie Zeiterfassungsvorgänge und unterstützen Mitarbeitende bei allen Fragen rund um Arbeitszeiten und Zeitkonten S
d93c8b85f82eba12,arbeitnow,Personalsachbearbeiter Zeitwirtschaft (m/w/d),MY Humancapital GmbH,Neufahrn bei Freising,Neufahrn bei Freising,False,Not disclosed,,,,,SAP module/technical requirement,Other SAP-Related,Mid / Unspecified,HCM / SuccessFactors,English,2026-07-23T10:00:26,https://www.arbeitnow.com/jobs/companies/my-humancapital-gmbh/personalsachbearbeiter-zeitwirtschaft-neufahrn-bei-freising-33353,Personalsachbearbeiter Zeitwirtschaft (m/w/d) - Vollzeit | Neufahrn bei Freising | Öffentlicher Dienst Im Auftrag unseres Partnerunternehmens in Neufahrn suchen wir Sie zum nächstmöglichen Zeitpunkt als „Personalsachbearbeiter Zeitwirtschaft (m/w/d)“. Aufgaben Als Personalsachbearbeiter (m/w/d) bearbeiten Sie Zeiterfassungsvorgänge und unterstützen Mitarbeitende bei allen Fragen rund um Arbeitszeiten und Zeitkonten S
f74026a220753530,arbeitnow,Projektcontroller (m/w/d),MY Humancapital GmbH,Germany,Germany,False,Not disclosed,,,,,SAP mentioned,Other SAP-Related,Mid / Unspecified,Unspecified SAP,German,2026-07-24T17:00:27,https://www.arbeitnow.com/jobs/companies/my-humancapital-gmbh/projektcontroller-munich-478468,"Im Auftrag unseres Partnerunternehmens aus dem Öffentlichen Dienst in München suchen wir Sie zum nächstmöglichen Zeitpunkt als „ Projektcontroller (m/w/d) “. Aufgaben Als Projektcontroller (m/w/d) steuern Sie die finanzielle Planung und Überwachung von Förder- und Drittmittelprojekten Zudem erstellen Sie Kalkulationen, überwachen Budgets, Kosten und Zahlungsflüsse und sichern die wirtschaftliche Steuerung Auch verant"
57f5b96ae74634e0,arbeitnow,Projektleiter (m/w/d) Simulationssysteme,MY Humancapital GmbH,Germany,Germany,False,Not disclosed,,,,,SAP mentioned,Other SAP-Related,Mid / Unspecified,Unspecified SAP,Agile / Scrum; German,2026-07-24T17:00:29,https://www.arbeitnow.com/jobs/companies/my-humancapital-gmbh/projektleiter-simulationssysteme-munich-337836,"Im Auftrag unseres Partnerunternehmens in München suchen wir Sie zum nächstmöglichen Zeitpunkt als „Projektleiter (m/w/d) “. Aufgaben Als Projektleiter (m/w/d) übernehmen Sie die Gesamtverantwortung für nationale und internationale Entwicklungsprojekte hinsichtlich Qualität, Terminen, Budget und Leistung Zudem steuern Sie komplexe technische Projekte und koordinieren interdisziplinäre Teams aus Entwicklung, Fertigung"
acc9be294e01757f,arbeitnow,Projektleiter Technisches Gebäudemanagement (m/w/d) Dresden,MY Humancapital GmbH,Germany,Germany,False,Not disclosed,,,,,SAP mentioned,Other SAP-Related,Mid / Unspecified,Unspecified SAP,English,2026-07-24T17:00:31,https://www.arbeitnow.com/jobs/companies/my-humancapital-gmbh/projektleiter-technisches-gebaudemanagement-dresden-59643,"Projektleiter Technisches Gebäudemanagement (m/w/d) gesucht – Vollzeit | Dresden Im Auftrag unseres Partnerunternehmens in Dresden suchen wir Sie zum nächstmöglichen Zeitpunkt als „Projektleiter Technisches Gebäudemanagement (m/w/d)“ Aufgaben Sie leiten Umbau- und Modernisierungsprojekte von der Bedarfsermittlung über die Planung bis zur erfolgreichen Umsetzung Sie koordinieren Planungsbüros, Dienstleister und ausfüh"
c9a806e2c395cf04,arbeitnow,Projektmanager Vertragsmanagement (m/w/d),MY Humancapital GmbH,Germany,Germany,False,Not disclosed,,,,,SAP mentioned,Other SAP-Related,Mid / Unspecified,Unspecified SAP,English; German,2026-07-24T17:00:28,https://www.arbeitnow.com/jobs/companies/my-humancapital-gmbh/projektmanager-vertragsmanagement-munich-297407,"Im Auftrag unseres Partnerunternehmens in München suchen wir Sie zum nächstmöglichen Zeitpunkt als „ Projektmanager Vertragsmanagement (m/w/d) “. Aufgaben Als Projektmanager (m/w/d) koordinieren und steuern Sie kaufmännische Prozesse innerhalb komplexer Projekt- und Serviceabläufe Zudem erstellen Sie Angebote, Preis- und Kostenkalkulationen und begleiten die kaufmännische Auftragsabwicklung eigenverantwortlich Auch p"
d071a5a4fc8bdc73,arbeitnow,SAP Inhouse Consultant Business Partner (m/w/d),MY Humancapital GmbH,Germany,Germany,False,Not disclosed,,,,,Core SAP delivery role,Technical / Development,Mid / Unspecified,S/4HANA,S/4HANA,2026-07-24T17:00:33,https://www.arbeitnow.com/jobs/companies/my-humancapital-gmbh/sap-inhouse-consultant-business-partner-munich-329294,SAP Inhouse Consultant Business Partner (m/w/d) - Vollzeit | München | Homeoffice-Möglichkeit Im Auftrag unseres Partnerunternehmens in München suchen wir Sie zum nächstmöglichen Zeitpunkt als „SAP Inhouse Consultant Business Partner (m/w/d)“. Aufgaben Sie übernehmen die IT-seitige Betreuung und Weiterentwicklung des SAP Business Partners in einer modernen S/4HANA-Systemlandschaft Dabei unterstützen Sie die Fachberei
b09742cbe8945dd0,arbeitnow,Sachbearbeiter Customer Service und Kundenbetreuung (m/w/d),MY Humancapital GmbH,Germany,Germany,False,Not disclosed,,,,,SAP mentioned,Other SAP-Related,Mid / Unspecified,Unspecified SAP,English,2026-07-24T17:00:30,https://www.arbeitnow.com/jobs/companies/my-humancapital-gmbh/sachbearbeiter-customer-service-und-kundenbetreuung-munich-372781,Im Auftrag unseres Partnerunternehmens suchen wir Sie zum nächstmöglichen Zeitpunkt als „ Sachbearbeiter Customer Service & Kundenbetreuung (m/w/d) “. Aufgaben Sie betreuen Kunden serviceorientiert zu auftragsbezogenen Fragestellungen in deutscher und englischer Sprache Sie erfassen Aufträge und sorgen für eine ordnungsgemäße Abwicklung sowie Fakturierung Darüber hinaus erstellen und prüfen Sie Kostenvoranschläge und
809fe6fa0b34d0f2,arbeitnow,Sachbearbeiter Logistik & Materialdisposition (m/w/d),MY Humancapital GmbH,Germany,Germany,False,Not disclosed,,,,,SAP mentioned,Other SAP-Related,Mid / Unspecified,Unspecified SAP,English,2026-07-24T17:00:30,https://www.arbeitnow.com/jobs/companies/my-humancapital-gmbh/sachbearbeiter-logistik-materialdisposition-munich-55428,"Im Auftrag unseres Partnerunternehmens in München suchen wir Sie zum nächstmöglichen Zeitpunkt als „Sachbearbeiter Logistik & Materialdisposition (m/w/d)“. Aufgaben Als Sachbearbeiter (m/w/d) unterstützen Sie bei der Planung und Sicherstellung der Ersatzteilversorgung Dabei koordinieren Sie als Schnittstelle die Zusammenarbeit zwischen Produktion, Intralogistik, Materialkoordination und Fertigung Sie betreuen logisti"
8fb8b0bfa63ea973,arbeitnow,Senior SAP BTP Developer (m/w/d),MY Humancapital GmbH,Germany,Germany,False,Not disclosed,,,,,Core SAP delivery role,Technical / Development,Senior,ABAP / Development; BTP / Integration; Fiori / UI5,SAP BTP; SAP Fiori; SAPUI5 / UI5; OData; RAP / CAP; German,2026-07-24T17:00:29,https://www.arbeitnow.com/jobs/companies/my-humancapital-gmbh/senior-sap-btp-developer-munich-158059,"Im Auftrag unseres Partnerunternehmens in München suchen wir Sie zum nächstmöglichen Zeitpunkt als „Senior SAP BTP Developer (m/w/d)“. Aufgaben Als Senior SAP BTP Developer (m/w/d) entwickeln und implementieren Sie komplexe Workflow- und Automatisierungslösungen auf Basis der SAP Business Technology Platform Zudem konzipieren Sie moderne UI- und Formularanwendungen mit SAP Build Apps, Fiori Elements und SAP UI5 und i"
620fd041de4c1539,arbeitnow,Technischer Property Manager (m/w/d),MY Humancapital GmbH,Germany,Germany,False,Not disclosed,,,,,SAP mentioned,Other SAP-Related,Lead / Manager,Unspecified SAP,,2026-07-24T17:00:28,https://www.arbeitnow.com/jobs/companies/my-humancapital-gmbh/technischer-property-manager-munich-158068,"Im Auftrag unseres Partnerunternehmens in München suchen wir Sie zum nächstmöglichen Zeitpunkt als „Technischer Property Manager (m/w/d)“. Aufgaben Als technischer Objektmanager (m/w/d) betreuen und überwachen Sie Wohn- und Gewerbeimmobilien im laufenden Betrieb Zudem führen Sie Objektbegehungen durch, bewerten den Instandhaltungsbedarf und unterstützen die langfristige Maßnahmenplanung Auch steuern Sie Instandsetzun"
7927c42cd2649d29,arbeitnow,Technischer Sachbearbeiter Disposition (m/w/d),MY Humancapital GmbH,Germany,Germany,False,Not disclosed,,,,,SAP mentioned,Other SAP-Related,Mid / Unspecified,Unspecified SAP,English,2026-07-24T17:00:34,https://www.arbeitnow.com/jobs/companies/my-humancapital-gmbh/technischer-sachbearbeiter-disposition-wangen-im-allgau-481672,"Technischer Sachbearbeiter Disposition (m/w/d) - Vollzeit | Wangen Im Auftrag unseres Partnerunternehmens in Wangen suchen wir Sie zum nächstmöglichen Zeitpunkt als „Technischer Sachbearbeiter in der Disposition (m/w/d)“. Aufgaben Als technischer Sachbearbeiter (m/w/d) pflegen Sie technische Stammdaten in SAP und übernehmen Aufgaben der Arbeitsvorbereitung Sie planen und koordinieren Montage-, Wartungs- und Instandha"
58ad77e879a1e9c6,arbeitnow,Vergabemanager (m/w/d) Öffentliche Ausschreibung,MY Humancapital GmbH,Germany,Germany,False,Not disclosed,,,,,SAP mentioned,Other SAP-Related,Mid / Unspecified,Unspecified SAP,,2026-07-24T17:00:29,https://www.arbeitnow.com/jobs/companies/my-humancapital-gmbh/vergabemanager-offentliche-ausschreibung-munich-255294,"Im Auftrag unseres Partnerunternehmens in München suchen wir Sie zum nächstmöglichen Zeitpunkt als „Vergabemanager (m/w/d) – Öffentliche Ausschreibungen“. Aufgaben Als Vergabemanager (m/w/d) steuern Sie nationale und europaweite Ausschreibungs- und Vergabeverfahren unter Einhaltung aktueller vergaberechtlicher Vorgaben Zudem beraten Sie interne Fachbereiche zu vergaberechtlichen Prozessen, geeigneten Vergabearten und"
eb5d3241fdfdc9b4,arbeitnow,Applikationsexperte IT-Betrieb (m/w/d),Merkl IT GmbH,Germany,Germany,False,Not disclosed,,,,,SAP mentioned,Other SAP-Related,Mid / Unspecified,Unspecified SAP,,2026-07-24T07:59:02,https://www.arbeitnow.com/jobs/companies/merkl-it-gmbh/it-service-manager-munich-63586,"Wir suchen einen Applikationsexperte IT-Betrieb (m/w/d) ab sofort , unbefristet, Vollzeit, hybrides Arbeitsmodell. Du unterstützt unseren Kunden beim Betrieb von Applikationen und Services (hybrides Arbeitsmodell: beim Kunden in München, im Büro in München, im Home-Office) und stehst für Anwender mit Deinem Team als zentraler Ansprechpartner (2nd Level) zur Verfügung. Zu Deinem Aufgabenbereich zählt die Planung sowie"
1ac312c6c9b12e32,arbeitnow,Senior Expert (w/m/d) - Logistics Management Systems,Miebach Consulting GmbH,Frankfurt am Main,Frankfurt am Main; Hessen; Deutschland,False,Not disclosed,,,,,SAP module/technical requirement,Technical / Development,Senior,EWM / WM / Logistics,SAP EWM; English; German,2026-07-22T08:31:40,https://www.arbeitnow.com/jobs/companies/miebach-consulting-gmbh/senior-expert-logistics-management-systems-frankfurt-am-main-269849,"Bei Miebach Consulting erwarten dich anspruchsvolle Aufgaben entlang der gesamten Supply Chain . Von Anfang an übernimmst du Verantwortung in spannenden Beratungsprojekten, unterstützt durch ein fundiertes, individuelles Trainingsprogramm. Du arbeitest analytisch und lösungsorientiert an komplexen Fragestellungen und entwickelst gemeinsam mit deinem Team innovative Lösungen für unsere Kunden. In einem dynamisch wachs"
05ff55afa82c63de,arbeitnow,(Senior) Consultant Data Management (m/w/d),Natuvion GmbH,Remote job,Remote job,True,Not disclosed,,,,,SAP module/technical requirement,Data / Analytics,Senior,S/4HANA; FI / CO / FICO,S/4HANA; FICO; English; German,2026-07-26T20:30:09,https://www.arbeitnow.com/jobs/companies/natuvion-gmbh/remote-senior-consultant-data-management-berlin-484200,"Gestalte die Zukunft der Daten in der SAP-Welt. Mit uns. Du fühlst dich im SAP-Universum zu Hause und möchtest in einer agilen Tech-Kultur arbeiten, in der du wirklich etwas bewegen kannst? Für dich sind Daten nicht nur Zahlen, sondern strategische Assets, die Unternehmen zukunftsfähig machen? Dann sollten wir uns kennenlernen! Wir suchen dich als (Senior) Consultant SAP S/4HANA Datenmigrationskonzepte (m/w/d) zur Ve"
15653d6dfb9de7f1,arbeitnow,AI Engineer (m/f/d),Natuvion GmbH,Remote job,Remote job,True,Not disclosed,,,,,SAP module/technical requirement,Basis / Security,Mid / Unspecified,Basis / Security,GRC / Security; English,2026-07-26T20:30:09,https://www.arbeitnow.com/jobs/companies/natuvion-gmbh/remote-ai-engineer-berlin-172448,"We’re looking for an engineer who builds AI systems that create real impact in production (not just demos) and has worked with retrieval or agent-based approaches on enterprise data. At Natuvion, we move business-critical data and processes between platforms. This data enables powerful AI — but also comes with complexity, sensitivity, and high stakes. We use AI to automate internal processes and to build intelligent "
8e22472248bc9c2c,arbeitnow,Werkstudent/in (m/w/d) Content Marketing,Natuvion GmbH,München,München; Bayern; Germany,False,Not disclosed,,,,,SAP mentioned,Other SAP-Related,Mid / Unspecified,Unspecified SAP,German,2026-07-26T20:30:09,https://www.arbeitnow.com/jobs/companies/natuvion-gmbh/werkstudent-in-content-marketing-munchen-17863,"Über die Position Du möchtest praktische Erfahrungen im B2B Marketing sammeln und aktiv dazu beitragen, die Kommunikation eines internationalen Softwareunternehmens mitzugestalten? Du hast Spaß am Schreiben, interessierst dich für Content Marketing und Social Media und möchtest lernen, wie aus komplexen IT-Themen überzeugender Content entsteht? Dann werde Teil unseres Marketing-Teams ! Als Werkstudent/in (m/w/d) Cont"
cdd000f46272e763,arbeitnow,Werkstudent IT Consultant (m/w/d) Test Automation - Hybrid (Hamburg),Nelta GmbH,Hamburg,Hamburg,False,Not disclosed,,,,,SAP mentioned,Functional Consulting,Mid / Unspecified,Unspecified SAP,English,2026-07-21T12:30:34,https://www.arbeitnow.com/jobs/companies/nelta-gmbh/werkstudent-it-consultant-test-automation-hybrid-hamburg-102406,"Du suchst nicht nur einen Job sondern Wirkung? Und einen Ort, an dem du sie entfalten kannst. Willkommen bei NELTA. Zusammen gestalten wir die digitale Welt von morgen. Was uns verbindet, ist mehr als Expertise. Es ist eine Haltung, die auf Vertrauen, Verbindlichkeit und Partnerschaft basiert. Diese Werte prägen, wie wir denken, handeln und miteinander arbeiten. Nelta ist ein agiles IT-Beratungshaus mit Hauptniederla"
442231db4ef110ad,arbeitnow,(Junior) Controller (m/w/d),OPUS ONE Recruitment GmbH,Germany,Germany,False,Not disclosed,,,,,SAP module/technical requirement,Other SAP-Related,Junior,HCM / SuccessFactors,English,2026-07-22T11:59:02,https://www.arbeitnow.com/jobs/companies/opus-one-recruitment-gmbh/junior-controller-munich-12376,"Unser Kunde ist ein international ausgerichteter Akteur im Gesundheitswesen. Dabei liegt der Fokus auf intelligente Bakterien, innovative Schmerztherapien und chemiefreie Arzneimittel. Zu Ihren Qualitäten gehört eine analytische Denkweise und Sie beherrschen die Interpretation von Daten und Informationen sowie deren strukturierte und logische Präsentation? Zeitgleich sind Ihnen flache Hierarchien, eine offene Kommuni"
695f1cfd7c879860,arbeitnow,Steuerexperte (m/w/d),OPUS ONE Recruitment GmbH,Germany,Germany,False,Not disclosed,,,,,SAP module/technical requirement,Other SAP-Related,Mid / Unspecified,FI / CO / FICO; HCM / SuccessFactors,FICO; German,2026-07-22T11:59:02,https://www.arbeitnow.com/jobs/companies/opus-one-recruitment-gmbh/steuerexperte-munich-58594,Unser Kunde ist einer der vier größten europäischen Triebwerksherstellern für die Luftfahrt. Sie bieten ihren Mitarbeitern ein gutes Arbeitsklima mit niedrigen Hierarchien und die Möglichkeit zum Mobile-Working (2-3 Tage/ Woche). Zudem kommen eine leistungsgerechte Bezahlung und verschiedene Weiterbildungsmöglichkeiten hinzu. Der Arbeitsplatz bietet moderne Büroflächen und U-Bahn-Anschluss direkt vor dem Bürogebäude.
486e5bcb3038ee0f,arbeitnow,Senior Manager SAP Transformation (m/w/d),PALTRON GmbH,Germany,Germany,False,Not disclosed,,,,,Core SAP delivery role,Other SAP-Related,Lead / Manager,Unspecified SAP,English; German,2026-07-24T07:00:48,https://www.arbeitnow.com/jobs/companies/paltron-gmbh/senior-manager-sap-transformation-cologne-229118,"Gemeinsam mit unserem Partner, einer erfolgreichen und hochspezialisierten Boutique-Beratung in Köln, suchen wir einen Senior Manager SAP Transformation (m/w/d) . Unser Partner vereint das Beste aus zwei Welten: Die Professionalität, Methodenstärke und die hochkarätigen Projekte einer klassischen Managementberatung, kombiniert mit der Agilität, Dynamik und der engen, gemeinschaftlichen Teamarbeit einer Start-up-Kultu"
8b9beb5a758736df,arbeitnow,Werkstudent Supply Chain Management (m/w/d),POSITEC Germany GmbH,Germany,Germany,False,Not disclosed,,,,,SAP mentioned,Other SAP-Related,Mid / Unspecified,Unspecified SAP,English; German,2026-07-25T05:29:22,https://www.arbeitnow.com/jobs/companies/positec-germany-gmbh/werkstudent-supply-chain-management-cologne-115905,"Das erwartet Dich bei uns: Du möchtest praktische Erfahrungen im Supply Chain Management sammeln und dabei aktiv zum Erfolg eines internationalen Unternehmens beitragen? Dann werde Teil unseres Teams! Bei uns erhältst Du spannende Einblicke in die Bereiche Bestandsmanagement, Bedarfsplanung und Logistik. Gemeinsam mit erfahrenen Kolleg:innen arbeitest Du an Projekten, analysierst Prozesse und unterstützt dabei, unser"
e7252ee1da63b3ff,arbeitnow,Director Public Relations (m/w/d) Consumer Electronics,Palmer Hargreaves GmbH,Germany,Germany,False,Not disclosed,,,,,SAP mentioned,Support / Operations,Lead / Manager,Unspecified SAP,,2026-07-21T10:31:49,https://www.arbeitnow.com/jobs/companies/palmer-hargreaves-gmbh/director-public-relations-consumer-electronics-cologne-238566,"palmerhargreaves ist die Agentur für komplexe Themen und Transformationsaufgaben. Inhabergeführt und international präsent, nutzen wir die Kraft von Kreativität, Beziehungen und Technologien, um für Marken und Menschen Resonanz zu erzeugen. Wie keine andere Agentur nutzt palmerhargreaves schon heute alle Möglichkeiten der generativen KI, um die Kommunikation ihrer Kunden noch effizienter und effektiver zu machen. Die"
040255f46b1725b5,arbeitnow,Werkstudent IT-Support (m/w/d),Palmer Hargreaves GmbH,Germany,Germany,False,Not disclosed,,,,,SAP mentioned,Support / Operations,Mid / Unspecified,Unspecified SAP,English; German,2026-07-23T11:30:39,https://www.arbeitnow.com/jobs/companies/palmer-hargreaves-gmbh/werkstudent-it-support-cologne-281693,"palmerhargreaves ist die Agentur für komplexe Themen und Transformationsaufgaben. Inhabergeführt und international präsent, nutzen wir die Kraft von Kreativität, Beziehungen und Technologien, um für Marken und Menschen Resonanz zu erzeugen. Wie keine andere Agentur nutzt palmerhargreaves schon heute alle Möglichkeiten der generativen KI, um die Kommunikation ihrer Kunden noch effizienter und effektiver zu machen. Die"
840d4ba7c6823ade,arbeitnow,SAP HCM Consultant,Pertemps ERP,Hanover,Hanover,False,Not disclosed,,,,,Core SAP delivery role,Functional Consulting,Mid / Unspecified,S/4HANA; HCM / SuccessFactors,S/4HANA; SuccessFactors; German,2026-07-23T13:31:00,https://www.arbeitnow.com/jobs/companies/pertemps-erp/sap-hcm-consultant-hanover-414135,Aufgaben Dringend gesucht: SAP HCM Consultants bei renommiertem Endkunden Du stehst am Anfang deiner Karriere in SAP HCM & willst die Möglichkeit an einer SAP H4S4 teilnehmen? Dann lass uns über die Möglichkeit bei unserem Klienten sprechen. Gehalt bis zu 70.000€ (abhängig von Erfahrung). Qualifikation 3 Jahre Erfahrung als SAP HCM Consultant Erfahrung in S/4HANA Fokus auf SAP HCM PY Erste Kenntnisse in SF EC Sehr gu
ad308f410ec57838,arbeitnow,SAP MM/SD Consultant,Pertemps ERP,Frankfurt am Main,Frankfurt am Main,True,Not disclosed,,,,,Core SAP delivery role,Functional Consulting,Mid / Unspecified,MM / Procurement; HCM / SuccessFactors,SAP MM; German,2026-07-23T13:30:59,https://www.arbeitnow.com/jobs/companies/pertemps-erp/sap-mm-sd-consultant-frankfurt-am-main-126374,"Suchst du eine neue Herausforderung als SAP MM/SD Consultant? Hast du gute Erfahrung mit P2P & O2C Prozessen? Aufgaben Dann lass uns über diese Möglichkeit bei einem unserer Stammkunden, einem SAP Gold Partner, sprechen. Man sucht einen erfahrenen SAP MM/SD Consultant, der direkt in die Projekte starten kann. Gehalt: bis zu 90.000€ (im Paket) (abhängig von Erfahrung). Qualifikation Mindestens 5 Jahre Erfahrung als SA"
a0d6e5223abc6d7c,arbeitnow,(Senior) SAP Entwickler (m/w/d),SAPPLIER GmbH,Germany,Germany,False,Not disclosed,,,,,SAP-titled role,Technical / Development,Senior,S/4HANA; ABAP / Development; BTP / Integration; Fiori / UI5; HCM / SuccessFactors,ABAP; S/4HANA; SAP Fiori; SAPUI5 / UI5; OData; RAP / CAP; IDoc; English; German,2026-07-21T06:59:02,https://www.arbeitnow.com/jobs/companies/sapplier-gmbh/senior-sap-entwickler-cologne-385154,"Für ein sehr renommiertes Unternehmen suchen wir zum nächstmöglichen Zeitpunkt einen (Senior) SAP Entwickler (m/w/d). Aufgaben Du entwickelst neue Anwendungen innerhalb unserer SAP-Systeme S/4HANA und CAR. Du übernimmst die Konzeption, Implementierung, das Testen sowie die Dokumentation von Softwarelösungen. Du unterstützt unsere Anwendungsberater*innen technisch bei der Anforderungsanalyse. Du analysierst und optimi"
ea319a1dd71c8ece,arbeitnow,SAP CO Inhouse Berater (m/w/d),SAPPLIER GmbH,Frankfurt am Main,Frankfurt am Main,False,Not disclosed,,,,,SAP-titled role,Functional Consulting,Mid / Unspecified,S/4HANA; FI / CO / FICO; HCM / SuccessFactors,S/4HANA; FICO; German,2026-07-20T12:01:04,https://www.arbeitnow.com/jobs/companies/sapplier-gmbh/sap-co-inhouse-berater-frankfurt-am-main-322992,Für ein sehr renommiertes Unternehmen suchen wir zum nächstmöglichen Zeitpunkt einen SAP CO Inhouse Berater (m/w/d). Aufgaben Ansprechpartner für Anfragen und Anforderungen im SAP CO-Modul Unterstützung der S/4HANA-Digitaltransformation Management des globalen Rollouts und der Optimierung des SAP CO-Moduls IT- und Geschäftsprozesspartner für Implementierung und Betrieb Teilweise Übernahme der Projektleitung bei Auftr
180e1f58088272d6,arbeitnow,SAP FI Inhouse Berater (m/w/d) / 60% Home Office Anteil,SAPPLIER GmbH,Germany,Germany,False,Not disclosed,,,,,SAP-titled role,Other SAP-Related,Mid / Unspecified,S/4HANA; FI / CO / FICO; HCM / SuccessFactors,S/4HANA; FICO; SuccessFactors; German,2026-07-20T12:01:05,https://www.arbeitnow.com/jobs/companies/sapplier-gmbh/sap-fi-inhouse-berater-60-home-office-anteil-cologne-481156,"Für ein sehr renommiertes Unternehmen suchen wir zum nächstmöglichen Zeitpunkt einen SAP FI Inhouse Berater (m/w/d). Aufgaben Konzeption von komplexen SAP S/4HANA-Lösungen für Finanzbuchhaltung, Controlling und Debitoren-/Kreditorenbuchhaltung Design von SAP S/4HANA-basierten Cloud-Lösungen für den internationalen Einsatz im Industrieversicherungsgeschäft Erstellung von Spezifikationen für die Erweiterung von SAP-Sta"
54514d96f5fe278d,arbeitnow,SAP MM Inhouse Berater (m/w/d) / Bis zu 60% Home Office Anteil,SAPPLIER GmbH,Hamburg,Hamburg,False,Not disclosed,,,,,SAP-titled role,Other SAP-Related,Mid / Unspecified,MM / Procurement; HCM / SuccessFactors,SAP MM; German,2026-07-23T16:30:27,https://www.arbeitnow.com/jobs/companies/sapplier-gmbh/sap-mm-inhouse-berater-bis-zu-60-home-office-anteil-hamburg-384010,"Für ein sehr renommiertes Unternehmen suchen wir zum nächstmöglichen Zeitpunkt einen SAP MM Inhouse Berater (m/w/d). Aufgaben Prozessberatung und Lösungsdesign — Anforderungen analysieren und integrierte SAP-MM-Lösungen gemeinsam mit Fachbereichen, Entwicklern und Beratern konzipieren Systembetreuung und Optimierung — Customizing, Analyse bestehender Prozesse und kontinuierliche Verbesserung der Systemperformance Pro"
d671718189a19bde,arbeitnow,SAP SuccessFactors Inhouse Berater (m/w/d) / 60% Home Office Anteil,SAPPLIER GmbH,Germany,Germany,False,Not disclosed,,,,,SAP-titled role,Technical / Development,Mid / Unspecified,BTP / Integration; HCM / SuccessFactors,SAP BTP; CPI / Integration Suite; SuccessFactors; English,2026-07-20T12:01:05,https://www.arbeitnow.com/jobs/companies/sapplier-gmbh/sap-successfactors-inhouse-berater-60-home-office-anteil-cologne-242556,"Für ein sehr renommiertes Unternehmen suchen wir zum nächstmöglichen Zeitpunkt einen SAP SuccessFactors Inhouse Berater (m/w/d). Aufgaben Konfiguration und Weiterentwicklung von Employee Central Verwaltung von Schnittstellen (CPI, BTP) und Systemintegrationen Umsetzung von Anbindungen zwischen SAP- und Non-SAP-Systemen Third-Level-Support und Fehleranalyse Überwachung regulatorischer Anforderungen (DORA, VAIT) Qualif"
fd4764a298347f03,arbeitnow,SAP Lead Consultant (m/w/d) SAP Transformation & Digital Supply Chain,Slenderiser GmbH,Germany,Germany,True,Not disclosed,,,,,Core SAP delivery role,Technical / Development,Lead / Manager,S/4HANA; Fiori / UI5; TM / GTS / Supply Chain; HCM / SuccessFactors; MDG / Master Data,S/4HANA; SAP Fiori; MDG; English,2026-07-21T13:30:37,https://www.arbeitnow.com/jobs/companies/slenderiser-gmbh/sap-lead-consultant-sap-transformation-digital-supply-chain-dusseldorf-93242,"Starte mit uns durch! Du gestaltest ganzheitliche Supply-Chain-Transformationen von SAP ECC zu SAP S/4HANA – On-Premise sowie in der SAP S/4HANA Cloud, Private Edition und SAP S/4HANA Cloud, Public Edition. Als fachlicher Lead verbindest du End-to-End-Prozessverständnis, Cloud-Architektur und datengetriebene Innovation – von der Roadmap bis zum Go-Live. Zudem entwickelst du unser Portfolio im Bereich Digital Supply C"
4f01b991dc3fdbb5,arbeitnow,SAP Logistik Consultant (m/w/d),Slenderiser GmbH,Germany,Germany,True,Not disclosed,,,,,Core SAP delivery role,Technical / Development,Mid / Unspecified,S/4HANA,S/4HANA; German,2026-07-21T13:30:36,https://www.arbeitnow.com/jobs/companies/slenderiser-gmbh/sap-logistik-consultant-dusseldorf-454230,"Starte mit uns durch! Egal, ob Du am Anfang deiner Karriere stehst oder bereits Erfahrung gesammelt hast – wir suchen nach motivierten Talenten, die unsere Teams bereichern. Wenn Du Deine Leidenschaft für SAP in die Welt der Logistikprozesse einbringen möchtest, dann bist Du bei uns genau richtig. Sei Teil eines dynamischen Teams und gestalte die Zukunft der SAP-Beratung mit uns gemeinsam! Aufgaben Deine Mission: Eig"
e93e1320e909a8ce,arbeitnow,Product Engineer (m/f/d),Stackgini GmbH,Germany,Germany,False,Not disclosed,,,,,SAP mentioned,Technical / Development,Mid / Unspecified,Unspecified SAP,English; German,2026-07-23T19:29:03,https://www.arbeitnow.com/jobs/companies/stackgini-gmbh/product-engineer-berlin-453404,"At Stackgini we are turning business ideas into technology impact. In most large companies this journey is broken. A good idea lands in an IT organization that runs hundreds of applications, and nobody can tell you quickly what already exists, what is redundant or what to buy. So decisions happen in spreadsheets and gut feeling, and ideas wait. We are changing that. Our platform understands the enterprise application"
a0ca4057e39ab5ee,arbeitnow,Senior Einkäufer (m/f/d) – Indirektes Material & Dienstleistungen (Semiconductor / Backend),Swissbit,DE-Berlin,DE-Berlin,False,Not disclosed,,,,,SAP mentioned,Other SAP-Related,Senior,Unspecified SAP,English; German,2026-07-25T05:09:46,https://www.arbeitnow.com/jobs/companies/swissbit/senior-einkaufer-indirektes-material-dienstleistungen-semiconductor-backend-de-berlin-145713,"A Swissbit more you. Bei uns gestaltest du die Zukunft! Swissbit ist der führende europäische Hersteller von Speicher- und Security-Lösungen für Industrie- und IoT-Anwendungen. Wir stärken die digitale und vernetzte Welt, indem wir Daten zuverlässig speichern und schützen. Dafür und für viele weitere spannende Projekte suchen wir Kolleg:innen, die gemeinsam mit uns etwas bewegen wollen. Deine Mission In dieser Rolle "
1137f4fce59695d4,arbeitnow,Qualitätssicherungsingenieur (all genders),TECOSIM GmbH,Lampoldshausen,Lampoldshausen; Baden-Württemberg; Deutschland,False,Not disclosed,,,,,SAP mentioned,Other SAP-Related,Mid / Unspecified,Unspecified SAP,German,2026-07-25T11:30:28,https://www.arbeitnow.com/jobs/companies/tecosim-gmbh/qualitatssicherungsingenieur-all-genders-lampoldshausen-478556,Du stellst dich Herausforderungen wie der Übernahme von Qualitätssicherungsaufgaben mit Schwerpunkt auf Komponenten für chemische und elektrische Antriebssysteme der Überprüfung der Übereinstimmung von Produkt- und Qualitätssicherungsanforderungen des Kunden mit internen Qualitätsstandards der Sicherstellung der korrekten Erfüllung von Produkt- und Qualitätssicherungsanforderungen unter Einhaltung der geltenden Unter
a61e72b28655e5ab,arbeitnow,Qualitätssicherungsingenieur (all genders),TECOSIM GmbH,Lampoldshausen,Lampoldshausen,False,Not disclosed,,,,,SAP mentioned,Other SAP-Related,Mid / Unspecified,Unspecified SAP,English; German,2026-07-21T07:20:22,https://www.arbeitnow.com/jobs/companies/tecosim-gmbh/qualitatssicherungsingenieur-all-genders-lampoldshausen-195166,Du stellst dich Herausforderungen wie der Übernahme von Qualitätssicherungsaufgaben mit Schwerpunkt auf Komponenten für chemische und elektrische Antriebssysteme der Überprüfung der Übereinstimmung von Produkt- und Qualitätssicherungsanforderungen des Kunden mit internen Qualitätsstandards der Sicherstellung der korrekten Erfüllung von Produkt- und Qualitätssicherungsanforderungen unter Einhaltung der geltenden Unter
ae5317915862e350,arbeitnow,Projektlekitung Klassifizierung von Personalakten (m/w/d) in Voll- oder Teilzeit,Transferdata GmbH,Eching,Eching,False,Not disclosed,,,,,SAP module/technical requirement,Other SAP-Related,Mid / Unspecified,HCM / SuccessFactors,Agile / Scrum,2026-07-24T19:30:32,https://www.arbeitnow.com/jobs/companies/transferdata-gmbh/projektlekitung-klassifizierung-von-personalakten-in-voll-oder-teilzeit-eching-90085,"Bist du bereit, Teil eines der führenden Unternehmen im Bereich ECM-Lösungen zu werden? Bei Transferdata GmbH in Eching bieten wir dir die Chance, in einem dynamischen Umfeld zu arbeiten, das Innovation und hohe Qualitätsstandards vereint. Als Projektleitung Klassifizierung von Personalakten (m/w/d) in Voll- oder Teilzeit bist du verantwortlich für die Leitung und Umsetzung spannender Digitalisierungsprojekte. Dabei "
211aa5559d3309f9,arbeitnow,SAP Engagement Cloud Consultant (m/w/d) (Ref.Nr.: 47309),Wavestone Germany AG,Germany,Germany,False,Not disclosed,,,,,Core SAP delivery role,Technical / Development,Mid / Unspecified,BTP / Integration,CPI / Integration Suite; English,2026-07-23T12:30:29,https://www.arbeitnow.com/jobs/companies/wavestone-germany-ag/sap-engagement-cloud-consultant-refnr-47309-cologne-351255,"Wir suchen für ein SAP C4C Projekt einen Experten zur Unterstützung im Bereich SAP Engagement Cloud Enterprise Edition. Der Fokus liegt auf der Implementierung, Konfiguration und Integration der Lösung in eine bestehende Systemlandschaft. Key Facts Start: 01.09.2026 Dauer: Nicht bekannt Auslastung: 100 % Einsatzart: Einsatzort: Köln Einsatzland: Deutschland Ihre Aufgaben • Implementierung der SAP Engagement Cloud Ent"
e69292b9568ac3a2,arbeitnow,Senior Berater SAP Analytics (w/m/d),Westernacher Consulting,Germany,Germany,False,Not disclosed,,,,,SAP-titled role,Technical / Development,Senior,ABAP / Development; HANA / Data,ABAP; SAP Analytics Cloud; Datasphere; German,2026-07-25T23:04:19,https://www.arbeitnow.com/jobs/companies/westernacher-consulting/senior-berater-sap-analytics-heidelberg-germany-184708,"Willst Du Deine SAP-Expertise in einem Unternehmen umsetzen, das Exzellenz und Qualität an erster Stelle setzt? Bei Westernacher Consulting hast Du die Möglichkeit an anspruchsvollen Projekten zusammen mit Top-Experten zu arbeiten. Deine Aufgaben als Senior Berater SAP Analytics (w/m/d) Du arbeitest SAP SAC Implementierungen und bringst Prozessberatung und technische Expertise ein Du entwirfst und konfigurierst SAP-L"
f0fb906cfa392e99,arbeitnow,Senior SAP EWM Berater (w/m/d),Westernacher Consulting,Germany,Germany,False,Not disclosed,,,,,SAP-titled role,Other SAP-Related,Senior,EWM / WM / Logistics,SAP EWM; German,2026-07-25T23:04:19,https://www.arbeitnow.com/jobs/companies/westernacher-consulting/senior-sap-ewm-berater-heidelberg-germany-461777,"Willst Du Deine SAP-Expertise in einem Unternehmen umsetzen, das Exzellenz und Qualität an erster Stelle setzt? Bei Westernacher Consulting hast Du die Möglichkeit an großen, anspruchsvollen Projekten zusammen mit Top-Experten zu arbeiten. Deine Aufgaben als (Senior) SAP EWM Berater (w/m/d) Du begleitest unsere Kunden in nationalen und internationalen Projekten bei der Implementierung des SAP Extended Warehouse Manag"
2b727f8d640b0d0b,arbeitnow,"(Senior) Financial Analyst, FP&A and Operations Finance (m/f/d), Xylem Analytics",Xylem,Weilheim in Oberbayern,Weilheim in Oberbayern,False,Not disclosed,,,,,SAP mentioned,Technical / Development,Senior,Unspecified SAP,English; German,2026-07-21T08:00:32,https://www.arbeitnow.com/jobs/companies/xylem/senior-financial-analyst-fpa-and-operations-finance-xylem-analytics-weilheim-in-oberbayern-418180,"We currently have an open position as (Senior) Financial Analyst, FP&A and Operations Finance (m/f/d), Xylem Analytics at our site in Weilheim (Bavaria) or Mainz. The ""(Senior) Financial Analyst, FP&A and Operations Finance (m/f/d), Xylem Analytics"" provides combined FP&A and operational finance support to the Analytics business, with a strong focus on reporting, budgeting, inventory, cost, and operational performanc"
84f8a4b881da68cb,arbeitnow,SAP Consultant Ariba Buying (w/m/d)* - 100% remote,calmindon GmbH,Germany,Germany,True,Not disclosed,,,,,Core SAP delivery role,Functional Consulting,Entry / Intern,MM / Procurement,Ariba; German,2026-07-20T10:59:04,https://www.arbeitnow.com/jobs/companies/calmindon-gmbh/sap-consultant-ariba-buying-100-remote-paderborn-72503,"Hast Du Interesse, uns als SAP Consultant Ariba Buying zu unterstützen? Dann lass uns ins Gespräch kommen! Wir haben im Oktober 2022 die calmindon GmbH mit Fokus auf „Einkauf mit SAP“ gegründet und uns Transformation. Einfach. Menschlich. auf die Fahnen geschrieben. Unser Ziel ist es, unseren Kunden eine exzellente, menschenorientierte und ehrliche SAP-Beratung zu bieten. Dabei setzen wir nicht nur auf effiziente Lös"
f6a2654e26502a5c,arbeitnow,Senior Consultant SAP SD (m/w/d) S/4HANA Sales,cbs Corporate Business Solutions GmbH,Germany,Germany,False,Not disclosed,,,,,Core SAP delivery role,Functional Consulting,Senior,S/4HANA; SD / Sales; TM / GTS / Supply Chain,S/4HANA; SAP SD; English; German,2026-07-24T09:20:13,https://www.arbeitnow.com/jobs/companies/cbs-corporate-business-solutions-gmbh/senior-consultant-sap-sd-s-4hana-sales-heidelberg-144211,"Wir sind die Berater der Weltmarktführer: Hochmotivierte Expertinnen und Experten, die als erfolgreiches Team digitale End-to-End-Geschäftsprozesslösungen vorantreiben. Gemeinsam stärken wir die Zukunft der beeindruckendsten Unternehmen der Welt aus Maschinen- und Anlagenbau, Automotive, Life Science, Pharma und Chemie, mit denen wir viel gemeinsam haben. Unser ausgezeichneter Ruf bei Hidden Champions öffnet Dir die "
528223317d1acf80,arbeitnow,Principal Client Value Partner - Retail,celonis,Germany,Germany,False,Not disclosed,,,,,SAP module/technical requirement,Technical / Development,Lead / Manager,S/4HANA,S/4HANA; English,2026-07-24T11:56:18,https://www.arbeitnow.com/jobs/companies/celonis/principal-client-value-partner-retail-munich-63455,"<div class=""content-intro""><p>Celonis is the global leader in Process Intelligence and the pioneer of Process Mining technology. As one of the world’s fastest-growing enterprise SaaS companies, we are changemakers pushing the boundaries of what’s possible. We invest heavily in advanced AI capabilities—specifically our Process Intelligence Graph—to turn data insights into immediate business action. We believe there is"
fe99785f1b9aea2b,arbeitnow,Principal Client Value Partner - Retail,celonis,Remote,Remote,True,Not disclosed,,,,,SAP module/technical requirement,Technical / Development,Lead / Manager,S/4HANA,S/4HANA; English,2026-07-24T11:56:18,https://www.arbeitnow.com/jobs/companies/celonis/remote-principal-client-value-partner-retail-437827,"<div class=""content-intro""><p>Celonis is the global leader in Process Intelligence and the pioneer of Process Mining technology. As one of the world’s fastest-growing enterprise SaaS companies, we are changemakers pushing the boundaries of what’s possible. We invest heavily in advanced AI capabilities—specifically our Process Intelligence Graph—to turn data insights into immediate business action. We believe there is"
27795a15cdeb58ac,arbeitnow,Principal Enterprise Architect,celonis,Germany,Germany,False,Not disclosed,,,,,SAP mentioned,Architecture,Lead / Manager,Unspecified SAP,English; German,2026-07-24T11:56:18,https://www.arbeitnow.com/jobs/companies/celonis/principal-enterprise-architect-munich-185176,"<div class=""content-intro""><p>Celonis is the global leader in Process Intelligence and the pioneer of Process Mining technology. As one of the world’s fastest-growing enterprise SaaS companies, we are changemakers pushing the boundaries of what’s possible. We invest heavily in advanced AI capabilities—specifically our Process Intelligence Graph—to turn data insights into immediate business action. We believe there is"
7fbfce92e57822be,arbeitnow,Werkstudent Office Manager:in (m/f/d),hellomateo,Germany,Germany,False,Not disclosed,,,,,SAP mentioned,Data / Analytics,Lead / Manager,Unspecified SAP,English,2026-07-22T17:59:03,https://www.arbeitnow.com/jobs/companies/hellomateo/werkstudent-office-managerin-berlin-24669,"Bei hellomateo arbeiten wir daran, die Zukunft der Kundenkommunikation zu gestalten. Während unsere Tech-Teams Unternehmen dabei helfen, über innovative Kanäle wie WhatsApp und Instagram mit ihren Kunden in Kontakt zu treten, wird unser schnell wachsendes Team in Berlin (mittlerweile 45 Mitarbeitende) von Leidenschaft und Teamgeist angetrieben. Unsere Gründer bringen langjährige Erfahrung von SAP und aus dem Silicon "
b520e85e2d17fa8a,arbeitnow,(Senior) SAP Consultant Logistik (EWM) (m/w/d),neoimpulse GmbH,Ismaning,Ismaning,False,Not disclosed,,,,,Core SAP delivery role,Technical / Development,Senior,EWM / WM / Logistics; TM / GTS / Supply Chain,SAP EWM; SAP TM; English; German,2026-07-20T12:29:02,https://www.arbeitnow.com/jobs/companies/neoimpulse-gmbh/senior-sap-consultant-logistik-ewm-ismaning-284559,"Was uns als Arbeitgeber auszeichnet: Wir bei neoimpulse sind überzeugt: Die Zukunft der Lieferketten ist digital. Als spezialisierte Unternehmensberatung mit Fokus auf die digitale Supply Chain unterstützen wir unsere Kunden dabei, ihre Potenziale voll auszuschöpfen, mit durchdachten Prozessen, smarten SAP-Lösungen und gezieltem Technologieeinsatz. Unser 40-köpfiges Team vereint fundiertes Prozessverständnis und tech"
e427535bff09301f,arbeitnow,Senior) Developer SAP ABAP - Schwerpunkt EWM (m/w/d),neoimpulse GmbH,Ismaning,Ismaning,False,Not disclosed,,,,,Core SAP delivery role,Technical / Development,Senior,ABAP / Development; EWM / WM / Logistics,ABAP; SAP EWM; German,2026-07-20T12:59:02,https://www.arbeitnow.com/jobs/companies/neoimpulse-gmbh/senior-developer-sap-abap-schwerpunkt-ewm-ismaning-247763,"Wir bei neoimpulse sind überzeugt: Die Zukunft der Lieferketten ist digital. Als spezialisierte Unternehmensberatung mit Fokus auf die digitale Supply Chain unterstützen wir unsere Kunden dabei, ihre Potenziale voll auszuschöpfen, mit durchdachten Prozessen, smarten SAP-Lösungen und gezieltem Technologieeinsatz. Unser 40-köpfiges Team vereint fundiertes Prozessverständnis und technologische Exzellenz – in Projekten e"
e01614caeee01e75,arbeitnow,Sr Agent Architect (Germany),parloa,Not specified,Not specified,False,Not disclosed,,,,,SAP mentioned,Architecture,Senior,Unspecified SAP,English; German,2026-07-23T06:16:08,https://www.arbeitnow.com/jobs/companies/parloa/sr-agent-architect-germany-445287,"<h2><strong>About Parloa</strong></h2> <p>Parloa’s mission is to make every customer conversation feel effortless for both customers and the companies serving them. As agentic AI accelerates, Parloans are shaping the foundation of a new era in customer experience - one where customer support is no longer transactions, but meaningful exchanges. It is not just a vision; Parloa has powered over ONE BILLION interactions "
b4d198e9f3795fd3,arbeitnow,Backend Engineer - Enterprise Integration Focus (f/m/x),sparetech,Not specified,Not specified,False,Not disclosed,,,,,SAP module/technical requirement,Technical / Development,Mid / Unspecified,S/4HANA; BTP / Integration,S/4HANA; CPI / Integration Suite; PI/PO; IDoc,2026-07-22T18:16:04,https://www.arbeitnow.com/jobs/companies/sparetech/backend-engineer-enterprise-integration-focus-228902,"<h1>Your Mission</h1> <p>As a backend engineer with a focus on Integrations at SPARETECH, you will enable fast and reliable integrations between our platform and our customers’ ERP systems. You will work closely with customer engineering teams (e.g. SAP, middleware, IT) as well as SPARETECH backend engineers, Product, and Customer Success to ensure smooth data exchange via APIs and webhooks.</p> <p>You will combine b"
08b6c2f417aaa5f6,arbeitnow,Service Desk Spezialist - Onsite in Köln (m/w/d),think about IT GmbH,Germany,Germany,False,Not disclosed,,,,,SAP mentioned,Support / Operations,Mid / Unspecified,Unspecified SAP,,2026-07-24T14:31:08,https://www.arbeitnow.com/jobs/companies/think-about-it-gmbh/service-desk-spezialist-onsite-in-koln-cologne-267491,"Die thinkGROUP ist eine erfolgreiche Systemhausgruppe, die ständig nach Innovation strebt und großen Wert auf die kontinuierliche Optimierung unserer internen Prozesse legt. Die Nutzung modernster Technologien ist kein Selbstzweck, sondern die Ausprägung unseres Innovationsgeistes und gelebter Kundenorientierung. Hervorragender IT-Service bedarf optimaler Systeme. Unser motiviertes Team gibt täglich sein Bestes, um u"
8e713b7029d75125,arbeitnow,Team Lead Accounting (m/w/d),think about IT GmbH,Germany,Germany,False,Not disclosed,,,,,SAP mentioned,Other SAP-Related,Lead / Manager,Unspecified SAP,,2026-07-24T14:31:07,https://www.arbeitnow.com/jobs/companies/think-about-it-gmbh/team-lead-accounting-bochum-321826,"Die thinkGROUP ist eine erfolgreiche Systemhausgruppe, die ständig nach Innovation strebt und großen Wert auf die kontinuierliche Optimierung unserer internen Prozesse legt. Die Nutzung modernster Technologien ist kein Selbstzweck, sondern die Ausprägung unseres Innovationsgeistes und gelebter Kundenorientierung. Hervorragender IT-Service bedarf optimaler Systeme. Unser motiviertes Team gibt täglich sein Bestes, um u"
6e6a1ef0c358ff9b,arbeitnow,Teamlead Compensation & Benefits (m/f/d),visionm GmbH,Frankfurt am Main,Frankfurt am Main,False,Not disclosed,,,,,SAP module/technical requirement,Data / Analytics,Mid / Unspecified,HCM / SuccessFactors,SuccessFactors; German,2026-07-23T07:59:02,https://www.arbeitnow.com/jobs/companies/visionm-gmbh/manager-total-reward-compensation-benefits-frankfurt-am-main-66137,"Unser Kunde ist ein erfolgreiches Unternehmen in Frankfurt/Main. Durch organisches Wachstum und auch durch Akquisitionen sind die Strukturen im Bereich Total Reward weiterzuentwickeln. Wir suchen Persönlichkeiten, die mit Herz und Hand die Dinge konzipieren und dann auch umsetzen! Aufgaben Entwicklung, Pflege und Implementation von Vergütungsstrategien und -richtlinien, inkl. fixer und variabler Vergütung Führung und"
6c51332bc25f0a85,arbeitnow,Key Account Manager:in / Vorstellung auf Entscheidungsträgerebene / hybrid Berlin / 70.000 - 90.000,wabcon,Germany,Germany,False,Not disclosed,,,,,SAP mentioned,Other SAP-Related,Lead / Manager,Unspecified SAP,English; German,2026-07-22T08:30:35,https://www.arbeitnow.com/jobs/companies/wabcon/key-account-managerin-vorstellung-auf-entscheidungstragerebene-hybrid-berlin-70000-90000-259036,"Wir arbeiten derzeit als externer Recruiting-Partner direkt für den Bedarf- und Entscheidungsträger aus dem Fachbereich (nicht HR), bei einem der interessantesten Arbeitgeber in Deutschland im Bereich Elektronik-Industrie. Für unseren Kunden suchen wir zum nächstmöglichen Zeitpunkt einen engagierten Key Account Manager (m/w/d), der mit Vertriebsstärke, Verhandlungsgeschick und Kundenorientierung überzeugt. In dieser "
c1bfe29b7310bb35,jobicy,Position for Dutch-Speaking Client Operations Specialist,Atlean World,Portugal,Portugal,True,Not disclosed,,,,,SAP mentioned,Functional Consulting,Mid / Unspecified,Unspecified SAP,English,2026-07-01T11:51:42+00:00,https://jobicy.com/jobs/145061-position-for-dutch-speaking-client-operations-specialist,"Atlean World is an HR SaaS Consultant that aims to promote multicultural environments as the new reality. We specialize in multilingual markets, making the candidate’s recruitment journey smoother and more enjoyable. Your Next Job, Without Boundaries! We are excited to offer a remote opportunity for a Dutch-speaking Client Operations Specialist. In this role, you will be the key point of contact for our clients, ensu"
7caefd079c09c3b9,jobicy,Senior SAP CO Process Expert,Bosch,Mexico,Mexico,True,Not disclosed,,,,,SAP-titled role,Technical / Development,Lead / Manager,S/4HANA; FI / CO / FICO,S/4HANA; FICO; English,2026-07-07T03:31:59+00:00,https://jobicy.com/jobs/148884-senior-sap-co-process-expert,"Job Description As a Senior SAP CO Process Expert, you will lead the design, implementation, and global rollout of SAP Controlling (CO) processes within a dynamic S/4HANA transformation. In this role, you’ll serve as a key consultant and implementation lead, driving cross-functional collaboration between Controlling, Finance, and adjacent business units such as Production, Logistics, and R&D. You'll also work closely"
4183e1e1e3d9572a,jobicy,Procurement Analyst,Eightfold,United States,United States,True,Disclosed,60000,85000,USD,annual,SAP module/technical requirement,Data / Analytics,Mid / Unspecified,MM / Procurement,Ariba,2026-07-08T20:22:28+00:00,https://jobicy.com/jobs/149007-procurement-analyst,"Eightfold is a global leader in an AI-native enterprise talent platform , trusted by the world’s largest & most respected Fortune 500 organizations. Our platform is built from the ground up, operating at scale across Azure and AWS, deployed in multiple regions globally, including IL4-compliant environments for the US Government, supporting users in 100+ countries and 30+ languages. Today, Eightfold is at the forefron"
18004e5bd364c36f,jobicy,"Senior Manager, Deal Desk",Eightfold,United States,United States,True,Not disclosed,,,,,SAP mentioned,Data / Analytics,Lead / Manager,Unspecified SAP,,2026-07-02T04:07:37+00:00,https://jobicy.com/jobs/148328-senior-manager-deal-desk,"Eightfold was founded with a vision to solve for employment in our society. For decades, the connection between individuals and opportunities has been based on who they are and the strength of their network, rather than their potential. Eightfold leverages artificial intelligence to transform how organizations think about skills and capabilities — and how individuals make career decisions.To date, Eightfold AI has re"
2341932cd78dae64,jobicy,Talent Acquisition Partner,Ericsson,Canada,Canada,True,Disclosed,63500,83475,CAD,annual,SAP module/technical requirement,Functional Consulting,Entry / Intern,HCM / SuccessFactors,SuccessFactors,2026-07-18T03:20:02+00:00,https://jobicy.com/jobs/146673-talent-acquisition-partner-2,"Join our Team At this time, Ericsson Canada Inc. does not provide immigration assistance/sponsorship now or in the future for this position. About the Opportunity: Ericsson is looking for a Talent Acquisition Partner – Early Careers (Intern & Co-op), based in Ottawa, to support intern and co-op hiring across Canada and the United States. This role is central to delivering high-quality early talent hiring outcomes thr"
2da97bfb50b9e2dc,jobicy,Customer Solutions Architect,Fivetran,Japan,Japan,True,Not disclosed,,,,,SAP module/technical requirement,Architecture,Lead / Manager,HANA / Data,SAP HANA,2026-07-14T14:10:04+00:00,https://jobicy.com/jobs/145996-customer-solutions-architect-2,"From Fivetran’s founding until now, our mission has remained the same: to make access to data as simple and reliable as electricity. With Fivetran, customer data arrives in their warehouses, canonical and ready to query, with no engineering or maintenance required. We’re proud that more organizations continue to leverage our technology every day to become truly data-driven. About the Role We’re looking for a Customer"
dd08e2f72da62524,jobicy,Customer Service Manager,Fortive,Japan,Japan,True,Not disclosed,,,,,SAP module/technical requirement,Data / Analytics,Lead / Manager,S/4HANA,S/4HANA,2026-07-22T04:56:39+00:00,https://jobicy.com/jobs/149625-customer-service-manager,"Reports to: Sr. Customer Service Manager About the Role We are seeking an experienced and results-driven Customer Service Manager to lead our Customer Service and Order Management team. In this role, you will drive solution-oriented decision-making, collaborate closely with cross-functional partners, and ensure orders are processed accurately and efficiently. You will play a key part in shaping our overall customer s"
e136b0c97611b972,jobicy,Customer Service Representative (Dutch),Fortive,Netherlands,Netherlands,True,Not disclosed,,,,,SAP mentioned,Functional Consulting,Mid / Unspecified,Unspecified SAP,English,2026-07-22T04:56:13+00:00,https://jobicy.com/jobs/149610-customer-service-representative-dutch,"We are seeking a highly motivated Customer Service Representative to join our Customer Service team. In this role, you will manage the end-to-end order-to-cash process for direct market customers and distributors, ensuring seamless execution of Orders, shipments while maintaining compliance with internal procedures and customer requirements. You will act as a key liaison between customers, distributors, Supply Chain,"
76db9172dffbdf5c,jobicy,"Managing Director, SALT",Forvis,United States,United States,True,Not disclosed,,,,,SAP mentioned,Data / Analytics,Lead / Manager,Unspecified SAP,,2026-06-28T12:46:15+00:00,https://jobicy.com/jobs/147977-managing-director-salt,"General information Name Managing Director, SALT Posting Title Managing Director, Indirect Tax Technology Ref # 2236588 Date Published Wednesday, March 18, 2026 Job Category Tax Specialty Advertised Location US-IL-Chicago, US-NC-Charlotte, US-TX-Houston, US-Remote Working time Full Time Description & Requirements Forvis Mazars is looking for an experienced tax professional to serve in a market-focused, growth-minded "
5c6e4dbee4434547,jobicy,"Director Analyst-Direct Spend Procurement Technology (Remote-Ireland, Remote-UK)",Gartner,Ireland,Ireland; United Kingdom,True,Not disclosed,,,,,SAP module/technical requirement,Data / Analytics,Lead / Manager,MM / Procurement,Ariba; Agile / Scrum,2026-06-27T16:31:43+00:00,https://jobicy.com/jobs/142162-director-analyst-direct-spend-procurement-technology-remote-ireland-remote-uk,"Director Analyst-Direct Spend Procurement Technology About the role: Gartner Analysts are industry thought leaders who create must-have insights, market predictions and best practices for a broad range of world-leading organizations. A Director serves as a leader within Gartner’s Business and Technology Insights (BTI) group. Utilizing research and analytical skills, a Director plays a significant role in producing pr"
7e2ad1ef0a3dccb9,jobicy,Junior SAP Integration Developer,ManTech,United States,United States,True,Disclosed,63500,105900,USD,annual,Core SAP delivery role,Technical / Development,Junior,S/4HANA; ABAP / Development; BTP / Integration,ABAP; S/4HANA; SAP BTP; PI/PO,2026-06-27T14:11:42+00:00,https://jobicy.com/jobs/142310-junior-sap-integration-developer,"General information Requisition # R67240 Locations USA-Remote Work Posting Date 04/20/2026 Security Clearance Required Public Trust/Suitability Remote Type Fully Remote Time Type Full time Description & Requirements Shape the future of defense with MANTECH! Join a team dedicated to safeguarding our nation through advanced tech and innovative solutions. Since 1968, we’ve been a trusted partner to the Department of Def"
50aa2821ce916067,jobicy,Change Management Consultant,NTT DATA,Latin America,Latin America,True,Not disclosed,,,,,SAP mentioned,Data / Analytics,Mid / Unspecified,Unspecified SAP,,2026-07-15T19:50:03+00:00,https://jobicy.com/jobs/146303-change-management-consultant,"NTT DATA is a team of more than 190,000 diverse professionals, operating in more than 50 countries throughout the world. The sectors where we have activities include: telecommunications, finance, industry, utilities, energy, public administration and health. Our mission? Offer technological solutions, business, strategy, development and maintenance of applications, while being a benchmark in consulting. All thanks to"
b71c8034bb430132,jobicy,Accountant,Remote,Europe / Middle East / Africa,Europe / Middle East / Africa,True,Disclosed,26200,58950,USD,annual,SAP mentioned,Data / Analytics,Mid / Unspecified,Unspecified SAP,English,2026-07-23T19:45:13+00:00,https://jobicy.com/jobs/147426-accountant-4,"About Remote Remote is solving modern organizations’ biggest challenge – navigating global employment compliantly with ease. We make it possible for businesses of all sizes to recruit, pay, and manage international teams. With our core values at heart and future focused work culture, our team works tirelessly on ambitious problems, asynchronously, around the world. You can find Remoters working from 6 different conti"
763027eaa6d32754,jobicy,SAP BTP Integration Developer (m/f/d),SAP Fioneer,Germany,Germany,True,Not disclosed,,,,,Core SAP delivery role,Technical / Development,Mid / Unspecified,S/4HANA; BTP / Integration; Fiori / UI5,S/4HANA; SAP BTP; SAP Fiori; SAPUI5 / UI5; CPI / Integration Suite; OData; IDoc; Agile / Scrum; English,2026-06-29T13:11:41+00:00,https://jobicy.com/jobs/144970-sap-btp-integration-developer-m-f-d,"Innovation is and will always be the core of SAP Fioneer, and it is the promise of why we were spun out of SAP: agility, innovation, and delivery. SAP Fioneer builds on a heritage of outstanding technology and a deep understanding of corporate and consumer demands. At the heart of it all it is simple: We bring financial services to the next level with innovative software solutions and platforms. We are helping compan"
fb7fa6af09b07ee3,jobicy,SQ ENGINEER IV,TE Connectivity,United States,United States,True,Disclosed,120000,170000,USD,annual,SAP mentioned,Technical / Development,Lead / Manager,Unspecified SAP,English,2026-07-24T01:38:26+00:00,https://jobicy.com/jobs/149289-sq-engineer-iv,"At TE, you will unleash your potential working with people from diverse backgrounds and industries to create a safer, sustainable and more connected world. ​ Overview In this role, you will take ownership of supplier quality performance, working closely with global suppliers and cross functional teams to ensure products are right first time and ready for production. You’ll lead quality planning, drive continuous impr"
56a8a017870ce79c,jobicy,Sr. Machine Learning Solutions Architect,phData,Latin America,Latin America,True,Not disclosed,,,,,SAP mentioned,Architecture,Senior,Unspecified SAP,English,2026-07-14T11:50:07+00:00,https://jobicy.com/jobs/146291-sr-machine-learning-solutions-architect,"Join phData , a dynamic and innovative leader in the modern data stack. We partner with major cloud data platforms like Snowflake, AWS, Azure, GCP, Fivetran, Pinecone, Glean, and dbt to deliver cutting-edge services and solutions.We're committed to helping global enterprises overcome their toughest data challenges. phData is a remote-first global company with employees based in the United States, Latin America, and I"
fd2ea4638f424621,remotefirst,Enterprise Account Executive (m/f/d),360Learning,Germany,Germany,True,Not disclosed,,,,,SAP module/technical requirement,Functional Consulting,Lead / Manager,HCM / SuccessFactors,SuccessFactors; English; German,,https://remotefirstjobs.com/companies/360learning/jobs/enterprise-account-executive-mfd-826954,"As the first Enterprise Account Executive for DACH, you will lead 360Learning’s expansion into one of Europe’s most strategic markets. Joining a team of 9 Enterprise AEs across France and the UK, you will bring our proven enterprise sales motion to DACH and build the foundations for long-term growth. You won’t be starting from scratch. You’ll join an established German commercial organization serving the Mid-Market s"
b07b0e5782549f7b,remotefirst,Senior Technology Architect,49 Solutions,Canada,Canada,True,Not disclosed,,,,,SAP mentioned,Architecture,Senior,Unspecified SAP,,,https://remotefirstjobs.com/companies/49-solutions/jobs/senior-technology-architect-805693,We are currently preparing a bid in response to a Department of National Defence (DND) requirement and are seeking an experienced Technology Architect (Level 3) to include in our submission. This is a proposal-based opportunity. Candidates must clearly demonstrate their experience against the criteria below. Only candidates who provide complete and detailed project information will be considered. Mandatory Experience
6459af67995681ea,remotefirst,"Associate Director, Biostatistics",4D Molecular Therapeutics,United States,United States,True,Disclosed,193000,212000,,,SAP mentioned,Data / Analytics,Junior,Unspecified SAP,,,https://remotefirstjobs.com/companies/4d-molecular-therapeutics/jobs/associate-director-biostatistics-840216,"Attention recruitment agencies: All agency inquiries are vetted through 4DMT’s internal Talent Acquisition team. No unsolicited resumes will be accepted. The 4DMT Talent Acquisition team must expressly engage agencies on any requisition. Agencies contacting hiring managers directly will not be tolerated, and doing so may impact your ability to work with 4DMT in the future. 4DMT is a leading late-stage biotechnology c"
2b13b3a332170c0a,remotefirst,Senior Software Engineer-Founding Engineer,AI Fund,United States,United States,True,Not disclosed,,,,,SAP mentioned,Technical / Development,Lead / Manager,Unspecified SAP,,,https://remotefirstjobs.com/companies/ai-fund/jobs/senior-software-engineerfounding-engineer-773617,"Ayama has partnered with Andrew Ng’s AI Fund and a Fortune 500 energy leader to use AI to reshape how $10+ Trillion of heavy assets operate, are managed, and are maintained. With electrification driving rapid growth in energy and reshoring accelerating the build out of U.S. electronics and IT manufacturing, the company plans to close critical gaps by raising asset uptime & output as well as staff productivity. Ayama "
687b5cb3900fb810,remotefirst,Accounts Payable Manager (Maternity Cover),AKQA,Italy,Italy,True,Mentioned in text,,,,,SAP mentioned,Data / Analytics,Lead / Manager,Unspecified SAP,English,,https://remotefirstjobs.com/companies/akqa/jobs/accounts-payable-manager-maternity-cover-827926,"At AKQA (part of WPP), we believe in the imaginative application of art and science to create a better future. With an entrepreneurial and collaborative approach, we design adaptive ideas, services and experiences that capture the imagination, delivering impressive returns for our clients. The Accounts Payable at AKQA works in the Administration and Management Control team, providing support to a wide range of operat"
97e89ac65bb21e3d,remotefirst,Director of Global Compliance,AST SpaceMobile,United States,United States,True,Not disclosed,,,,,SAP mentioned,Data / Analytics,Lead / Manager,Unspecified SAP,,,https://remotefirstjobs.com/companies/ast-spacemobile/jobs/director-of-global-compliance-799510,"AST SpaceMobile is building the first and only global cellular broadband network in space to operate directly with standard, unmodified mobile devices based on our extensive IP and patent portfolio and designed for both commercial and government applications. Our engineers and space scientists are on a mission to eliminate the connectivity gaps faced by today’s five billion mobile subscribers and finally bring broadb"
3ec57a7689f5349f,remotefirst,Export Control Specialist,AST SpaceMobile,United States,United States,True,Not disclosed,,,,,SAP mentioned,Data / Analytics,Mid / Unspecified,Unspecified SAP,,,https://remotefirstjobs.com/companies/ast-spacemobile/jobs/export-control-specialist-804253,"AST SpaceMobile is building the first and only global cellular broadband network in space to operate directly with standard, unmodified mobile devices based on our extensive IP and patent portfolio and designed for both commercial and government applications. Our engineers and space scientists are on a mission to eliminate the connectivity gaps faced by today’s five billion mobile subscribers and finally bring broadb"
0b4085dac900a2f3,remotefirst,Buyer II,Agility Robotics,United States,United States,True,Disclosed,81000,104000,,,SAP module/technical requirement,Basis / Security,Mid / Unspecified,Basis / Security,GRC / Security,,https://remotefirstjobs.com/companies/agility-robotics/jobs/buyer-ii-824185,"Agility’s commercially deployed humanoids operate alongside teams in warehouses, manufacturing facilities, and distribution centers—tackling physically demanding and repetitive tasks while enabling workers to focus on higher-value work. With industry-leading safety standards and years of proven deployment data, we’re pioneering a new era of automation that enhances human potential. About the Role As a Buyer II, you w"
78907d80aa07c38b,remotefirst,"Manager, Direct Procurement",Agility Robotics,United States,United States,True,Disclosed,110000,143000,,,SAP module/technical requirement,Basis / Security,Lead / Manager,Basis / Security; MM / Procurement,GRC / Security,,https://remotefirstjobs.com/companies/agility-robotics/jobs/manager-direct-procurement-830706,"Agility’s commercially deployed humanoids operate alongside teams in warehouses, manufacturing facilities, and distribution centers—tackling physically demanding and repetitive tasks while enabling workers to focus on higher-value work. With industry-leading safety standards and years of proven deployment data, we’re pioneering a new era of automation that enhances human potential. About the Role As the Manager, Dire"
cd73db160735b727,remotefirst,Staff PLM Architect,Agility Robotics,Worldwide / Not specified,Worldwide / Not specified,True,Disclosed,140000,219000,,,SAP module/technical requirement,Architecture,Lead / Manager,Basis / Security,GRC / Security; Agile / Scrum,,https://remotefirstjobs.com/companies/agility-robotics/jobs/staff-plm-architect-824187,"Agility’s commercially deployed humanoids operate alongside teams in warehouses, manufacturing facilities, and distribution centers—tackling physically demanding and repetitive tasks while enabling workers to focus on higher-value work. With industry-leading safety standards and years of proven deployment data, we’re pioneering a new era of automation that enhances human potential. About the Role Agility Robotics is "
1f64521580bb944a,remotefirst,"Vice President, Controller",Agility Robotics,United States,United States,True,Disclosed,285000,370000,,,SAP module/technical requirement,Basis / Security,Mid / Unspecified,Basis / Security,GRC / Security,,https://remotefirstjobs.com/companies/agility-robotics/jobs/vice-president-controller-839932,"Agility’s commercially deployed humanoids operate alongside teams in warehouses, manufacturing facilities, and distribution centers—tackling physically demanding and repetitive tasks while enabling workers to focus on higher-value work. With industry-leading safety standards and years of proven deployment data, we’re pioneering a new era of automation that enhances human potential. Agility Robotics is a pioneer. Our "
31dbc131f85a9e98,remotefirst,"Senior Manager, Revenue Operations",Airbnb,United States,United States,True,Disclosed,192000,240000,,,SAP mentioned,Data / Analytics,Lead / Manager,Unspecified SAP,,,https://remotefirstjobs.com/companies/airbnb/jobs/senior-manager-revenue-operations-813907,"Airbnb was born in 2007 when two hosts welcomed three guests to their San Francisco home, and has since grown to over 5 million hosts who have welcomed over 2 billion guest arrivals in almost every country across the globe. Every day, hosts offer unique stays and experiences that make it possible for guests to connect with communities in a more authentic way. The Community You Will Join: At Airbnb, you’ll join a pass"
aaa875a68f4ae0f3,remotefirst,Sr. Treasury Analyst Role,AlphaSense,United States,United States,True,Disclosed,122000,135000,,,SAP mentioned,Data / Analytics,Senior,Unspecified SAP,,,https://remotefirstjobs.com/companies/alphasense/jobs/sr-treasury-analyst-role-839500,"About AlphaSense: The world’s most sophisticated companies rely on AlphaSense to remove uncertainty from decision-making. With market intelligence and search built on proven AI, AlphaSense delivers insights that matter from content you can trust. Our universe of public and private content includes equity research, company filings, event transcripts, expert calls, news, trade journals, and clients’ own research conten"
4a8efc1ce5e5d37c,remotefirst,Sr. Order Management Analyst,Amplitude,United States,United States,True,Disclosed,121000,181000,,,SAP mentioned,Data / Analytics,Senior,Unspecified SAP,,,https://remotefirstjobs.com/companies/amplitude/jobs/sr-order-management-analyst-831032,"Amplitude is the leading AI analytics platform, helping over 4,700 customers—including Atlassian, Burger King, NBCUniversal, and Square—build better products and digital experiences. With powerful AI Agents embedded across our platform, teams can analyze, test, and optimize user experiences faster than ever. Ranked #1 across multiple categories in G2’s Winter 2026 Report, Amplitude is the best-in-class solution for p"
cf4db83ead9dd8a6,remotefirst,Business Analyst Supply Chain E2E Planning,Arc'teryx Equipment,Canada,Canada,True,Disclosed,59383,78212,,,SAP mentioned,Technical / Development,Mid / Unspecified,Unspecified SAP,Agile / Scrum,,https://remotefirstjobs.com/companies/arcteryx-equipment/jobs/business-analyst-supply-chain-e2e-planning-803960,"Your Opportunity at ARC’TERYX As a Business Analyst – Supply Chain E2E Planning, you’ll play a pivotal role in our digital transformation journey by leading the implementation of integrated business planning platform tailored to the Apparel and Footwear industry. Acting as the key liaison between business and technology teams, driving requirements gathering, solution design, and seamless execution of end-to-end (E2E)"
e24b825e9d986399,remotefirst,"Director, Regional Supply Chain APAC",Arc'teryx Equipment,Japan,Japan,True,Not disclosed,,,,,SAP mentioned,Data / Analytics,Lead / Manager,Unspecified SAP,,,https://remotefirstjobs.com/companies/arcteryx-equipment/jobs/director-regional-supply-chain-apac-778151,"Your opportunity at ARC’TERYX: As the Director, Regional Supply Chain (APAC) you will lead the regional supply chain strategy and execution across planning, inventory management, integrated business planning, regional operations, allocation, replenishment, warehousing, and logistics. You will lead end-to-end accountability for supply chain execution across the APAC region. This role ensures alignment with global stan"
0c6081d68bf7b95f,remotefirst,Senior Product Manager Distribution & Transportation,Arc'teryx Equipment,Canada,Canada,True,Disclosed,126000,173000,,,SAP module/technical requirement,Technical / Development,Lead / Manager,S/4HANA; SD / Sales; EWM / WM / Logistics; TM / GTS / Supply Chain,S/4HANA; SAP SD; SAP GTS,,https://remotefirstjobs.com/companies/arcteryx-equipment/jobs/senior-product-manager-distribution-transportation-714892,"Your Opportunity at ARC’TERYX: As the Senior Product Manager, Distribution & Transportation, you are responsible for defining, owning, and evolving the product strategy and roadmap for SAP S/4HANA Distribution & Transportation capabilities. You partner closely with business stakeholders, technology teams, and external partners to deliver scalable logistics solutions that enable Arc’teryx’s global growth across retail"
213dcdaf0850eac3,remotefirst,Cost Engineer - Construction,Assystem,United Kingdom,United Kingdom,True,Not disclosed,,,,,SAP module/technical requirement,Technical / Development,Mid / Unspecified,FI / CO / FICO; HCM / SuccessFactors,FICO; SuccessFactors,,https://remotefirstjobs.com/companies/assystem/jobs/cost-engineer-construction-811438,"Company Description ⚡️💡 About Assystem At Assystem, our mission is to accelerate the energy transition worldwide. Our 8,000 Switchers blend historical engineering expertise with cutting-edge digital technologies to drive this change. Join us in revolutionizing the energy sector and making a significant global impact. 🤝 Why Join the Community of Switchers? Be part of one of the top three largest nuclear engineering co"
0b34be333e53ee02,remotefirst,Dutch-Speaking Client Operations Specialist,Atlean World,Portugal,Portugal,True,Not disclosed,,,,,SAP mentioned,Functional Consulting,Mid / Unspecified,Unspecified SAP,English,,https://remotefirstjobs.com/companies/atlean-world/jobs/dutchspeaking-client-operations-specialist-808127,"Atlean World is an HR SaaS Consultant that aims to promote multicultural environments as the new reality. We specialize in multilingual markets, making the candidate’s recruitment journey smoother and more enjoyable. Your Next Job, Without Boundaries! 🌍 We are excited to offer a remote opportunity for a Dutch-speaking Client Operations Specialist. In this role, you will be the key point of contact for our clients, en"
7c0197de00fd65e4,remotefirst,Head of Strategic Finance Projects,Avaloq,Singapore,Singapore,True,Not disclosed,,,,,SAP module/technical requirement,Data / Analytics,Lead / Manager,FI / CO / FICO,,,https://remotefirstjobs.com/companies/avaloq/jobs/head-of-strategic-finance-projects-740268,"Company Description Founded and headquartered in Switzerland, Avaloq is continuously expanding its global footprint with around 2,500 colleagues in 12 countries, and more than 170 clients in 35 countries. We are an industry-leading provider of wealth management technology and services for financial institutions around the world, including private banks and wealth managers, investment managers, as well as retail and n"
a7205c065abdc3d6,remotefirst,Head of Strategic Finance Projects,Avaloq,Switzerland,Switzerland,True,Not disclosed,,,,,SAP module/technical requirement,Data / Analytics,Lead / Manager,FI / CO / FICO,,,https://remotefirstjobs.com/companies/avaloq/jobs/head-of-strategic-finance-projects-737330,"Company Description Founded and headquartered in Switzerland, Avaloq is continuously expanding its global footprint with around 2,500 colleagues in 12 countries, and more than 170 clients in 35 countries. We are an industry-leading provider of wealth management technology and services for financial institutions around the world, including private banks and wealth managers, investment managers, as well as retail and n"
6acdef105701cc5c,remotefirst,Payroll coordinator,Avery Dennison Label and Packaging Materials,Romania,Romania,True,Not disclosed,,,,,SAP mentioned,Data / Analytics,Mid / Unspecified,Unspecified SAP,English,,https://remotefirstjobs.com/companies/avery-dennison-label-and-packaging-materials/jobs/payroll-coordinator-826970,"Job Description We are looking for a new colleague to join our Global Workforce Operations (GWO) team. In your role as payroll co-ordinator, you will be a valuable member in our regional team serving employees and ensuring high-quality standards in the EMEA region. You will be responsible for payroll data administration and processing, utilizing SAP Globalview to ensure accuracy and timeliness. This role offers an ex"
60f8572bed733857,remotefirst,RPA Developer (UiPath)- Latin America- Remote,Azumo,Argentina,Argentina,True,Not disclosed,,,,,SAP mentioned,Technical / Development,Senior,Unspecified SAP,English,,https://remotefirstjobs.com/companies/azumo/jobs/rpa-developer-uipath-latin-america-remote-835079,"Azumo , a leading AI Development company , is seeking a highly motivated RPA Developer to join our growing team of expert developers. We specialize in delivering Top AI Development and advanced automation services, helping organizations build intelligent workflows powered by enterprise automation platforms, APIs, and modern integrations. As part of our team, you will collaborate with business stakeholders, process ow"
db926dfb44b1d0cd,remotefirst,Divisional Accounting Manager,BAMKO,Worldwide / Not specified,Worldwide / Not specified,True,Not disclosed,,,,,SAP mentioned,Data / Analytics,Lead / Manager,Unspecified SAP,,,https://remotefirstjobs.com/companies/bamko/jobs/divisional-accounting-manager-828477,"Who is BAMKO? BAMKO is one of the top 10 largest companies in the branded merchandise space and the fastest growing of any of the top 50 companies in the $25 billion dollar industry. Over the last 5 years, BAMKO has won countless awards, including Best Places to Work & Best Client Promotions. With a culture built around the concepts of personal and professional growth, BAMKO puts values into actions. BAMKO has the be"
5f83b40fc8b99ac0,remotefirst,Solution Architect: Business Systems Integration (Strategic Orchestrator),BDA,United States,United States,True,Disclosed,160000,180000,,,SAP mentioned,Architecture,Mid / Unspecified,Unspecified SAP,,,https://remotefirstjobs.com/companies/bda-llc/jobs/solution-architect-business-systems-integration-strategic-orchestrator-814052,"Most companies claim to have the best people. We say to them, “Keep dreaming.” Our people are second to none. They set us apart with their entrepreneurial spirit and ambition. They come to us from the likes of Amazon, Microsoft, Nordstrom, Starbucks and the sports world, bringing energy, bold ideas and a willingness to dive into the unfamiliar. It’s our people that make BDA the top global Merchandise Agency to work f"
2bc88de9d6bc1e77,remotefirst,Senior SAP Solution Owner (m/f/d) PP / PM / PS,BEUMER Group,Germany,Germany,True,Not disclosed,,,,,SAP-titled role,Functional Consulting,Senior,S/4HANA,S/4HANA; English; German,,https://remotefirstjobs.com/companies/beumer-group/jobs/senior-sap-solution-owner-mfd-pp-pm-ps-811150,"Job Description Your Role In this role, you actively shape the further development of BEUMER Group’s global SAP landscape. As Senior SAP Solution Owner (m/f/d) , you take end-to-end responsibility for core business processes in Production Planning (PP), Plant Maintenance (PM) and Project System (PS). Working closely with international business and IT teams, you contribute significantly to the continuous development o"
97265b0da4bf5f78,remotefirst,GTM Engineer,Beautiful.ai,Worldwide / Not specified,Worldwide / Not specified,True,Disclosed,80000,120000,,,SAP mentioned,Technical / Development,Mid / Unspecified,Unspecified SAP,,,https://remotefirstjobs.com/companies/beautifulai/jobs/gtm-engineer-731395,"Change the way the world presents. About Beautiful.ai Today, Beautiful.ai powers presentations for thousands of organizations worldwide, from fast-growing startups to Fortune 500 enterprises. Companies like SAP, HP, Rakuten, and LIV Golf rely on Beautiful.ai to communicate ideas with clarity and impact. As we continue to scale, we are redefining what modern presentation software looks like by combining intelligent de"
92838f4e248ed996,remotefirst,SAP UI5 BTP Developer 6 Months Contract,Belmont Lavan,Netherlands,Netherlands,True,Not disclosed,,,,,Core SAP delivery role,Technical / Development,Mid / Unspecified,ABAP / Development; BTP / Integration; Fiori / UI5,SAP BTP; SAP Fiori; SAPUI5 / UI5; OData; RAP / CAP; Agile / Scrum,,https://remotefirstjobs.com/companies/belmont-lavan/jobs/sap-ui5-btp-developer-6-months-contract-812476,"Belmont Lavan Ltd is seeking a skilled SAP UI5 BTP Developer for a 6-month contract role. The successful candidate will be responsible for designing, developing, and maintaining SAP UI5 applications on the SAP Business Technology Platform (BTP), ensuring seamless integration with backend services and delivering engaging user experiences. This role involves collaborating with cross-functional teams to gather requireme"
b19a40cd019af67d,remotefirst,Technical Documentation Engineer m|f|d,Bene,Austria,Austria,True,Disclosed,55747,55747,,,SAP module/technical requirement,Technical / Development,Mid / Unspecified,HCM / SuccessFactors,,,https://remotefirstjobs.com/companies/bene/jobs/technical-documentation-engineer-mfd-822884,"Unternehmensbeschreibung WAAGNER-BIRO AUSTRIA STAGE SYSTEMS steht für individuelle High-Tech Lösungen in weltbekannten Opern- und Theaterhäusern. Als Arbeitgeber bieten wir dir neben einem attraktiven Arbeitsumfeld die Chance, dich in hoch spannenden Projekten zu engagieren und Mitglied eines kompetenten Teams zu werden. Du verfügst über eine ausgeprägte Stärke, komplexe Projekte rasch zu verstehen und daraus entspre"
beb2bfce67bbf6d8,remotefirst,"Sr. Manager, Pricing & Product Line Analytics",BlueCat,Canada,Canada,True,Disclosed,97100,115082,,,SAP mentioned,Data / Analytics,Lead / Manager,Unspecified SAP,,,https://remotefirstjobs.com/companies/bluecat/jobs/sr-manager-pricing-product-line-analytics-814444,"Have you heard of BlueCat? We’re one of those hidden gems disrupting the market as a key player in the rapidly growing space of Intelligent Network Operations. Organizations require a new model of network operations—one that links foundational core services with a deep, predictive understanding of network health and performance to improve change readiness. BlueCat’s Intelligent NetOps is a first-to-market combination"
d86e90e45b002c7f,remotefirst,QA Engineer – SAP Commerce (Hybris),BorderlessMind,India,India,True,Not disclosed,,,,,Core SAP delivery role,Technical / Development,Senior,CRM / CX / Commerce,Agile / Scrum,,https://remotefirstjobs.com/companies/borderlessmind/jobs/qa-engineer-sap-commerce-hybris-835582,"QA Engineer – SAP Commerce (Hybris) Location: Remote Employment Type: Contract Experience: 3–5 Years About the Role We are looking for a skilled QA Engineer with experience in SAP Commerce (Hybris) to join our Quality Engineering team. In this role, you will be responsible for ensuring the quality, reliability, and performance of SAP Commerce applications and the supporting microservices ecosystem. You will work clos"
cf4e087d131a4ef1,remotefirst,Senior QE Automation Engineer – SAP Commerce (Hybris Pricing)- Contract Opportunity,BorderlessMind,India,India,True,Not disclosed,,,,,Core SAP delivery role,Technical / Development,Senior,CRM / CX / Commerce,Agile / Scrum,,https://remotefirstjobs.com/companies/borderlessmind/jobs/senior-qe-automation-engineer-sap-commerce-hybris-pricing-contract-opportunity-835924,Senior QE Automation Engineer – SAP Commerce (Hybris Pricing) Location: Remote Experience: 5+ Years About the Role We are looking for a Senior QE Automation Engineer with strong expertise in SAP Commerce (Hybris Pricing) to join our Quality Engineering team. The ideal candidate will have deep functional knowledge of the Hybris Pricing Engine and hands-on experience designing and implementing end-to-end test automatio
cea9a5ff10d8b390,remotefirst,Global Process Owner Logistics Dangerous Goods & Packaging,Bosch,Portugal,Portugal,True,Not disclosed,,,,,SAP module/technical requirement,Data / Analytics,Mid / Unspecified,S/4HANA; EWM / WM / Logistics,S/4HANA; SAP EWM; English; German,,https://remotefirstjobs.com/companies/bosch/jobs/global-process-owner-logistics-dangerous-goods-packaging-675197,"Company Description The Bosch Group has more than 400 000 employees around the world, present in 60 countries, and we are proud to impact people’s lives and to work towards a more sustainable future. In the city of Aveiro, Bosch has one of its biggest production sites for Bosch Home Comfort division, as well as a Research and Development Center for new and improved heating solutions for the residential segment. With "
3e9ca509c7fdbc10,remotefirst,Head of Business Applications,Brainlab,Germany,Germany,True,Not disclosed,,,,,SAP module/technical requirement,Technical / Development,Lead / Manager,S/4HANA; FI / CO / FICO; HCM / SuccessFactors,S/4HANA; FICO; SuccessFactors; English; German,,https://remotefirstjobs.com/companies/brainlab/jobs/head-of-business-applications-819416,"Company Description At the forefront of health technology for over 35 years, Munich-based Brainlab digitizes medical workflows, from diagnosis to therapy, to offer clinicians and patients better treatment possibilities. Our innovative digital ecosystem forms the basis for modern healthcare technology in 4000 hospitals in 120 countries. Our key to success is our creative, talented and hard-working team, which consists"
7ace1dd0f74448c1,remotefirst,Associate Director Biostatistics & AI,BridgeBio,United States,United States,True,Disclosed,173800,217000,,,SAP mentioned,Data / Analytics,Junior,Unspecified SAP,,,https://remotefirstjobs.com/companies/bridgebio/jobs/associate-director-biostatistics-ai-794500,"Mavericks Wanted When was the last time you achieved the impossible? If that thought feels overwhelming, you might want to pause here, but if it sparks excitement…read on In 2015, we pioneered a “moneyball for biotech” approach, pooling projects and promising early-stage research from academia together under one financial umbrella to reduce risk and unleash innovation. This model allows science and small teams of exp"
82b7c81b88046c63,remotefirst,Procurement & Inventory Management Associate,BridgeBio,United States,United States,True,Disclosed,101000,135000,,,SAP module/technical requirement,Functional Consulting,Junior,EWM / WM / Logistics,,,https://remotefirstjobs.com/companies/bridgebio/jobs/procurement-inventory-management-associate-794532,"Mavericks Wanted When was the last time you achieved the impossible? If that thought feels overwhelming, you might want to pause here, but if it sparks excitement…read on In 2015, we pioneered a “moneyball for biotech” approach, pooling projects and promising early-stage research from academia together under one financial umbrella to reduce risk and unleash innovation. This model allows science and small teams of exp"
a35715256e25d15d,remotefirst,Treasury Associate Director,BridgeBio,United States,United States,True,Disclosed,165000,225000,,,SAP mentioned,Technical / Development,Junior,Unspecified SAP,,,https://remotefirstjobs.com/companies/bridgebio/jobs/treasury-associate-director-795796,"Mavericks Wanted When was the last time you achieved the impossible? If that thought feels overwhelming, you might want to pause here, but if it sparks excitement…read on In 2015, we pioneered a “moneyball for biotech” approach, pooling projects and promising early-stage research from academia together under one financial umbrella to reduce risk and unleash innovation. This model allows science and small teams of exp"
facd33b4c63073a4,remotefirst,Accounting Manager,Budderfly,United States,United States,True,Disclosed,100000,110000,,,SAP mentioned,Data / Analytics,Lead / Manager,Unspecified SAP,,,https://remotefirstjobs.com/companies/budderfly/jobs/accounting-manager-794105,"Saving the World! Help Wanted… Budderfly is a fast-growth, private equity-backed energy management outsourcing company that is committed to reducing global carbon emissions for small to medium sized enterprises. We are the premier sustainability partner for businesses with repeatable footprints such as restaurant chains, assisted living facilities, retail franchises, and more. Budderfly installs, monitors, and manage"
3b31c05da0f9547b,remotefirst,Merchandise Planner,CSC Generation,United States,United States,True,Not disclosed,,,,,SAP mentioned,Data / Analytics,Lead / Manager,Unspecified SAP,,,https://remotefirstjobs.com/companies/csc-generation/jobs/merchandise-planner-821124,"Adventure is our Culture. Join a team that celebrates a lifestyle as bold as the terrain we love. At Backcountry, we are rooted in adventure, recognition, and wellbeing on and off the mountain. We spotlight employee stories, celebrate milestones, and offer exclusive outdoor perks. Whether you are at HQ, in a retail store, or remote, you will be part of a team that thrives on energy, exploration, and connection. Repor"
1d52f6370e4d955d,remotefirst,Controller,Capco,United States,United States,True,Disclosed,140000,160000,,,SAP mentioned,Functional Consulting,Senior,Unspecified SAP,,,https://remotefirstjobs.com/companies/capco/jobs/controller-820265,"Controller – US Region Location: Chicago | Practice Area: Corporate Services | Type: Permanent Be a trusted financial partner driving accuracy, insight, and operational excellence. The Role As the Controller for our US Region, you will play a critical role in ensuring the integrity, accuracy, and timeliness of financial reporting across the region. You will partner with senior leaders and global stakeholders to maint"
afb11557d0c70afb,remotefirst,Controller,Capco,United States,United States,True,Not disclosed,,,,,SAP mentioned,Functional Consulting,Senior,Unspecified SAP,,,https://remotefirstjobs.com/companies/capco/jobs/controller-820204,"Controller – US Region Location: Charlotte | Practice Area: Corporate Services | Type: Permanent Be a trusted financial partner driving accuracy, insight, and operational excellence. The Role As the Controller for our US Region, you will play a critical role in ensuring the integrity, accuracy, and timeliness of financial reporting across the region. You will partner with senior leaders and global stakeholders to mai"
a7239dea62145515,remotefirst,Controller,Capco,United States,United States,True,Disclosed,150000,170000,,,SAP mentioned,Functional Consulting,Senior,Unspecified SAP,,,https://remotefirstjobs.com/companies/capco/jobs/controller-779947,"Controller – US Region Location: New York | Practice Area: Corporate Services | Type: Permanent Be a trusted financial partner driving accuracy, insight, and operational excellence. The Role As the Controller for our US Region, you will play a critical role in ensuring the integrity, accuracy, and timeliness of financial reporting across the region. You will partner with senior leaders and global stakeholders to main"
37b5d3d2d5223fda,remotefirst,Applied Value Engineer,Celonis,India,India,True,Not disclosed,,,,,SAP mentioned,Technical / Development,Mid / Unspecified,Unspecified SAP,English,,https://remotefirstjobs.com/companies/celonis/jobs/applied-value-engineer-785892,"Celonis is the global leader in Process Intelligence and the pioneer of Process Mining technology. As one of the world’s fastest-growing enterprise SaaS companies, we are changemakers pushing the boundaries of what’s possible. We invest heavily in advanced AI capabilities—specifically our Process Intelligence Graph—to turn data insights into immediate business action. We believe there is a massive opportunity to unlo"
9dd4a7feadcff290,remotefirst,Applied Value Engineer,Celonis,India,India,True,Not disclosed,,,,,SAP mentioned,Technical / Development,Mid / Unspecified,Unspecified SAP,English,,https://remotefirstjobs.com/companies/celonis/jobs/applied-value-engineer-784507,"Celonis is the global leader in Process Intelligence and the pioneer of Process Mining technology. As one of the world’s fastest-growing enterprise SaaS companies, we are changemakers pushing the boundaries of what’s possible. We invest heavily in advanced AI capabilities—specifically our Process Intelligence Graph—to turn data insights into immediate business action. We believe there is a massive opportunity to unlo"
7c15f2788a51cc75,remotefirst,Client Value Partner Consumer Packaged Goods,Celonis,United States,United States,True,Disclosed,233000,270000,,,SAP module/technical requirement,Technical / Development,Lead / Manager,S/4HANA,S/4HANA,,https://remotefirstjobs.com/companies/celonis/jobs/client-value-partner-consumer-packaged-goods-784525,"Celonis is the global leader in Process Intelligence and the pioneer of Process Mining technology. As one of the world’s fastest-growing enterprise SaaS companies, we are changemakers pushing the boundaries of what’s possible. We invest heavily in advanced AI capabilities—specifically our Process Intelligence Graph—to turn data insights into immediate business action. We believe there is a massive opportunity to unlo"
6412e97278d422a6,remotefirst,Lead Applied Value Engineer,Celonis,India,India,True,Not disclosed,,,,,SAP mentioned,Technical / Development,Lead / Manager,Unspecified SAP,English,,https://remotefirstjobs.com/companies/celonis/jobs/lead-applied-value-engineer-788422,"Celonis is the global leader in Process Intelligence and the pioneer of Process Mining technology. As one of the world’s fastest-growing enterprise SaaS companies, we are changemakers pushing the boundaries of what’s possible. We invest heavily in advanced AI capabilities—specifically our Process Intelligence Graph—to turn data insights into immediate business action. We believe there is a massive opportunity to unlo"
de4c290f86a5253f,remotefirst,Lead Deployment Engineer - Public Sector - Federal,Celonis,United States,United States,True,Disclosed,162000,191000,,,SAP module/technical requirement,Technical / Development,Lead / Manager,SD / Sales,English,,https://remotefirstjobs.com/companies/celonis/jobs/lead-deployment-engineer-public-sector-federal-837746,"Celonis is the global leader in Process Intelligence and the pioneer of Process Mining technology. As one of the world’s fastest-growing enterprise SaaS companies, we are changemakers pushing the boundaries of what’s possible. We invest heavily in advanced AI capabilities—specifically our Process Intelligence Graph—to turn data insights into immediate business action. We believe there is a massive opportunity to unlo"
1dfe6e93abdb3f0b,remotefirst,Lead Value Engineer,Celonis,Sweden,Sweden,True,Not disclosed,,,,,SAP mentioned,Technical / Development,Lead / Manager,Unspecified SAP,,,https://remotefirstjobs.com/companies/celonis/jobs/lead-value-engineer-819339,"Celonis is the global leader in Process Intelligence and the pioneer of Process Mining technology. As one of the world’s fastest-growing enterprise SaaS companies, we are changemakers pushing the boundaries of what’s possible. We invest heavily in advanced AI capabilities—specifically our Process Intelligence Graph—to turn data insights into immediate business action. We believe there is a massive opportunity to unlo"
3d1614144d3b34d1,remotefirst,Lead Value Engineer,Celonis,United Kingdom,United Kingdom,True,Not disclosed,,,,,SAP mentioned,Technical / Development,Lead / Manager,Unspecified SAP,English,,https://remotefirstjobs.com/companies/celonis/jobs/lead-value-engineer-813661,"Celonis is the global leader in Process Intelligence and the pioneer of Process Mining technology. As one of the world’s fastest-growing enterprise SaaS companies, we are changemakers pushing the boundaries of what’s possible. We invest heavily in advanced AI capabilities—specifically our Process Intelligence Graph—to turn data insights into immediate business action. We believe there is a massive opportunity to unlo"
01f8c375d07e12e6,remotefirst,Lead Value Engineer,Celonis,Denmark,Denmark,True,Not disclosed,,,,,SAP mentioned,Technical / Development,Lead / Manager,Unspecified SAP,,,https://remotefirstjobs.com/companies/celonis/jobs/lead-value-engineer-806705,"Celonis is the global leader in Process Intelligence and the pioneer of Process Mining technology. As one of the world’s fastest-growing enterprise SaaS companies, we are changemakers pushing the boundaries of what’s possible. We invest heavily in advanced AI capabilities—specifically our Process Intelligence Graph—to turn data insights into immediate business action. We believe there is a massive opportunity to unlo"
f23b591f0e685fea,remotefirst,Lead Value Engineer,Celonis,United States,United States,True,Disclosed,157000,184000,,,SAP module/technical requirement,Technical / Development,Lead / Manager,S/4HANA; TM / GTS / Supply Chain,S/4HANA,,https://remotefirstjobs.com/companies/celonis/jobs/lead-value-engineer-790537,"Celonis is the global leader in Process Intelligence and the pioneer of Process Mining technology. As one of the world’s fastest-growing enterprise SaaS companies, we are changemakers pushing the boundaries of what’s possible. We invest heavily in advanced AI capabilities—specifically our Process Intelligence Graph—to turn data insights into immediate business action. We believe there is a massive opportunity to unlo"
59bb4314ca77aa86,remotefirst,Lead Value Engineer,Celonis,United States,United States,True,Disclosed,157000,184000,,,SAP module/technical requirement,Technical / Development,Lead / Manager,S/4HANA,S/4HANA,,https://remotefirstjobs.com/companies/celonis/jobs/lead-value-engineer-790501,"Celonis is the global leader in Process Intelligence and the pioneer of Process Mining technology. As one of the world’s fastest-growing enterprise SaaS companies, we are changemakers pushing the boundaries of what’s possible. We invest heavily in advanced AI capabilities—specifically our Process Intelligence Graph—to turn data insights into immediate business action. We believe there is a massive opportunity to unlo"
de3b0c6e8fcdf0ef,remotefirst,Lead Value Engineer,Celonis,United States,United States,True,Not disclosed,,,,,SAP module/technical requirement,Technical / Development,Lead / Manager,S/4HANA,S/4HANA,,https://remotefirstjobs.com/companies/celonis/jobs/lead-value-engineer-790482,"Celonis is the global leader in Process Intelligence and the pioneer of Process Mining technology. As one of the world’s fastest-growing enterprise SaaS companies, we are changemakers pushing the boundaries of what’s possible. We invest heavily in advanced AI capabilities—specifically our Process Intelligence Graph—to turn data insights into immediate business action. We believe there is a massive opportunity to unlo"
b586601c7b1e6013,remotefirst,Principal Client Value Partner,Celonis,Germany,Germany,True,Not disclosed,,,,,SAP mentioned,Technical / Development,Lead / Manager,Unspecified SAP,German,,https://remotefirstjobs.com/companies/celonis/jobs/principal-client-value-partner-760137,"We’re Celonis, the global leader in Process Intelligence technology and one of the world’s fastest-growing SaaS firms. We believe there is a massive opportunity to unlock productivity by placing AI, data and intelligence at the core of business processes - and for that, we need your help. Care to join us? The Principal Client Value Partner is the strategic and technical “North Star” for one of our largest enterprise "
c8785933208ec6eb,remotefirst,Principal Client Value Partner,Celonis,Germany,Germany,True,Not disclosed,,,,,SAP mentioned,Technical / Development,Lead / Manager,Unspecified SAP,German,,https://remotefirstjobs.com/companies/celonis/jobs/principal-client-value-partner-758846,"We’re Celonis, the global leader in Process Intelligence technology and one of the world’s fastest-growing SaaS firms. We believe there is a massive opportunity to unlock productivity by placing AI, data and intelligence at the core of business processes - and for that, we need your help. Care to join us? The Principal Client Value Partner is the strategic and technical “North Star” for one of our largest enterprise "
0a16525b32bc17a1,remotefirst,Principal Client Value Partner Retail,Celonis,Germany,Germany,True,Not disclosed,,,,,SAP module/technical requirement,Technical / Development,Lead / Manager,S/4HANA,S/4HANA,,https://remotefirstjobs.com/companies/celonis/jobs/principal-client-value-partner-retail-805362,"Celonis is the global leader in Process Intelligence and the pioneer of Process Mining technology. As one of the world’s fastest-growing enterprise SaaS companies, we are changemakers pushing the boundaries of what’s possible. We invest heavily in advanced AI capabilities—specifically our Process Intelligence Graph—to turn data insights into immediate business action. We believe there is a massive opportunity to unlo"
48fb50b21b00809f,remotefirst,Principal Client Value Partner Retail,Celonis,Germany,Germany,True,Not disclosed,,,,,SAP module/technical requirement,Technical / Development,Lead / Manager,S/4HANA,S/4HANA,,https://remotefirstjobs.com/companies/celonis/jobs/principal-client-value-partner-retail-805225,"Celonis is the global leader in Process Intelligence and the pioneer of Process Mining technology. As one of the world’s fastest-growing enterprise SaaS companies, we are changemakers pushing the boundaries of what’s possible. We invest heavily in advanced AI capabilities—specifically our Process Intelligence Graph—to turn data insights into immediate business action. We believe there is a massive opportunity to unlo"
90c2ea594a6cce5a,remotefirst,Principal Enterprise Architect,Celonis,United States,United States,True,Not disclosed,,,,,SAP mentioned,Architecture,Lead / Manager,Unspecified SAP,English,,https://remotefirstjobs.com/companies/celonis/jobs/principal-enterprise-architect-774117,"Celonis is the global leader in Process Intelligence and the pioneer of Process Mining technology. As one of the world’s fastest-growing enterprise SaaS companies, we are changemakers pushing the boundaries of what’s possible. We invest heavily in advanced AI capabilities—specifically our Process Intelligence Graph—to turn data insights into immediate business action. We believe there is a massive opportunity to unlo"
1627b2d188867131,remotefirst,Principal Enterprise Architect,Celonis,United States,United States,True,Disclosed,173000,233000,,,SAP mentioned,Architecture,Lead / Manager,Unspecified SAP,English,,https://remotefirstjobs.com/companies/celonis/jobs/principal-enterprise-architect-774026,"Celonis is the global leader in Process Intelligence and the pioneer of Process Mining technology. As one of the world’s fastest-growing enterprise SaaS companies, we are changemakers pushing the boundaries of what’s possible. We invest heavily in advanced AI capabilities—specifically our Process Intelligence Graph—to turn data insights into immediate business action. We believe there is a massive opportunity to unlo"
b613fb03e507a59b,remotefirst,Principal Enterprise Architect,Celonis,United States,United States,True,Disclosed,173000,233000,,,SAP mentioned,Architecture,Lead / Manager,Unspecified SAP,English,,https://remotefirstjobs.com/companies/celonis/jobs/principal-enterprise-architect-774001,"Celonis is the global leader in Process Intelligence and the pioneer of Process Mining technology. As one of the world’s fastest-growing enterprise SaaS companies, we are changemakers pushing the boundaries of what’s possible. We invest heavily in advanced AI capabilities—specifically our Process Intelligence Graph—to turn data insights into immediate business action. We believe there is a massive opportunity to unlo"
6025ec801fa0fdc4,remotefirst,Principal Enterprise Architect,Celonis,India,India,True,Not disclosed,,,,,SAP mentioned,Architecture,Lead / Manager,Unspecified SAP,English,,https://remotefirstjobs.com/companies/celonis/jobs/principal-enterprise-architect-738517,"We’re Celonis, the global leader in Process Intelligence technology and one of the world’s fastest-growing SaaS firms. We believe there is a massive opportunity to unlock productivity by placing AI, data and intelligence at the core of business processes - and for that, we need your help. Care to join us? The Role : We are looking for a curious, smart and “learn it all” Architect with proven experience and a passion "
47b26f7f95d57660,remotefirst,Principal Management & Technology Consultant - Manufacturing,Celonis,Germany,Germany,True,Not disclosed,,,,,SAP mentioned,Technical / Development,Lead / Manager,Unspecified SAP,,,https://remotefirstjobs.com/companies/celonis/jobs/principal-management-technology-consultant-manufacturing-819341,"Celonis is the global leader in Process Intelligence and the pioneer of Process Mining technology. As one of the world’s fastest-growing enterprise SaaS companies, we are changemakers pushing the boundaries of what’s possible. We invest heavily in advanced AI capabilities—specifically our Process Intelligence Graph—to turn data insights into immediate business action. We believe there is a massive opportunity to unlo"
03743c84c09e7180,remotefirst,Principal Process Intelligence & Supply Chain Transformation Consultant - Manufacturing,Celonis,Germany,Germany,True,Not disclosed,,,,,SAP mentioned,Technical / Development,Lead / Manager,Unspecified SAP,,,https://remotefirstjobs.com/companies/celonis/jobs/principal-process-intelligence-supply-chain-transformation-consultant-manufacturing-819367,"Celonis is the global leader in Process Intelligence and the pioneer of Process Mining technology. As one of the world’s fastest-growing enterprise SaaS companies, we are changemakers pushing the boundaries of what’s possible. We invest heavily in advanced AI capabilities—specifically our Process Intelligence Graph—to turn data insights into immediate business action. We believe there is a massive opportunity to unlo"
2acb7c17145eefae,remotefirst,Principal Strategic Value & Process Optimisation Consultant - Manufacturing,Celonis,Germany,Germany,True,Not disclosed,,,,,SAP mentioned,Technical / Development,Lead / Manager,Unspecified SAP,,,https://remotefirstjobs.com/companies/celonis/jobs/principal-strategic-value-process-optimisation-consultant-manufacturing-819334,"Celonis is the global leader in Process Intelligence and the pioneer of Process Mining technology. As one of the world’s fastest-growing enterprise SaaS companies, we are changemakers pushing the boundaries of what’s possible. We invest heavily in advanced AI capabilities—specifically our Process Intelligence Graph—to turn data insights into immediate business action. We believe there is a massive opportunity to unlo"
c7f48077eebcce61,remotefirst,Principal Value Engineer - Manufacturing/Production,Celonis,Germany,Germany,True,Not disclosed,,,,,SAP mentioned,Technical / Development,Lead / Manager,Unspecified SAP,German,,https://remotefirstjobs.com/companies/celonis/jobs/principal-value-engineer-manufacturingproduction-822625,"Celonis is the global leader in Process Intelligence and the pioneer of Process Mining technology. As one of the world’s fastest-growing enterprise SaaS companies, we are changemakers pushing the boundaries of what’s possible. We invest heavily in advanced AI capabilities—specifically our Process Intelligence Graph—to turn data insights into immediate business action. We believe there is a massive opportunity to unlo"
eac712069dd5d4a7,remotefirst,Senior Engagement Manager - AI & Process Intelligence,Celonis,United Kingdom,United Kingdom,True,Not disclosed,,,,,SAP mentioned,Project / Program,Lead / Manager,Unspecified SAP,English,,https://remotefirstjobs.com/companies/celonis/jobs/senior-engagement-manager-ai-process-intelligence-826393,"Celonis is the global leader in Process Intelligence and the pioneer of Process Mining technology. As one of the world’s fastest-growing enterprise SaaS companies, we are changemakers pushing the boundaries of what’s possible. We invest heavily in advanced AI capabilities—specifically our Process Intelligence Graph—to turn data insights into immediate business action. We believe there is a massive opportunity to unlo"
6b32c10af0bf7d01,remotefirst,Senior Management & Technology Consultant - AI & Process Analytics,Celonis,Spain,Spain,True,Not disclosed,,,,,SAP mentioned,Technical / Development,Senior,Unspecified SAP,,,https://remotefirstjobs.com/companies/celonis/jobs/senior-management-technology-consultant-ai-process-analytics-825005,"Celonis is the global leader in Process Intelligence and the pioneer of Process Mining technology. As one of the world’s fastest-growing enterprise SaaS companies, we are changemakers pushing the boundaries of what’s possible. We invest heavily in advanced AI capabilities—specifically our Process Intelligence Graph—to turn data insights into immediate business action. We believe there is a massive opportunity to unlo"
bd8b5adff746cede,remotefirst,Senior Value Engineer,Celonis,United States,United States,True,Disclosed,131000,154000,,,SAP module/technical requirement,Technical / Development,Senior,EWM / WM / Logistics; TM / GTS / Supply Chain,,,https://remotefirstjobs.com/companies/celonis/jobs/senior-value-engineer-800351,"Celonis is the global leader in Process Intelligence and the pioneer of Process Mining technology. As one of the world’s fastest-growing enterprise SaaS companies, we are changemakers pushing the boundaries of what’s possible. We invest heavily in advanced AI capabilities—specifically our Process Intelligence Graph—to turn data insights into immediate business action. We believe there is a massive opportunity to unlo"
bcf12ee93966d105,remotefirst,Senior Value Engineer - Banking,Celonis,United States,United States,True,Disclosed,131250,153750,,,SAP mentioned,Technical / Development,Senior,Unspecified SAP,,,https://remotefirstjobs.com/companies/celonis/jobs/senior-value-engineer-banking-815886,"Celonis is the global leader in Process Intelligence and the pioneer of Process Mining technology. As one of the world’s fastest-growing enterprise SaaS companies, we are changemakers pushing the boundaries of what’s possible. We invest heavily in advanced AI capabilities—specifically our Process Intelligence Graph—to turn data insights into immediate business action. We believe there is a massive opportunity to unlo"
c939856a4d24729a,remotefirst,Senior Value Engineer - Manufacturing,Celonis,United States,United States,True,Not disclosed,,,,,SAP mentioned,Technical / Development,Senior,Unspecified SAP,,,https://remotefirstjobs.com/companies/celonis/jobs/senior-value-engineer-manufacturing-825010,"Celonis is the global leader in Process Intelligence and the pioneer of Process Mining technology. As one of the world’s fastest-growing enterprise SaaS companies, we are changemakers pushing the boundaries of what’s possible. We invest heavily in advanced AI capabilities—specifically our Process Intelligence Graph—to turn data insights into immediate business action. We believe there is a massive opportunity to unlo"
36438377ec091172,remotefirst,Strategic Value & Process Optimisation Consultant,Celonis,Spain,Spain,True,Not disclosed,,,,,SAP mentioned,Technical / Development,Mid / Unspecified,Unspecified SAP,,,https://remotefirstjobs.com/companies/celonis/jobs/strategic-value-process-optimisation-consultant-825006,"Celonis is the global leader in Process Intelligence and the pioneer of Process Mining technology. As one of the world’s fastest-growing enterprise SaaS companies, we are changemakers pushing the boundaries of what’s possible. We invest heavily in advanced AI capabilities—specifically our Process Intelligence Graph—to turn data insights into immediate business action. We believe there is a massive opportunity to unlo"
10994c90a9650609,remotefirst,Value Consultant - Data Analytics & Supply Chain Transformation,Celonis,Spain,Spain,True,Not disclosed,,,,,SAP mentioned,Technical / Development,Mid / Unspecified,Unspecified SAP,,,https://remotefirstjobs.com/companies/celonis/jobs/value-consultant-data-analytics-supply-chain-transformation-827799,"Celonis is the global leader in Process Intelligence and the pioneer of Process Mining technology. As one of the world’s fastest-growing enterprise SaaS companies, we are changemakers pushing the boundaries of what’s possible. We invest heavily in advanced AI capabilities—specifically our Process Intelligence Graph—to turn data insights into immediate business action. We believe there is a massive opportunity to unlo"
37947de250edb8aa,remotefirst,Value Engineer - Iberia & Latam,Celonis,Spain,Spain,True,Not disclosed,,,,,SAP mentioned,Technical / Development,Mid / Unspecified,Unspecified SAP,,,https://remotefirstjobs.com/companies/celonis/jobs/value-engineer-iberia-latam-825012,"Celonis is the global leader in Process Intelligence and the pioneer of Process Mining technology. As one of the world’s fastest-growing enterprise SaaS companies, we are changemakers pushing the boundaries of what’s possible. We invest heavily in advanced AI capabilities—specifically our Process Intelligence Graph—to turn data insights into immediate business action. We believe there is a massive opportunity to unlo"
d884ccb146715963,remotefirst,HR Project Lead,Charlotte Tilbury Beauty,United Kingdom,United Kingdom,True,Not disclosed,,,,,SAP module/technical requirement,Data / Analytics,Lead / Manager,HCM / SuccessFactors,SuccessFactors; Agile / Scrum,,https://remotefirstjobs.com/companies/charlotte-tilbury-beauty/jobs/hr-project-lead-804728,"HR Project & Change Lead 12-month FTC (Fixed-Term Contract) About Charlotte Tilbury Beauty Founded by British makeup artist and beauty entrepreneur Charlotte Tilbury MBE in 2013, Charlotte Tilbury Beauty has revolutionised the face of the global beauty industry by de-coding makeup applications for everyone, everywhere, with an easy-to-use, easy-to-choose, easy-to-gift range. Today, Charlotte Tilbury Beauty continues "
6dc708090b115d4e,remotefirst,Operations Compliance Program Senior Analyst,Clearway Energy Group,United States,United States,True,Disclosed,92000,115000,,,SAP mentioned,Data / Analytics,Senior,Unspecified SAP,,,https://remotefirstjobs.com/companies/clearway-energy-group/jobs/operations-compliance-program-senior-analyst-811748,"What The Role Is We are seeking a highly organized and proactive Compliance Program Analyst to join our Continuous Improvement Team. This role has two primary areas of focus: (1) owning and maturing Clearway’s GO 167-C compliance program — the CPUC regulation governing maintenance, operation, and safety standards for electric generating facilities and energy storage systems — and (2) serving as the organizational rep"
eb4653a99be597c1,remotefirst,Principal Sales Operations & Strategy Manager - Renewals & Business Development Teams,Cloudflare,Worldwide / Not specified,Worldwide / Not specified,True,Not disclosed,,,,,SAP module/technical requirement,Basis / Security,Lead / Manager,Basis / Security,GRC / Security,,https://remotefirstjobs.com/companies/cloudflare/jobs/principal-sales-operations-strategy-manager-renewals-business-development-teams-831686,"About Us At Cloudflare, we are on a mission to help build a better Internet. Today the company runs one of the world’s largest networks that powers millions of websites and other Internet properties for customers ranging from individual bloggers to SMBs to Fortune 500 companies. Cloudflare protects and accelerates any Internet application online without adding hardware, installing software, or changing a line of code"
14397ab3187c83a8,remotefirst,Senior Partnership Account Manager,Collibra NV,Australia,Australia,True,Not disclosed,,,,,SAP mentioned,Data / Analytics,Lead / Manager,Unspecified SAP,,,https://remotefirstjobs.com/companies/collibra/jobs/senior-partnership-account-manager-822218,"Senior Partnership Account Manager Collibra is looking for a Senior Partner Account Manager to lead and grow our partner-driven business. You will identify key growth areas and ensure seamless execution by aligning with regional Field Sales teams. This cross-functional role requires close collaboration with our Marketing, Engineering, and Product teams to develop a world-class partner ecosystem. This is a remote role"
186f6cb8ca8241fb,remotefirst,Senior Business Development Representative,Commercetools,Australia,Australia,True,Not disclosed,,,,,SAP mentioned,Functional Consulting,Senior,Unspecified SAP,,,https://remotefirstjobs.com/companies/commercetools/jobs/senior-business-development-representative-800869,"About commercetools Real innovation starts with a strong foundation, and at commercetools, that comes from the perfect balance of our product and our people. Behind every leap forward is a collective of builders, explorers, doers, makers, and problem-solvers. The kind of people who not only created composable commerce but also shaped the culture of experimentation that idea unlocked. Together they are the engine of c"
e134447835220795,remotefirst,Digital Process Automation Graduate,Continental,Portugal,Portugal,True,Not disclosed,,,,,SAP mentioned,Data / Analytics,Entry / Intern,Unspecified SAP,English,,https://remotefirstjobs.com/companies/continental/jobs/digital-process-automation-graduate-815021,"Company Description Continental is a leading tire manufacturer and industry specialist. Founded in 1871, the company generated sales of €39.7 billion in 2024 and currently employs around 95,000 people in 54 countries and markets. Tire solutions from the Tires group sector make mobility safer, smarter, and more sustainable. Its premium portfolio encompasses car, truck, bus, two-wheel, and specialty tires as well as sm"
0cdb5f8aa8b4ab11,remotefirst,EDI Central Key User / Business Analyst for APAC Region,Continental,Philippines,Philippines,True,Not disclosed,,,,,SAP module/technical requirement,Technical / Development,Mid / Unspecified,S/4HANA; SD / Sales,S/4HANA; SAP SD; English,,https://remotefirstjobs.com/companies/continental/jobs/edi-central-key-user-business-analyst-for-apac-region-813868,"Company Description Continental is a leading tire manufacturer and industry specialist that develops and produces sustainable, safe and convenient solutions for automotive manufacturers as well as industrial and end customers worldwide. Founded in 1871, the company generated sales of €19.7 billion in 2025, and the Continental team is made up of 92,653 employees at 336 locations for production, research and developmen"
25bd2e70ad2db8d9,remotefirst,Global Internal Auditor (Cross-Functional),Continental,Hungary,Hungary,True,Not disclosed,,,,,SAP mentioned,Data / Analytics,Mid / Unspecified,Unspecified SAP,English; German,,https://remotefirstjobs.com/companies/continental/jobs/global-internal-auditor-crossfunctional-803436,"Company Description Continental develops pioneering technologies and services for sustainable and connected mobility of people and their goods. Founded in 1871, the technology company offers safe, efficient, intelligent and affordable solutions for vehicles, machines, traffic and transportation. In 2024, Continental generated sales of €39.7 billion and currently employs around 190,000 people in 55 countries and marke"
b1ceffadf4b4304c,remotefirst,IT B2B/EDI Developer,Continental,India,India,True,Not disclosed,,,,,SAP module/technical requirement,Basis / Security,Mid / Unspecified,Basis / Security,GRC / Security; English,,https://remotefirstjobs.com/companies/continental/jobs/it-b2bedi-developer-825195,"Company Description Continental develops pioneering technologies and services for sustainable and connected mobility of people and their goods. Founded in 1871, the technology company offers safe, efficient, intelligent and affordable solutions for vehicles, machines, traffic and transportation. In 2023, Continental generated preliminary sales of €41.4 billion and currently employs around 200,000 people in 56 countri"
68904b41c6f9cb14,remotefirst,IT Consultant QM Applications (SAP QM / Salesforce),Continental,Philippines,Philippines,True,Not disclosed,,,,,Core SAP delivery role,Functional Consulting,Mid / Unspecified,PP / QM / Manufacturing,SAP QM; Agile / Scrum; English,,https://remotefirstjobs.com/companies/continental/jobs/it-consultant-qm-applications-sap-qm-salesforce-810880,"Company Description Continental develops pioneering technologies and services for sustainable and connected mobility of people and their goods. Founded in 1871, the technology company offers safe, efficient, intelligent, and affordable solutions for vehicles, machines, traffic, and transportation. In 2022, Continental generated sales of €39.4 billion and currently employs around 200,000 people in 57 countries and mar"
48884ffe9f6bbb48,remotefirst,Internal Auditor,Continental,Romania,Romania,True,Not disclosed,,,,,SAP mentioned,Data / Analytics,Mid / Unspecified,Unspecified SAP,English; German,,https://remotefirstjobs.com/companies/continental/jobs/internal-auditor-803433,"Company Description Continental develops pioneering technologies and services for sustainable and connected mobility of people and their goods. Founded in 1871, the technology company offers safe, efficient, intelligent and affordable solutions for vehicles, machines, traffic and transportation. In 2021, Continental generated sales of €33.8 billion and currently employs more than 190,000 people in 58 countries and ma"
225091b0a93eece6,remotefirst,Pricing Analyst,Continental,Portugal,Portugal,True,Not disclosed,,,,,SAP mentioned,Data / Analytics,Mid / Unspecified,Unspecified SAP,English,,https://remotefirstjobs.com/companies/continental/jobs/pricing-analyst-787322,"Company Description Continental is a leading tire manufacturer and industry specialist. Founded in 1871, the company generated sales of €39.7 billion in 2024 and currently employs around 95,000 people in 54 countries and markets. Tire solutions from the Tires group sector make mobility safer, smarter, and more sustainable. Its premium portfolio encompasses car, truck, bus, two-wheel, and specialty tires as well as sm"
3898c292ed38de3a,remotefirst,Product Industrialization Engineer,Continental,Romania,Romania,True,Not disclosed,,,,,SAP mentioned,Technical / Development,Mid / Unspecified,Unspecified SAP,English,,https://remotefirstjobs.com/companies/continental/jobs/product-industrialization-engineer-803444,"Company Description Continental develops pioneering technologies and services for sustainable and connected mobility of people and their goods. Founded in 1871, the technology company offers safe, efficient, intelligent and affordable solutions for vehicles, machines, traffic and transportation. In 2021, Continental generated sales of €33.8 billion and currently employs more than 190,000 people in 58 countries and ma"
beb443fac01b7d2f,remotefirst,SAP MM/QM ABAP Developer/Techno-Functional Consultant,Continental,India,India,True,Not disclosed,,,,,Core SAP delivery role,Technical / Development,Mid / Unspecified,S/4HANA; ABAP / Development; BTP / Integration; MM / Procurement,ABAP; S/4HANA; IDoc; SAP MM; English; German,,https://remotefirstjobs.com/companies/continental/jobs/sap-mmqm-abap-developertechnofunctional-consultant-794080,"Company Description Continental develops pioneering technologies and services for sustainable and connected mobility of people and their goods. Founded in 1871, the technology company offers safe, efficient, intelligent and affordable solutions for vehicles, machines, traffic and transportation. In 2024, Continental generated sales of €39.7 billion and currently employs around 190,000 people in 55 countries and marke"
ceed8915946ec881,remotefirst,SAP PO Interface Consultant,Continental,Mexico,Mexico,True,Not disclosed,,,,,Core SAP delivery role,Technical / Development,Mid / Unspecified,BTP / Integration,SAP BTP; CPI / Integration Suite; PI/PO; OData; IDoc; Agile / Scrum; English,,https://remotefirstjobs.com/companies/continental/jobs/sap-po-interface-consultant-800548,"Company Description Continental is a leading tire manufacturer and industry specialist. Founded in 1871, the company generated sales of €19.7 billion in 2025 and currently employs around 78,000 people in 54 countries and markets. Tire solutions from the Tires group sector make mobility safer, smarter, and more sustainable. Its premium portfolio encompasses car, truck, bus, two-wheel, and specialty tires as well as sm"
4c48316a7f3a2621,remotefirst,SAP QM/MM ABAP Developer Techno-Functional Consultant,Continental,India,India,True,Not disclosed,,,,,Core SAP delivery role,Technical / Development,Mid / Unspecified,S/4HANA; ABAP / Development; BTP / Integration; MM / Procurement; PP / QM / Manufacturing,ABAP; S/4HANA; IDoc; SAP QM; English; German,,https://remotefirstjobs.com/companies/continental/jobs/sap-qmmm-abap-developer-technofunctional-consultant-794060,"Company Description Continental develops pioneering technologies and services for sustainable and connected mobility of people and their goods. Founded in 1871, the technology company offers safe, efficient, intelligent and affordable solutions for vehicles, machines, traffic and transportation. In 2024, Continental generated sales of €39.7 billion and currently employs around 190,000 people in 55 countries and marke"
4428bd640c5a0b3a,remotefirst,SAP Sales & Distribution (SD) Central Key User / Business Analyst for APAC Region,Continental,Philippines,Philippines,True,Not disclosed,,,,,Core SAP delivery role,Technical / Development,Mid / Unspecified,S/4HANA; SD / Sales,S/4HANA; SAP SD; English,,https://remotefirstjobs.com/companies/continental/jobs/sap-sales-distribution-sd-central-key-user-business-analyst-for-apac-region-812452,"Company Description Continental is a leading tire manufacturer and industry specialist that develops and produces sustainable, safe and convenient solutions for automotive manufacturers as well as industrial and end customers worldwide. Founded in 1871, the company generated sales of €19.7 billion in 2025, and the Continental team is made up of 92,653 employees at 336 locations for production, research and developmen"
7073d4bd51391d05,remotefirst,Product Manager Finance,CoreWeave,United States,United States,True,Disclosed,139000,204000,,,SAP module/technical requirement,Basis / Security,Lead / Manager,Basis / Security; FI / CO / FICO,GRC / Security; Agile / Scrum,,https://remotefirstjobs.com/companies/coreweave/jobs/product-manager-finance-788233,"CoreWeave is The Essential Cloud for AI™. Built for pioneers by pioneers, CoreWeave delivers a platform of technology, tools, and teams that enables innovators to build and scale AI with confidence. Trusted by leading AI labs, startups, and global enterprises, CoreWeave combines superior infrastructure performance with deep technical expertise to accelerate breakthroughs and turn compute into capability. Founded in 2"
cb8c3e50ef38437a,remotefirst,Senior Business Systems Engineer- Supply Chain Systems,CoreWeave,United States,United States,True,Disclosed,165000,242000,,,SAP module/technical requirement,Basis / Security,Senior,Basis / Security; MM / Procurement,GRC / Security,,https://remotefirstjobs.com/companies/coreweave/jobs/senior-business-systems-engineer-supply-chain-systems-790351,"CoreWeave is The Essential Cloud for AI™. Built for pioneers by pioneers, CoreWeave delivers a platform of technology, tools, and teams that enables innovators to build and scale AI with confidence. Trusted by leading AI labs, startups, and global enterprises, CoreWeave combines superior infrastructure performance with deep technical expertise to accelerate breakthroughs and turn compute into capability. Founded in 2"
ded95e9ccc2ac1fc,remotefirst,"Senior Manager, Joint Venture & VIE",CoreWeave,United States,United States,True,Disclosed,135000,180000,,,SAP module/technical requirement,Basis / Security,Lead / Manager,Basis / Security,GRC / Security,,https://remotefirstjobs.com/companies/coreweave/jobs/senior-manager-joint-venture-vie-788282,"CoreWeave is The Essential Cloud for AI™. Built for pioneers by pioneers, CoreWeave delivers a platform of technology, tools, and teams that enables innovators to build and scale AI with confidence. Trusted by leading AI labs, startups, and global enterprises, CoreWeave combines superior infrastructure performance with deep technical expertise to accelerate breakthroughs and turn compute into capability. Founded in 2"
b7a771ddc0d81abf,remotefirst,Staff Business Systems Engineer Data Center Systems,CoreWeave,United States,United States,True,Disclosed,188000,275000,,,SAP module/technical requirement,Basis / Security,Lead / Manager,Basis / Security,GRC / Security,,https://remotefirstjobs.com/companies/coreweave/jobs/staff-business-systems-engineer-data-center-systems-778142,"CoreWeave is The Essential Cloud for AI™. Built for pioneers by pioneers, CoreWeave delivers a platform of technology, tools, and teams that enables innovators to build and scale AI with confidence. Trusted by leading AI labs, startups, and global enterprises, CoreWeave combines superior infrastructure performance with deep technical expertise to accelerate breakthroughs and turn compute into capability. Founded in 2"
195c30c2f3fa626a,remotefirst,Strategic Treasury Manager,CoreWeave,United States,United States,True,Disclosed,110000,168000,,,SAP module/technical requirement,Basis / Security,Lead / Manager,Basis / Security,GRC / Security,,https://remotefirstjobs.com/companies/coreweave/jobs/strategic-treasury-manager-791652,"CoreWeave is The Essential Cloud for AI™. Built for pioneers by pioneers, CoreWeave delivers a platform of technology, tools, and teams that enables innovators to build and scale AI with confidence. Trusted by leading AI labs, startups, and global enterprises, CoreWeave combines superior infrastructure performance with deep technical expertise to accelerate breakthroughs and turn compute into capability. Founded in 2"
43dfd52683f564a6,remotefirst,Senior Solution Advisor - 11612,Coupa,Germany,Germany,True,Disclosed,109478,124843,,,SAP module/technical requirement,Data / Analytics,Senior,MM / Procurement,Ariba; English; German,,https://remotefirstjobs.com/companies/coupa-software/jobs/senior-solution-advisor-11612-827604,"Coupa makes margins multiply through its community-generated AI and industry-leading total spend management platform for businesses large and small. Coupa AI is informed by trillions of dollars of direct and indirect spend data across a global network of 10M+ buyers and suppliers. We empower you with the ability to predict, prescribe, and automate smarter, more profitable business decisions to improve operating margi"
b1676e37ca2e5f7d,remotefirst,Sr. Coupa Pay Success Manager - 11600,Coupa,United States,United States,True,Disclosed,104000,145333,,,SAP module/technical requirement,Data / Analytics,Lead / Manager,MM / Procurement,Ariba; Concur,,https://remotefirstjobs.com/companies/coupa-software/jobs/sr-coupa-pay-success-manager-11600-824017,"Coupa makes margins multiply through its community-generated AI and industry-leading total spend management platform for businesses large and small. Coupa AI is informed by trillions of dollars of direct and indirect spend data across a global network of 10M+ buyers and suppliers. We empower you with the ability to predict, prescribe, and automate smarter, more profitable business decisions to improve operating margi"
cba8f2d7922a4089,remotefirst,Director Product Management,Coupang,India,India,True,Not disclosed,,,,,SAP module/technical requirement,Data / Analytics,Lead / Manager,HCM / SuccessFactors,,,https://remotefirstjobs.com/companies/coupang/jobs/director-product-management-822465,"Director of Product Management - Internal Payroll Systems Company Introduction We exist to wow our customers. We know we’re doing the right thing when we hear our customers say, “How did we ever live without Coupang?” Born out of an obsession to make shopping, eating, and living easier than ever, we’re collectively disrupting the multi-billion-dollar e-commerce industry from the ground up. Coupang is one of the large"
7485c746d980c4a9,remotefirst,Senior Software Development Manager,Coupang,India,India,True,Not disclosed,,,,,SAP mentioned,Technical / Development,Lead / Manager,Unspecified SAP,,,https://remotefirstjobs.com/companies/coupang/jobs/senior-software-development-manager-787532,"Company Introduction We exist to wow our customers. We know we’re doing the right thing when we hear our customers say, “How did we ever live without Coupang?” Born out of an obsession to make shopping, eating, and living easier than ever, we’re collectively disrupting the multi-billion-dollar e-commerce industry from the ground up. We are one of the fastest-growing e-commerce companies that established an unparallel"
1c64768676cbff4c,remotefirst,Senior Solution Consultant Implementation,Coveo,Canada,Canada,True,Not disclosed,,,,,SAP mentioned,Data / Analytics,Senior,Unspecified SAP,,,https://remotefirstjobs.com/companies/coveo/jobs/senior-solution-consultant-implementation-755226,"The technical backbone behind every successful implementation First time hearing about Professional Services at Coveo? We are THE technical team that brings the Coveo AI-powered search products to life for our clients. As a Senior Solutions Consultant, you’ll guide our enterprise customers through transformative Generative AI experiences implementations, and shape how they leverage our solutions for a stronger and mo"
6288cf7f91b383a3,remotefirst,SAP Business System Analyst,Cricut,United States,United States,True,Not disclosed,,,,,Core SAP delivery role,Technical / Development,Mid / Unspecified,S/4HANA; ABAP / Development; FI / CO / FICO; SD / Sales; CRM / CX / Commerce,ABAP; S/4HANA; FICO; SAP SD,,https://remotefirstjobs.com/companies/cricut/jobs/sap-business-system-analyst-828614,"Company Description Cricut® empowers people to make and personalize almost anything—from custom cards and apparel to everyday items and home décor. Our smart cutting machines, design apps, and materials make creativity easy and accessible for everyone. We believe everyone is born creative, and our mission is to put the power of handmade into the hands of all. With a passionate community of Makers around the world, Cr"
0a982dae311a60fb,remotefirst,Project Cost Control Analyst,Crusoe,United States,United States,True,Disclosed,100000,140000,,,SAP mentioned,Technical / Development,Mid / Unspecified,Unspecified SAP,,,https://remotefirstjobs.com/companies/crusoe/jobs/project-cost-control-analyst-723091,"Crusoe’s mission is to accelerate the abundance of energy and intelligence. We’re crafting the engine that powers a world where people can create ambitiously with AI — without sacrificing scale, speed, or sustainability. Be a part of the AI revolution with sustainable technology at Crusoe. Here, you’ll drive meaningful innovation, make a tangible impact, and join a team that’s setting the pace for responsible, transf"
669af4d8a9cc7e04,remotefirst,O2C Senior Specialist - Billing UK&IE,Customs Support,Poland,Poland,True,Not disclosed,,,,,SAP mentioned,Data / Analytics,Senior,Unspecified SAP,English,,https://remotefirstjobs.com/companies/customs-support/jobs/o2c-senior-specialist-billing-ukie-829305,"Description Company Overview We are a dynamic and forward-thinking customs services provider, committed to delivering exceptional customs solutions to our clients. With a strong focus on operational excellence, we are looking to strengthen our finance team by hiring a meticulous and proactive O2C Specialist - Billing to support our UK&IE operations. Position Summary We are looking for a detail-oriented O2C Specialist"
a6419dc2dcab8b6c,remotefirst,O2C Specialist - Credit Control UK&IE,Customs Support,Poland,Poland,True,Not disclosed,,,,,SAP mentioned,Data / Analytics,Mid / Unspecified,Unspecified SAP,English,,https://remotefirstjobs.com/companies/customs-support/jobs/o2c-specialist-credit-control-ukie-831888,"Description Company Overview We are a dynamic and forward-thinking customs services provider, committed to delivering exceptional customs solutions to our clients. With a strong focus on operational excellence, we are looking to strengthen our finance team by hiring a meticulous and proactive O2C Specialist - Credit Control to support our UK&IE operations. Position Summary We are looking for a detail-oriented O2C Spe"
4f42a0fce632ac1b,remotefirst,SAP EWM Support Consultant - Manufacturing & Logistics,D-ploy GmbH,Austria,Austria,True,Not disclosed,,,,,Core SAP delivery role,Functional Consulting,Mid / Unspecified,EWM / WM / Logistics,SAP EWM,,https://remotefirstjobs.com/companies/d-ploy-gmbh/jobs/sap-ewm-support-consultant-manufacturing-logistics-819329,"We are looking for a SAP EWM Support Consultant - Manufacturing & Logistics to our key projects designing innovation tools, training and experiences. ! This role lasts initially until the end September of 2027 with expected extension, where only a freelance cooperation is available as form of cooperation. Tasks and Responsibilities: Provide BAU support for SAP EWM and Manufacturing-related logistics processes across "
671dd1b8a34dc02f,remotefirst,Senior Machine Learning Solutions Architect,Data Coach,Worldwide / Not specified,Worldwide / Not specified,True,Not disclosed,,,,,SAP mentioned,Architecture,Senior,Unspecified SAP,English,,https://remotefirstjobs.com/companies/phdata/jobs/senior-machine-learning-solutions-architect-807379,"Join phData, a dynamic and innovative leader in the modern data stack. We partner with major cloud data platforms like Snowflake, AWS, Azure, GCP, Fivetran, Pinecone, Glean, and dbt to deliver cutting-edge services and solutions.We’re committed to helping global enterprises overcome their toughest data challenges. phData is a remote-first global company with employees based in the United States, Latin America, and In"
299de73d821024b0,remotefirst,Consultant SAP SuccessFactors Integration,Deutsche Telekom IT Solutions,Hungary,Hungary,True,Not disclosed,,,,,Core SAP delivery role,Technical / Development,Mid / Unspecified,BTP / Integration; HCM / SuccessFactors,SAP BTP; CPI / Integration Suite; SuccessFactors,,https://remotefirstjobs.com/companies/deutsche-telekom-it-solutions-hu/jobs/consultant-sap-successfactors-integration-674670,"Cég leírása A Deutsche Telekom IT Solutions (korábban IT Services Hungary, ITSH) Magyarország legnagyobb ICT-munkaadója, a Deutsche Telekom Csoport tagja. A 2006-ban alakult, több mint 5000 fős cég az informatikai és telekommunikációs szolgáltatások széles körét nyújtja. A vállalat 2019-ben elnyerte a Nemzeti Befektetési Ügynökség (HIPA) legjobb oktatási együttműködésért járó díját, a PwC Magyarország független felmé"
e9b81d451708d72a,remotefirst,Technology Engineer (REF5469K),Deutsche Telekom IT Solutions HU,Hungary,Hungary,True,Not disclosed,,,,,SAP mentioned,Technical / Development,Mid / Unspecified,Unspecified SAP,,,https://remotefirstjobs.com/companies/deutsche-telekom-it-solutions-hu/jobs/technology-engineer-ref5469k-828612,"Company Description As Hungary’s most attractive employer in 2025 (according to Randstad’s representative survey), Deutsche Telekom IT Solutions is a subsidiary of the Deutsche Telekom Group. The company provides a wide portfolio of IT and telecommunications services with more than 5300 employees. We have hundreds of large customers, corporations in Germany and in other European countries. DT-ITS recieved the Best in"
4de31a03c83dce59,remotefirst,Test Automation Engineer Tricentis SAP (REF5608X),Deutsche Telekom IT Solutions HU,Hungary,Hungary,True,Not disclosed,,,,,Core SAP delivery role,Technical / Development,Mid / Unspecified,Unspecified SAP,,,https://remotefirstjobs.com/companies/deutsche-telekom-it-solutions-hu/jobs/test-automation-engineer-tricentis-sap-ref5608x-827105,"Cég leírása Magyarország legvonzóbb munkáltatója 2025-ben (a Randstad reprezentatív felmérése szerint) a Deutsche Telekom IT Solutions, a Deutsche Telekom Csoport leányvállalata. A cég több mint 5300 munkavállalójával széles körű IT és telekommunikációs szolgáltatásokat nyújt. Több száz nagyvállalati ügyféllel rendelkezik Németországban és más európai országokban. A DT-ITS 2019-ben elnyerte a HIPA „Legjobb Oktatási E"
531337446d173de2,remotefirst,DevOps Engineer Professional (MS Azure) for Professional Services (m/f/d),Deutsche Telekom IT Solutions Slovakia,Slovakia,Slovakia,True,Disclosed,53013,53013,,,SAP mentioned,Technical / Development,Mid / Unspecified,Unspecified SAP,Agile / Scrum; English; German,,https://remotefirstjobs.com/companies/deutsche-telekom-it-solutions-slovakia/jobs/devops-engineer-professional-ms-azure-for-professional-services-mfd-812633,Company Description Our brand Deutsche Telekom IT Solutions Slovakia entered the life of Košice region in 2006 under the name of T-Systems Slovakia and ever since has been inextricably linked with the region when became one of the founding members of Košice IT Valley. We have managed to grow from scratch to the second largest employer in the eastern part of the country with more than 3900 employees. Our goal is to pr
b8ada19876508a67,remotefirst,Senior SAP Functional Consultant - Basis (m/f/d),Deutsche Telekom IT Solutions Slovakia,Slovakia,Slovakia,True,Disclosed,27230,27230,,,Core SAP delivery role,Basis / Security,Senior,S/4HANA; BTP / Integration; Basis / Security,S/4HANA; SAP BTP; IDoc; GRC / Security,,https://remotefirstjobs.com/companies/deutsche-telekom-it-solutions-slovakia/jobs/senior-sap-functional-consultant-basis-mfd-811120,Company Description Our brand Deutsche Telekom IT Solutions Slovakia entered the life of Košice region in 2006 under the name of T-Systems Slovakia and ever since has been inextricably linked with the region when became one of the founding members of Košice IT Valley. We have managed to grow from scratch to the second largest employer in the eastern part of the country with more than 3900 employees. Our goal is to pr
6e39b17f1742a7f6,remotefirst,(Senior) Consultant Cyber Security (m/w/d),Devoteam,Germany,Germany,True,Not disclosed,,,,,SAP module/technical requirement,Basis / Security,Senior,Basis / Security,GRC / Security; German,,https://remotefirstjobs.com/companies/devoteam/jobs/senior-consultant-cyber-security-mwd-824312,"Unternehmensbeschreibung Wir fördern Dein persönliches Wachstum , gemeinsamen Erfolg und neue Innovationen. Wir sind ein internationales Beratungsunternehmen mit über 25 Jahren Erfahrung und über 10.000 Tech- und Business Expert:innen. Unser Fokus liegt auf digitaler Strategie, Plattformtechnologien, Cybersicherheit und Unternehmenstransformation. Als strategischer Partner von führenden Cloud-Anbietern wie AWS, Googl"
f7d9d9d0d70b4b1b,remotefirst,(Senior) Consultant Cyber Security (m/w/d),Devoteam,Germany,Germany,True,Not disclosed,,,,,SAP module/technical requirement,Basis / Security,Senior,Basis / Security,GRC / Security; German,,https://remotefirstjobs.com/companies/devoteam/jobs/senior-consultant-cyber-security-mwd-824300,"Unternehmensbeschreibung Wir fördern Dein persönliches Wachstum , gemeinsamen Erfolg und neue Innovationen. Wir sind ein internationales Beratungsunternehmen mit über 25 Jahren Erfahrung und über 10.000 Tech- und Business Expert:innen. Unser Fokus liegt auf digitaler Strategie, Plattformtechnologien, Cybersicherheit und Unternehmenstransformation. Als strategischer Partner von führenden Cloud-Anbietern wie AWS, Googl"
2cb10b382a799423,remotefirst,(Senior) Consultant Cyber Security (m/w/d),Devoteam,Germany,Germany,True,Not disclosed,,,,,SAP module/technical requirement,Basis / Security,Senior,Basis / Security,GRC / Security; German,,https://remotefirstjobs.com/companies/devoteam/jobs/senior-consultant-cyber-security-mwd-824267,"Unternehmensbeschreibung Wir fördern Dein persönliches Wachstum , gemeinsamen Erfolg und neue Innovationen. Wir sind ein internationales Beratungsunternehmen mit über 25 Jahren Erfahrung und über 10.000 Tech- und Business Expert:innen. Unser Fokus liegt auf digitaler Strategie, Plattformtechnologien, Cybersicherheit und Unternehmenstransformation. Als strategischer Partner von führenden Cloud-Anbietern wie AWS, Googl"
a529b602d314960b,remotefirst,"Manager, Supply Chain Logistics",Dianthus Therapeutics,Worldwide / Not specified,Worldwide / Not specified,True,Not disclosed,,,,,SAP module/technical requirement,Data / Analytics,Lead / Manager,EWM / WM / Logistics,,,https://remotefirstjobs.com/companies/dianthus-therapeutics-inc/jobs/manager-supply-chain-logistics-834058,"About Us We are developing potentially best in class therapies for patients living with severe autoimmune diseases. Our lead antibody, claseprubart (DNTH103), is purposefully engineered with extended half-life, improved potency, and high selectivity for only the active C1s complement protein that drives disease pathology – enabling less frequent and more convenient self-administered subcutaneous injections. Our secon"
f74c2d61eeca109a,remotefirst,Integrations Engineer,Drivetrain,India,India,True,Not disclosed,,,,,SAP module/technical requirement,Technical / Development,Mid / Unspecified,S/4HANA,S/4HANA; English,,https://remotefirstjobs.com/companies/drivetrain/jobs/integrations-engineer-802683,"Drivetrain is on a mission to empower businesses to make better decisions. Our financial planning & decision-making platform helps companies scale and achieve their targets predictably. Drivetrain is a remote-first company headquartered in the San Francisco Bay Area. Founded in 2021 by a couple of ex-Googlers, Drivetrain is a fast-growing company on a trajectory for success with backing from leading venture capital f"
55c7a60a251e7a78,remotefirst,Principal SAP Payroll Consultant,DyFlex Solutions,Australia,Australia; New Zealand,True,Not disclosed,,,,,Core SAP delivery role,Technical / Development,Lead / Manager,S/4HANA; BTP / Integration; HCM / SuccessFactors,S/4HANA; SAP BTP; SuccessFactors,,https://remotefirstjobs.com/companies/dyflex-solutions/jobs/principal-sap-payroll-consultant-772392,"DyFlex Solutions is an established SAP Platinum Partner with offices across Australia and New Zealand. Recognised as a leader in SAP expertise, we deliver fit-for-purpose solutions ranging from greenfield and brownfield implementations to change management, Aftercare services, and ongoing support.In 2025, we were proud to be awarded: ✓ Best Performing Partner in Australia for S/4HANA Public Cloud ✓ Best Performing Pa"
bbec55a999ccf4be,remotefirst,SAP Project Manager (Remote - East Coast of Australia),DyFlex Solutions,Australia,Australia,True,Not disclosed,,,,,Core SAP delivery role,Project / Program,Lead / Manager,S/4HANA; BTP / Integration; HCM / SuccessFactors,S/4HANA; SAP BTP; SuccessFactors,,https://remotefirstjobs.com/companies/dyflex-solutions/jobs/sap-project-manager-remote-east-coast-of-australia-839501,"DyFlex Solutions is an established SAP Platinum Partner with offices across Australia and New Zealand. Recognised as a leader in SAP expertise, we deliver fit‑for‑purpose solutions ranging from greenfield and brownfield implementations to change management, Aftercare services, and ongoing support. In 2025, we were proud to be awarded: ✓ Best Performing Partner in Australia for S/4HANA Public Cloud ✓ Best Performing P"
4d1238d6957fd370,remotefirst,Total Rewards Analyst (Contractor),Eikon Therapeutics,Worldwide / Not specified,Worldwide / Not specified,True,Disclosed,114400,135200,,,SAP module/technical requirement,Data / Analytics,Lead / Manager,HCM / SuccessFactors,SuccessFactors,,https://remotefirstjobs.com/companies/eikon-therapeutics/jobs/total-rewards-analyst-contractor-824740,"Eikon Therapeutics is a new biopharmaceutical company employing revolutionary technology at the intersection of chemistry, engineering, computation, and biology to discover novel treatments for life-threatening diseases. Eikon’s discovery platform is built on groundbreaking innovations from its founders (Nobel Prize, 2014), culminating in the creation of microscopes which enable real time, molecular-resolution measur"
92090aeaba67dcc3,remotefirst,Director Professional Services,Emburse,United States,United States,True,Not disclosed,,,,,SAP mentioned,Technical / Development,Lead / Manager,Unspecified SAP,,,https://remotefirstjobs.com/companies/emburse/jobs/director-professional-services-783297,"Who We Are: At Emburse, you’ll not just imagine the future – you’ll build it. As a leader in travel and expense solutions, we are creating a future where technology drives business value and inspires extraordinary results. Our AI-powered platform helps organizations modernize financial operations, increase visibility, and optimize spend across the enterprise. The Director, Implementation is a senior delivery leader r"
73cc750e62e36802,remotefirst,Accounts Receivable Specialist (Contractor),Esusu,United States,United States,True,Disclosed,104000,114400,,,SAP module/technical requirement,Data / Analytics,Mid / Unspecified,MM / Procurement,Ariba,,https://remotefirstjobs.com/companies/esusu/jobs/accounts-receivable-specialist-contractor-832602,"Esusu: Building Credit Access for All Your financial future shouldn’t depend on your race, background, or zip code. Yet 45 million Americans remain “credit invisible,” while countless others face denials, evictions, and predatory interest rates regularly. Esusu is changing that. As a financial technology and data platform, we’re revolutionizing financial health, identity services, and inclusive decision-making for in"
7ce4a4d401f5b849,remotefirst,Accounts Receivable Specialist (PH),Esusu,Philippines,Philippines,True,Not disclosed,,,,,SAP module/technical requirement,Data / Analytics,Mid / Unspecified,MM / Procurement,Ariba,,https://remotefirstjobs.com/companies/esusu/jobs/accounts-receivable-specialist-ph-832596,"Esusu: Building Credit Access for All Your financial future shouldn’t depend on your race, background, or zip code. Yet 45 million Americans remain “credit invisible,” while countless others face denials, evictions, and predatory interest rates regularly. Esusu is changing that. As a financial technology and data platform, we’re revolutionizing financial health, identity services, and inclusive decision-making for in"
2ffda09aae219b69,remotefirst,Billing Supervisor,Experian,Costa Rica,Costa Rica,True,Not disclosed,,,,,SAP mentioned,Data / Analytics,Lead / Manager,Unspecified SAP,English,,https://remotefirstjobs.com/companies/experian/jobs/billing-supervisor-837574,"Company Description Experian is a global data and technology company, powering opportunities for people and businesses around the world. We operate across a range of markets, from financial services to healthcare, automotive, agribusiness, insurance, and many more. Experian invests in people and new advanced technologies to unlock the power of data. We have an amazing team of 25,200 people in 32 countries. Job Descri"
580060766c98c3b0,remotefirst,GL Analyst I,Experian,Costa Rica,Costa Rica,True,Not disclosed,,,,,SAP mentioned,Data / Analytics,Lead / Manager,Unspecified SAP,English,,https://remotefirstjobs.com/companies/experian/jobs/gl-analyst-i-837579,"Company Description Experian is a global data and technology company, powering opportunities for people and businesses around the world. We operate across a range of markets, from financial services to healthcare, automotive, agribusiness, insurance, and many more. Experian invests in people and new advanced technologies to unlock the power of data. We have an amazing team of 25,200 people in 32 countries. Job Descri"
5fca3fd7e3212430,remotefirst,"AP Accountant (Fixed-term, 1 year)",Extreme Reach,Hungary,Hungary,True,Not disclosed,,,,,SAP mentioned,Data / Analytics,Mid / Unspecified,Unspecified SAP,English; German,,https://remotefirstjobs.com/companies/extreme-reach/jobs/ap-accountant-fixedterm-1-year-826506,"About XR Extreme Reach Extreme Reach provides a Connectivity Suite for the ad industry, combining collaboration tools, digital asset management, a global distribution network and powerful analytics to provide smarter, more collaborative advertising workflows bringing the marketing and production processes together from idea to delivery for greater visibility, productivity, insight, and performance. Brands, agencies, "
ea01a5e8cf0e99e2,remotefirst,Finance Application Specialist,FARFETCH,Portugal,Portugal,True,Not disclosed,,,,,SAP mentioned,Data / Analytics,Mid / Unspecified,Unspecified SAP,English,,https://remotefirstjobs.com/companies/farfetch/jobs/finance-application-specialist-744256,"Farfetch is a leading global marketplace for the luxury fashion industry, connecting customers in over 190 countries with items from more than 50 countries and over 1,400 of the world’s best brands and charming boutiques from around the world. Farfetch opens a world of luxury for endless expressions of style, delivering a truly unique shopping experience and access to the most extensive selection of luxury on a globa"
f264aed8bf0e77fc,remotefirst,Associate SAP Software Engineer (m/f/x,FINN,Worldwide / Not specified,Worldwide / Not specified,True,Disclosed,64003,79132,,,Core SAP delivery role,Technical / Development,Junior,S/4HANA; ABAP / Development; BTP / Integration,ABAP; S/4HANA; SAP BTP; OData; RAP / CAP; English; German,,https://remotefirstjobs.com/companies/finn/jobs/associate-sap-software-engineer-mfx-810834,"About FINN At FINN, we are building the future of mobility by making car subscriptions more seamless and sustainable than ever before. As Germany’s leading platform and fastest-growing startup, we offer you the opportunity to take true ownership and scale a business that is changing how people move. You’ll be joining a high-performing team of 350+ colleagues from 50+ nations and we’re just getting started! More Infor"
70840df83e65e60e,remotefirst,Technical Architect,Fairmarkit,United States,United States,True,Disclosed,91122,115382,,,SAP module/technical requirement,Architecture,Mid / Unspecified,S/4HANA; MM / Procurement,S/4HANA; Ariba; Agile / Scrum,,https://remotefirstjobs.com/companies/fairmarkit/jobs/technical-architect-765327,"Fairmarkit is the #1 autonomous sourcing platform revolutionizing the way all organizations buy & sell. Fairmarkit equips procurement teams with automation, AI, and GenAI so they can source more competitively at scale. Our solutions for tail spend and strategic sourcing help innovative procurement teams reduce cycle times, drive out costs, meet ESG/Diversity targets, and provide a better stakeholder experience to int"
b328fcfa676e5895,remotefirst,Controller,Fieldwire by Hilti,United States,United States,True,Disclosed,145000,175000,,,SAP mentioned,Data / Analytics,Lead / Manager,Unspecified SAP,,,https://remotefirstjobs.com/companies/fieldwire-by-hilti/jobs/controller-839858,"Who we’re looking for We are looking for an ambitious, results oriented and driven controller to join our high-performing team in our global Fieldwire headquarters in San Francisco, CA or Remote. You will take a key role within our organization as a business partner and team leader, reporting directly to the Director of Finance for Fieldwire. While developing your leadership skills managing the finance operations (Ac"
d5ef54b17b3f39f2,remotefirst,Senior Software Engineer Fullstack,Firstup,United Kingdom,United Kingdom,True,Not disclosed,,,,,SAP module/technical requirement,Technical / Development,Senior,HCM / SuccessFactors,SuccessFactors,,https://remotefirstjobs.com/companies/firstup/jobs/senior-software-engineer-fullstack-800322,"Who We Are At Firstup, our mission is to improve the employee experience at every moment that matters, large and small. As the communication pipeline for the world’s workforce, we now serve 40 of the Fortune 100 companies, reaching and connecting more than 17 million employees daily. Our employees are experts in the employee experience, workforce communications and technology. Joining Firstup means joining a movement"
cf73e01d4d2d0de0,remotefirst,"Software Engineer, Fullstack (UK)",Firstup,United Kingdom,United Kingdom,True,Not disclosed,,,,,SAP module/technical requirement,Technical / Development,Senior,HCM / SuccessFactors,SuccessFactors,,https://remotefirstjobs.com/companies/firstup/jobs/software-engineer-fullstack-uk-812960,"Who We Are At Firstup, our mission is to improve the employee experience at every moment that matters, large and small. As the communication pipeline for the world’s workforce, we now serve 40 of the Fortune 100 companies, reaching and connecting more than 17 million employees daily. Our employees are experts in the employee experience, workforce communications and technology. Joining Firstup means joining a movement"
a21368ea9c636f90,remotefirst,Business Development Representative Commercial,Fivetran,Japan,Japan,True,Not disclosed,,,,,SAP mentioned,Data / Analytics,Mid / Unspecified,Unspecified SAP,,,https://remotefirstjobs.com/companies/fivetran/jobs/business-development-representative-commercial-788692,"From Fivetran’s founding until now, our mission has remained the same: to make access to data as simple and reliable as electricity. With Fivetran, customer data arrives in their warehouses, canonical and ready to query, with no engineering or maintenance required. We’re proud that more organizations continue to leverage our technology every day to become truly data-driven. About The Role We’re looking for a Commerci"
0ef3d605c4b7791e,remotefirst,Customer Solutions Architect,Fivetran,Japan,Japan,True,Not disclosed,,,,,SAP module/technical requirement,Architecture,Lead / Manager,HANA / Data,SAP HANA,,https://remotefirstjobs.com/companies/fivetran/jobs/customer-solutions-architect-806832,"From Fivetran’s founding until now, our mission has remained the same: to make access to data as simple and reliable as electricity. With Fivetran, customer data arrives in their warehouses, canonical and ready to query, with no engineering or maintenance required. We’re proud that more organizations continue to leverage our technology every day to become truly data-driven. About the Role We’re looking for a Customer"
0473872ae0d65b71,remotefirst,Technical Pre-Sales Architect (SAP),FloQast,United Kingdom,United Kingdom,True,Not disclosed,,,,,Core SAP delivery role,Architecture,Mid / Unspecified,Unspecified SAP,,,https://remotefirstjobs.com/companies/floqast/jobs/technical-presales-architect-sap-822444,"Our Technical Pre-Sales Architect (SAP) is an essential pre-sales customer-facing role within the Global Revenue Organization, partnering with prospects and clients to drive a mutual understanding of FloQast’s vast integration ecosystem. This role directly engages with our customer’s IT, Financial Systems Admins, and other end-users, answering questions, consulting, and selling on best practices around integrations t"
c9e9b96899752f39,remotefirst,Applied AI Engineer,Forter,United Kingdom,United Kingdom,True,Not disclosed,,,,,SAP mentioned,Technical / Development,Senior,Unspecified SAP,,,https://remotefirstjobs.com/companies/forter/jobs/applied-ai-engineer-760784,"About the role: Forter is looking for a Senior Software Engineer to join the AI Engineering team in a role focused on embedding directly with business teams to drive AI transformation. This role is outward-facing: you will sit alongside GTM and G&A functions — Sales, Marketing, Finance, HR, Legal, Customer Success — and fundamentally alter how these teams operate with AI. Departments outside of R&D are still early in"
39df0a064c6ad87e,remotefirst,Applied AI Engineer,Forter,Israel,Israel,True,Not disclosed,,,,,SAP mentioned,Technical / Development,Senior,Unspecified SAP,,,https://remotefirstjobs.com/companies/forter/jobs/applied-ai-engineer-760782,"About the role: Forter is looking for a Senior Software Engineer to join the AI Engineering team in a role focused on embedding directly with business teams to drive AI transformation. This role is outward-facing: you will sit alongside GTM and G&A functions — Sales, Marketing, Finance, HR, Legal, Customer Success — and fundamentally alter how these teams operate with AI. Departments outside of R&D are still early in"
add30d5cd0d1e7c9,remotefirst,Enterprise Account Executive,Forter,China,China,True,Not disclosed,,,,,SAP mentioned,Data / Analytics,Mid / Unspecified,Unspecified SAP,English,,https://remotefirstjobs.com/companies/forter/jobs/enterprise-account-executive-819183,"About the role: This is an exciting time for Forter as we have seen great success in the market and are building a team to support our growth in China. We are looking for a talented and self-driven Enterprise Account Executive who thrives in a dynamic, complex sales cycle environment. The successful candidate will play a fundamental role in achieving our ambitious customer acquisition and revenue growth objectives ac"
61b0308e5a7d863d,remotefirst,Enterprise Account Executive,Forter,Germany,Germany,True,Not disclosed,,,,,SAP mentioned,Data / Analytics,Mid / Unspecified,Unspecified SAP,English; German,,https://remotefirstjobs.com/companies/forter/jobs/enterprise-account-executive-732140,"About the role: The Enterprise Account Executive will be a foundational member of the team in the DACH region, responsible for driving new customer acquisition and establishing and nurturing a strong pipeline of the largest accounts in the market. As an Enterprise Account Executive you must be highly driven, while also showing integrity and high emotional intelligence. We are looking for a self-starter with exception"
77ded05d4eecaada,remotefirst,Enterprise Account Executive,Forter,Germany,Germany,True,Not disclosed,,,,,SAP mentioned,Data / Analytics,Mid / Unspecified,Unspecified SAP,English; German,,https://remotefirstjobs.com/companies/forter/jobs/enterprise-account-executive-732079,"About the role: The Enterprise Account Executive will be a foundational member of the team in the DACH region, responsible for driving new customer acquisition and establishing and nurturing a strong pipeline of the largest accounts in the market. As an Enterprise Account Executive you must be highly driven, while also showing integrity and high emotional intelligence. We are looking for a self-starter with exception"
940e0ea52ded29a8,remotefirst,"Lead Strategic Partnerships Manager, Financial Services",Forter,United States,United States,True,Disclosed,196000,240000,,,SAP mentioned,Data / Analytics,Lead / Manager,Unspecified SAP,,,https://remotefirstjobs.com/companies/forter/jobs/lead-strategic-partnerships-manager-financial-services-822939,"About the Role Forter is seeking a Lead Strategic Partnerships Manager, Financial Services to own and accelerate our most strategic relationships across the global payments ecosystem. Reporting to the VP of Global Strategic Partnerships, this position carries expanded ownership: you will set the vision for Forter’s PSP and issuing bank partnership strategy, close and structure landmark deals, and serve as an internal"
cbd3784e481462f9,remotefirst,Senior Corporate Development Manager,Forter,United States,United States,True,Disclosed,190000,234000,,,SAP mentioned,Technical / Development,Lead / Manager,Unspecified SAP,,,https://remotefirstjobs.com/companies/forter/jobs/senior-corporate-development-manager-728825,"About the role: Forter is entering a phase of increased focus on inorganic growth, strategic partnerships and new value creation opportunities, as part of our broader strategy to become the trust engine for agentic commerce. As Senior Corporate Development Manager , you will own the end-to-end corporate development agenda – across acquisitions, strategic partnerships and emerging data monetization opportunities – wor"
afa92785b1919c87,remotefirst,Senior Risk Analyst,Forter,United States,United States,True,Disclosed,117000,145000,,,SAP mentioned,Data / Analytics,Lead / Manager,Unspecified SAP,,,https://remotefirstjobs.com/companies/forter/jobs/senior-risk-analyst-766860,"About the role: We’re looking for an experienced and impact driven professional to join our Global Risk team as a Senior Risk Analyst. In this role, you will take a leading part in shaping risk and commercial decision making across the AMER region. You will work closely with Go-to-Market leadership, bringing strong analytical judgment, business understanding, and a forward-looking perspective to complex opportunities"
04e380c731cee8e2,remotefirst,Order Processing Specialist,Frida,United States,United States,True,Not disclosed,,,,,SAP mentioned,Data / Analytics,Mid / Unspecified,Unspecified SAP,,,https://remotefirstjobs.com/companies/frida/jobs/order-processing-specialist-793075,"Who We Are Parenting isn’t picture-perfect. It’s messy, hilarious, exhausting, and life-changing — sometimes all before noon. That’s where we come in. Founded in 2014 by our CEO Chelsea Hirschhorn, Frida was built to make the raw reality of parenting a little easier to navigate (and a lot less overwhelming). It all started with one legendary snot-sucker — the NoseFrida — and has grown into a 200+ product lineup that "
51c84734d5fe85c8,remotefirst,Accounts Receivable AR Accountant,GHJ,United States,United States,True,Disclosed,66000,70000,,,SAP mentioned,Data / Analytics,Mid / Unspecified,Unspecified SAP,,,https://remotefirstjobs.com/companies/ghj/jobs/accounts-receivable-ar-accountant-768518,"GHJ Search and Staffing serves as the recruitment division of GHJ, a prominent national accounting and advisory firm. Our team provides qualified Accounting and Finance professionals on a temporary and permanent basis across a broad range of industries. GHJ’s relationship with our Global Advisory and Accounting Network provides the resources needed to better understand client’s needs, attract a higher caliber of cand"
2b1cd7faae3866b9,remotefirst,Sr. Support Specialist (1 Year fixed term contract),GLOBALIZATION PARTNERS LTD.,Worldwide / Not specified,Worldwide / Not specified,True,Not disclosed,,,,,SAP mentioned,Data / Analytics,Senior,Unspecified SAP,English,,https://remotefirstjobs.com/companies/g-p/jobs/sr-support-specialist-1-year-fixed-term-contract-829382,"About Us Our leading SaaS-based Global Employment Platform™ enables clients to expand into over 180 countries quickly and efficiently, without the complexities of establishing local entities. At G-P, we’re dedicated to breaking down barriers to global business and creating opportunities for everyone, everywhere. Our diverse, remote-first teams are essential to our success. We empower our Dream Team members with flexi"
17814b06424ba414,remotefirst,Werkstudent/in Supply Chain Management Ordermanagement,Gerresheimer,Germany,Germany,True,Not disclosed,,,,,SAP mentioned,Other SAP-Related,Mid / Unspecified,Unspecified SAP,,,https://remotefirstjobs.com/companies/gerresheimer/jobs/werkstudentin-supply-chain-management-ordermanagement-753287,"Unternehmensbeschreibung Gerresheimer ist als innovativer System- und Lösungsanbieter der globale Partner für die Pharma-, Biotech- und Kosmetikbranche. Die Gruppe bietet ein umfassendes Portfolio an Drug-Containment-Lösungen inklusive Verschlüsse und Zubehör, sowie Drug-Delivery-Systemen, Medizinprodukten und Lösungen für die Gesundheitsbranche an. Das Leistungsspektrum umfasst unter anderem digitale Lösungen für di"
2086c79dc06cb6b1,remotefirst,Internal Finance - Head of System Enabling (Finance),GoGlobal,Poland,Poland,True,Not disclosed,,,,,SAP module/technical requirement,Technical / Development,Lead / Manager,FI / CO / FICO,Agile / Scrum; English,,https://remotefirstjobs.com/companies/goglobal/jobs/internal-finance-head-of-system-enabling-finance-826827,"The Head of System Enabling (Finance) will lead the digitization, technology transformation, and process automation agenda for GoGlobal’s finance function. With the ongoing system developing, (eg. DealHub | Atlios | Narvos | Workflow automation | enhancement on expense apps and credit card integration platform | potential ERP migration in future), together with workflow enhancement on Referral partners scheme, there "
0eabaab397950c81,remotefirst,Manager Accounting Services,GoGlobal,Malaysia,Malaysia,True,Not disclosed,,,,,SAP mentioned,Data / Analytics,Lead / Manager,Unspecified SAP,Agile / Scrum; English,,https://remotefirstjobs.com/companies/goglobal/jobs/manager-accounting-services-807154,"At GoGlobal, the Manager, Accounting Services is the team lead for a group of Specialists and Associates delivering full-set bookkeeping and accounting services to a portfolio of clients across multiple jurisdictions. You are accountable for the quality and timeliness of your team’s deliverables, the development and performance of your Specialists, day-to-day management of client relationships within your portfolio, "
15e48762d8f29abd,remotefirst,CPE Supply Chain Planning Lead,Google Fiber,Worldwide / Not specified,Worldwide / Not specified,True,Disclosed,157600,213400,,,SAP mentioned,Functional Consulting,Lead / Manager,Unspecified SAP,,,https://remotefirstjobs.com/companies/google-fiber/jobs/cpe-supply-chain-planning-lead-813023,"At GFiber, we believe that great internet has the power to drive innovation, strengthen communities, enable the impossible, and do all the everyday things that make all of our world go round. And the job of creating better internet is never done - so we’re growing! Our team is committed to building a place where people who want to make a difference can grow their careers and find their spot to belong. GFiber is an Al"
81bc7267a59376d6,remotefirst,Capex Accounting Manager,Google Fiber,Worldwide / Not specified,Worldwide / Not specified,True,Disclosed,142400,209400,,,SAP module/technical requirement,Data / Analytics,Lead / Manager,MM / Procurement,,,https://remotefirstjobs.com/companies/google-fiber/jobs/capex-accounting-manager-838721,"At GFiber, we believe that great internet has the power to drive innovation, strengthen communities, enable the impossible, and do all the everyday things that make all of our world go round. And the job of creating better internet is never done - so we’re growing! Our team is committed to building a place where people who want to make a difference can grow their careers and find their spot to belong. GFiber is an Al"
15e161b352815a5d,remotefirst,Customer Equipment Supply Chain Program Manager,Google Fiber,Worldwide / Not specified,Worldwide / Not specified,True,Disclosed,136000,198000,,,SAP module/technical requirement,Project / Program,Lead / Manager,EWM / WM / Logistics,,,https://remotefirstjobs.com/companies/google-fiber/jobs/customer-equipment-supply-chain-program-manager-812989,"At GFiber, we believe that great internet has the power to drive innovation, strengthen communities, enable the impossible, and do all the everyday things that make all of our world go round. And the job of creating better internet is never done - so we’re growing! Our team is committed to building a place where people who want to make a difference can grow their careers and find their spot to belong. GFiber is an Al"
a5b67c755790bfba,remotefirst,Strategic Procurement Manager,Google Fiber,Worldwide / Not specified,Worldwide / Not specified,True,Disclosed,136000,198000,,,SAP module/technical requirement,Data / Analytics,Lead / Manager,MM / Procurement,SAP MM,,https://remotefirstjobs.com/companies/google-fiber/jobs/strategic-procurement-manager-836651,"At GFiber, we believe that great internet has the power to drive innovation, strengthen communities, enable the impossible, and do all the everyday things that make all of our world go round. And the job of creating better internet is never done - so we’re growing! Our team is committed to building a place where people who want to make a difference can grow their careers and find their spot to belong. GFiber is an Al"
c10e6ebceac046cd,remotefirst,Data Manager Work Management,GroupM,United Kingdom,United Kingdom,True,Not disclosed,,,,,SAP module/technical requirement,Data / Analytics,Lead / Manager,MDG / Master Data,MDG,,https://remotefirstjobs.com/companies/groupm/jobs/data-manager-work-management-787634,"WPP is the trusted growth partner for the world’s leading brands. We unite cutting-edge media intelligence and data solutions, world-class creativity, next-generation production, transformative enterprise solutions and expert strategic counsel in a single company – powered by exceptional talent and our agentic marketing platform, WPP Open, to help our clients navigate change, capture opportunity and deliver transform"
0ecf3326f824a64d,remotefirst,GL Reporting Analyst,GroupM,Spain,Spain,True,Not disclosed,,,,,SAP mentioned,Data / Analytics,Senior,Unspecified SAP,English,,https://remotefirstjobs.com/companies/groupm/jobs/gl-reporting-analyst-784991,"WPP is the trusted growth partner for the world’s leading brands. We unite cutting-edge media intelligence and data solutions, world-class creativity, next-generation production, transformative enterprise solutions and expert strategic counsel in a single company – powered by exceptional talent and our agentic marketing platform, WPP Open, to help our clients navigate change, capture opportunity and deliver transform"
db37f05a91f4db4e,remotefirst,"Director, HR Business Partner, Advertising",Groupon,United States,United States,True,Disclosed,185000,205000,,,SAP module/technical requirement,Data / Analytics,Lead / Manager,HCM / SuccessFactors,SuccessFactors,,https://remotefirstjobs.com/companies/groupon/jobs/director-hr-business-partner-advertising-819728,"The mission of The New York Times is to seek the truth and help people understand the world. That means independent journalism is at the heart of all we do as a company. It’s why we have a world-renowned newsroom that sends journalists to report on the ground from nearly 160 countries. It’s why we focus deeply on how our readers will experience our journalism, from print to audio to a world-class digital and app dest"
f0acd2c188e76ad9,remotefirst,Tax Compliance Director,Gympass,Brazil,Brazil,True,Not disclosed,,,,,SAP mentioned,Data / Analytics,Lead / Manager,Unspecified SAP,English,,https://remotefirstjobs.com/companies/gympass/jobs/tax-compliance-director-819697,"Your wellbeing, our mission. Join a company shaping a healthier world. GET TO KNOW US At Wellhub we’re revolutionizing workplace wellness. Our platform connects employees worldwide to the best partners for fitness, mindfulness, therapy, nutrition, and sleep—all in one simple subscription. Headquartered in NYC with team members in Europe, North America and South America, we’re on a mission to make every company a well"
0231e829571dedb2,remotefirst,Payroll Project Lead,Harbor.ai,United Kingdom,United Kingdom,True,Not disclosed,,,,,SAP module/technical requirement,Technical / Development,Lead / Manager,HCM / SuccessFactors,SuccessFactors; Agile / Scrum,,https://remotefirstjobs.com/companies/harborai/jobs/payroll-project-lead-838582,"Harbor looking for a Payroll Project Lead to take ownership of global payroll migrations and transformation projects. You will lead client-facing engagements, advise organisations on transitions to global payroll vendors, and direct the delivery of global payroll audits. You will be the primary point of accountability for the client relationship and the overall health and status of each project. This is a senior, cli"
dfbe14613f7571be,remotefirst,Accounts Receivable Operations Specialist,HeadQuarters,Mexico,Mexico,True,Not disclosed,,,,,SAP mentioned,Data / Analytics,Mid / Unspecified,Unspecified SAP,,,https://remotefirstjobs.com/companies/headquarters/jobs/accounts-receivable-operations-specialist-836610,"Job Summary We are seeking an experienced Accounts Receivable (AR) Operations Specialist to support and optimize our end-to-end AR processes. The ideal candidate will play a key role in collections, payment application accuracy, and identifying process improvement opportunities to enhance cash flow and reporting accuracy. This role involves close collaboration with cross-functional teams, timely issue resolution, and"
344cf38ab8f6e9f0,remotefirst,Senior Accountant,HeadQuarters,Mexico,Mexico,True,Not disclosed,,,,,SAP mentioned,Data / Analytics,Senior,Unspecified SAP,,,https://remotefirstjobs.com/companies/headquarters/jobs/senior-accountant-816353,"HeadQuarters is a global start-up that partners with US cannabis companies to provide support in finance, sales operations, and logistics. We are currently seeking a Senior Accountant to join our growing accounting team. As a Senior Accountant with HeadQuarters, you will be responsible for managing and monitoring in a timely manner Accounts Payable Management. Payroll Processing, Expense & Accrual Accounting, Month-E"
c085f602b298ad45,remotefirst,"Senior Manager, Long-Term Planning",HelloFresh,Canada,Canada,True,Disclosed,78951,84234,,,SAP module/technical requirement,Data / Analytics,Lead / Manager,TM / GTS / Supply Chain,,,https://remotefirstjobs.com/companies/hellofresh/jobs/senior-manager-longterm-planning-838494,"The Senior Manager, Long-Term Planning will serve as the architect of our future-state planning for the North America (NA) market, comprising our US and CA businesses. Reporting into the Director, Strategic Planning, you will be responsible for implementing a structured, long-term strategic planning horizon in the NA business. This role will optimize North American supply chain and fulfillment operations and implemen"
10c81db7d9d64e78,remotefirst,Data Architecture and Insights Analyst,Hourglass Cosmetics,United States,United States,True,Disclosed,95000,110000,,,SAP mentioned,Data / Analytics,Mid / Unspecified,Unspecified SAP,Agile / Scrum,,https://remotefirstjobs.com/companies/hourglass-cosmetics/jobs/data-architecture-and-insights-analyst-834436,"HOURGLASS COSMETICS — Data Architecture and Insights Analyst (Hybrid Role) Connected by creativity and driven by purpose. Hourglass Cosmetics is a vegan and cruelty-free beauty brand, redefining luxury cosmetics with high-performance products, innovative formulas, and award-winning franchises. Recognized by Forbes, Fast Company and Time Magazine as one of the most inventive beauty companies, Hourglass leads the indus"
1e4cd37ec5a9e673,remotefirst,Senior Accountant,Hourglass Cosmetics,United States,United States,True,Disclosed,90000,110000,,,SAP mentioned,Data / Analytics,Senior,Unspecified SAP,Agile / Scrum,,https://remotefirstjobs.com/companies/hourglass-cosmetics/jobs/senior-accountant-814886,"HOURGLASS COSMETICS — Senior Accountant (Hybrid Role) Connected by creativity and driven by purpose. Hourglass Cosmetics is a vegan and cruelty-free beauty brand, redefining luxury cosmetics with high-performance products, innovative formulas, and award-winning franchises. Recognized by Forbes, Fast Company and Time Magazine as one of the most inventive beauty companies, Hourglass leads the industry with its breakthr"
3050eaf482067374,remotefirst,Enterprise Account Executive,Humanly (humanly.io),Worldwide / Not specified,Worldwide / Not specified,True,Not disclosed,,,,,SAP module/technical requirement,Functional Consulting,Mid / Unspecified,HCM / SuccessFactors,SuccessFactors,,https://remotefirstjobs.com/companies/humanly/jobs/enterprise-account-executive-823131,"About Humanly Humanly builds AI-native hiring software that turns recruiting from a reactive scramble into a predictable system. Built for hourly, frontline, and high-volume hiring, we don’t just give teams tools — we deliver pre-vetted, ready-to-hire candidates on demand. Our AI conducts over 9,000 interviews a day for hundreds of customers, including Microsoft, Domino’s, MGM Resorts, and Massage Envy. We recently c"
e61983c602f9be13,remotefirst,Sr. IAM Engineer,IDMWORKS,United States,United States,True,Not disclosed,,,,,SAP mentioned,Technical / Development,Senior,Unspecified SAP,,,https://remotefirstjobs.com/companies/idmworks/jobs/sr-iam-engineer-835790,"IDMWORKS is an award-winning identity and access management (IAM) solutions firm that has been serving a wide range of sectors since its inception in 2004. As a firm that’s purely focused on IAM, IDMWORKS offers a comprehensive range of services designed to enable enterprises to effectively manage, secure and scale employee and customer access to systems, data, and software applications. This specialized service empo"
0a4e23f042e3a7cd,remotefirst,Supply Planner,Innovative Beauty Group (IBG),Netherlands,Netherlands,True,Not disclosed,,,,,SAP mentioned,Data / Analytics,Mid / Unspecified,Unspecified SAP,,,https://remotefirstjobs.com/companies/innovative-beauty-group/jobs/supply-planner-813217,"Description “You make sure our products are in the right place, in the right quantity, at exactly the right time – all while keeping our supply chain running smoothly.” As a Supply Planner at Innovative Beauty Group (IBG), you balance demand, inventory and supplier performance across Europe and China. You translate forecasts into smart supply plans, manage stock levels across our portfolio, and work closely with supp"
5a68152336928ffb,remotefirst,Senior HR Business Partner,Innovid,United Kingdom,United Kingdom,True,Not disclosed,,,,,SAP module/technical requirement,Data / Analytics,Lead / Manager,HCM / SuccessFactors,SuccessFactors,,https://remotefirstjobs.com/companies/innovid/jobs/senior-hr-business-partner-808203,"Innovid is the leading independent omnichannel ad tech platform, empowering marketers to create, deliver, measure, and optimize ad-supported experiences that people love. In 2025, Innovid and Flashtalking merged to create a transparent, scalable alternative to big-tech, walled-gardens, and point solutions across CTV, digital, linear, and social channels. As part of Mediaocean, Innovid is tied into the industry’s core"
219aa7ff8c9ef709,remotefirst,Senior SOX Manager – IT,Instacart,United States,United States,True,Disclosed,185000,195500,,,SAP mentioned,Technical / Development,Lead / Manager,Unspecified SAP,,,https://remotefirstjobs.com/companies/instacart/jobs/senior-sox-manager-it-833951,"We’re transforming the grocery industry At Instacart, we invite the world to share love through food because we believe everyone should have access to the food they love and more time to enjoy it together. Where others see a simple need for grocery delivery, we see exciting complexity and endless opportunity to serve the varied needs of our community. We work to deliver an essential service that customers rely on to "
94e667a4d7abfff4,remotefirst,Director Financial Accounting & Control EMEA,Jack Link's Protein Snacks,Netherlands,Netherlands,True,Not disclosed,,,,,SAP mentioned,Data / Analytics,Lead / Manager,Unspecified SAP,Agile / Scrum; English; German,,https://remotefirstjobs.com/companies/jack-link-s-protein-snacks/jobs/director-financial-accounting-control-emea-837432,"Company Description At Link Snack s, we show up hungry, roll up our sleeves, plaid or otherwise, and dive straight into the hard work. We don’t hide from challenges; we hunt them down. We push harder, move faster, and take the kinds of big swings that built this business in the North Woods of Wisconsin four decades ago. We’re everyday people who deliver extraordinary results. Innovation, creativity, and urgency aren’"
327cf448ee4f4b12,remotefirst,Senior Payroll Specialist,Jack Link's Protein Snacks,Germany,Germany,True,Not disclosed,,,,,SAP module/technical requirement,Other SAP-Related,Senior,HCM / SuccessFactors,,,https://remotefirstjobs.com/companies/jack-link-s-protein-snacks/jobs/senior-payroll-specialist-806521,"Unternehmensbeschreibung Bei Link Snacks gehen wir hungrig an die Arbeit, krempeln die Ärmel hoch – im Karohemd oder auch nicht – und stürzen uns direkt in die Herausforderungen. Wir verstecken uns nicht vor Schwierigkeiten; wir gehen aktiv auf sie zu. Wir geben mehr Gas, bewegen uns schneller und wagen die großen Schritte, die dieses Unternehmen vor vier Jahrzehnten in den North Woods von Wisconsin aufgebaut haben. "
e0ebfd4a01b0f5e6,remotefirst,Marketing Analytics and Insights Developer,JeffreyM Consulting,United States,United States,True,Disclosed,120640,120640,,,SAP module/technical requirement,Technical / Development,Senior,HANA / Data; HCM / SuccessFactors,SAP Analytics Cloud; Datasphere,,https://remotefirstjobs.com/companies/jeffreym-consulting/jobs/marketing-analytics-and-insights-developer-800487,"Our tech client is seeking a Marketing Analytics and Insights Developer with strong experience in marketing analytics and business intelligence. This individual will partner with global marketing stakeholders to design and deliver scalable dashboards and reporting solutions that enable data-driven decision making. The successful candidate will leverage SAP Analytics Cloud , SQL , Tableau , and enterprise data to buil"
32ca6f7d2e84daaf,remotefirst,Finance Manager,Jumio Corporation,United States,United States,True,Disclosed,136000,161000,,,SAP mentioned,Data / Analytics,Lead / Manager,Unspecified SAP,,,https://remotefirstjobs.com/companies/jumio-corporation/jobs/finance-manager-838157,"Role Purpose The Senior Financial Analyst – Corporate plays a critical role in supporting executive decision-making through advanced financial analysis, forecasting, and strategic insight. This role partners closely with Accounting and cross-functional business leaders to drive financial performance, improve forecast accuracy, and support long-term planning initiatives in a fast-paced, matrixed environment. Role Valu"
e9deb79184e7014c,remotefirst,"Senior Manager, Commercial Capabilities",Juul Labs,United States,United States,True,Disclosed,144000,180000,,,SAP module/technical requirement,Basis / Security,Lead / Manager,Basis / Security,GRC / Security,,https://remotefirstjobs.com/companies/juul-labs/jobs/senior-manager-commercial-capabilities-836358,"THE COMPANY: Juul Labs’s mission is to transition the world’s billion adult smokers away from combustible cigarettes, eliminate their use, and combat underage usage of our products. We have the opportunity to address one of the world’s most intractable challenges through a commitment to exceptional quality, research, design, and innovation. Backed by leading technology investors, we are committed to the same excellen"
a320fbeb49e53941,remotefirst,Account Manager,KOSTAL Group,Hungary,Hungary,True,Not disclosed,,,,,SAP module/technical requirement,Data / Analytics,Lead / Manager,CRM / CX / Commerce,English; German,,https://remotefirstjobs.com/companies/kostal-group/jobs/account-manager-799065,"Company Description KOSTAL Group is a globally active, family-owned German company renowned for delivering innovative, market-leading solutions in the solar and automotive industries. Founded in 1912, the company has grown into a worldwide organization with around 20,000 employees across 47 locations in 22 countries. As part of its continued expansion, KOSTAL established KOSTAL Business Services (KBS) in 2022, markin"
a6a29491a540c430,remotefirst,Accounts Receivable Specialist,KOSTAL Group,Hungary,Hungary,True,Not disclosed,,,,,SAP module/technical requirement,Data / Analytics,Mid / Unspecified,FI / CO / FICO,FICO; English; German,,https://remotefirstjobs.com/companies/kostal-group/jobs/accounts-receivable-specialist-816716,"Company Description KOSTAL Group is a global, family-owned German company that develops market-leading solutions for the solar and automotive industries. The company has been established in 1912 and employs about 20 000 people at 47 locations in 22 countries. In Hungary, KOSTAL is about to build its first business service centre to provide business support in IT, finance, procurement, master data, sales and HR fields"
c9d6dff1773942f0,remotefirst,Accounts Receivable Specialist (6 months fixed-term),KOSTAL Group,Hungary,Hungary,True,Not disclosed,,,,,SAP mentioned,Data / Analytics,Mid / Unspecified,Unspecified SAP,English; German,,https://remotefirstjobs.com/companies/kostal-group/jobs/accounts-receivable-specialist-6-months-fixedterm-827378,"Company Description KOSTAL Group is a globally active, family-owned German company renowned for delivering innovative, market-leading solutions in the solar and automotive industries. Founded in 1912, the company has grown into a worldwide organization with around 20,000 employees across 47 locations in 22 countries. As part of its continued expansion, KOSTAL established KOSTAL Business Services (KBS) in 2022, markin"
71d5f9dafce01db7,remotefirst,Junior Accounts Payable Specialist,KOSTAL Group,Hungary,Hungary,True,Not disclosed,,,,,SAP module/technical requirement,Data / Analytics,Junior,HANA / Data,SAP HANA; English; German,,https://remotefirstjobs.com/companies/kostal-group/jobs/junior-accounts-payable-specialist-751893,"Company Description KOSTAL Group is a global, family-owned German company that develops market-leading solutions for the solar and automotive industries. The company was established in 1912 and employs about 20 000 people at 47 locations in 22 countries. In Hungary, KOSTAL is building its first business service centre to provide business support in IT, finance, procurement, master data, sales and HR fields. This is a"
36909fc65ad4ef50,remotefirst,Senior Business Analyst SAP Analytics Transformation,KOSTAL Group,Hungary,Hungary,True,Not disclosed,,,,,Core SAP delivery role,Technical / Development,Senior,ABAP / Development; HANA / Data; EWM / WM / Logistics,CDS Views; SAP BW / BI; German,,https://remotefirstjobs.com/companies/kostal-group/jobs/senior-business-analyst-sap-analytics-transformation-772435,"Company Description KOSTAL Group is a global, family-owned German company that develops market-leading solutions for the solar and automotive industries. The company was established in 1912 and employs about 20 000 people at 47 locations in 22 countries. In Hungary, KOSTAL is building its first business service centre to provide business support in IT, finance, procurement, master data, sales and HR fields. This is a"
91a59f0e89f33c76,remotefirst,Talent & Learning Technology Team Lead,KOSTAL Group,Hungary,Hungary,True,Not disclosed,,,,,SAP module/technical requirement,Technical / Development,Lead / Manager,HCM / SuccessFactors,SuccessFactors; English,,https://remotefirstjobs.com/companies/kostal-group/jobs/talent-learning-technology-team-lead-638533,"Company Description KOSTAL Group is a global, independent, family-owned company, based in Germany. We develop and manufacture technologically complex electronic and mechatronic products for automotive and other industries. We employ more than 20.000 people at 46 locations, offering flexible, knowledgeable and customer-focused service. Shared Services Center provides internal IT and other services to the company’s sub"
26022463cfc11551,remotefirst,Developer Data and Integration,Kao EMEA & Americas,United States,United States,True,Disclosed,95000,110000,,,SAP module/technical requirement,Technical / Development,Senior,BTP / Integration,IDoc,,https://remotefirstjobs.com/companies/kao-corporation/jobs/developer-data-and-integration-765471,"The Role: Reporting to the Senior Architect the Developer, Data and Integration will be responsible for maintaining the stability, scalability, and reliability of our enterprise integration landscape, particularly for B2B and EDI transactions that directly support revenue, supply chain operations, and financial processing. At Kao, we offer amazing benefits that are available to you on your first day of employment (he"
543cf39f39eb4611,remotefirst,EDI Developer,Kao EMEA & Americas,United States,United States,True,Disclosed,95000,110000,,,SAP module/technical requirement,Technical / Development,Senior,BTP / Integration,IDoc,,https://remotefirstjobs.com/companies/kao-corporation/jobs/edi-developer-765477,"The Role: Reporting to the Senior Architect the Developer, Data and Integration will be responsible for maintaining the stability, scalability, and reliability of our enterprise integration landscape, particularly for B2B and EDI transactions that directly support revenue, supply chain operations, and financial processing. At Kao, we offer amazing benefits that are available to you on your first day of employment (he"
20401ce1e5f68fdc,remotefirst,Senior Revenue Operations Strategist,Kuno Creative,United States,United States,True,Not disclosed,,,,,SAP mentioned,Technical / Development,Senior,Unspecified SAP,,,https://remotefirstjobs.com/companies/kuno-creative/jobs/senior-revenue-operations-strategist-840434,"About Join Kuno Creative, a leading employee-owned branding, marketing, and sales agency and a Diamond HubSpot partner. We specialize in guiding companies we believe in toward growth and success through innovative digital solutions. We help companies build predictable pipelines that show clear ROI and forecastable revenue. Our employee-focused mission fosters collaboration, innovation, and measurable client success. "
f90f27da45578eb0,remotefirst,NLS Finance Manager – 9 month FTC,LGC,United Kingdom,United Kingdom,True,Not disclosed,,,,,SAP mentioned,Data / Analytics,Lead / Manager,Unspecified SAP,,,https://remotefirstjobs.com/companies/lgc/jobs/nls-finance-manager-9-month-ftc-817860,"Company Description LGC Assure & NLS is part of the LGC Group, united by our purpose: Science for a Safer World. We provide assurance and scientific expertise across global food, healthcare, and regulated markets through: BRCGS – supply chain assurance solutions (London) INFORMED – testing and certification programmes (Cambridge) National Laboratories & Science (NLS) – scientific services supporting UK Government, in"
dc9c27e38ba3bb13,remotefirst,Sales Engineer,LRN,India,India,True,Not disclosed,,,,,SAP module/technical requirement,Technical / Development,Senior,HCM / SuccessFactors,SuccessFactors,,https://remotefirstjobs.com/companies/lrn/jobs/sales-engineer-811912,"Position: Sales Engineer Location: Mumbai, India About LRN: LRN is the world’s leading dedicated ethics and compliance SaaS company, helping more than 30 million people every year navigate complex regional and global regulatory environments and build ethical, responsible cultures. With over 3,000 clients across the US, EMEA, APAC, and Latin America—including some of the world’s most respected and successful brands—we"
3189d35af239c184,remotefirst,SAP Consultant,LUXASIA,Philippines,Philippines,True,Not disclosed,,,,,Core SAP delivery role,Data / Analytics,Mid / Unspecified,HANA / Data; FI / CO / FICO,SAP HANA,,https://remotefirstjobs.com/companies/luxasia/jobs/sap-consultant-753516,"LUXASIA is the leading and largest beauty omnichannel brand-builder of Asia Pacific. Since 1986, it has successfully enabled market entry and brand growth for more than 100 luxury beauty brands, the likes of Albion, Aveda, Bvlgari, Calvin Klein, Creed, Diptyque, Hermes, La Prairie, Maison Francis Kurkdjian, Montblanc, Rabanne, Ferragamo, and SK-II. LUXASIA has established Joint Ventures with the likes of LVMH Group, "
78a70181c05705b9,remotefirst,Integration Engineer,Legion,Romania,Romania,True,Not disclosed,,,,,SAP module/technical requirement,Basis / Security,Senior,BTP / Integration; Basis / Security; HCM / SuccessFactors,SAP BTP; CPI / Integration Suite; SuccessFactors; GRC / Security; Agile / Scrum; English,,https://remotefirstjobs.com/companies/legion/jobs/integration-engineer-835610,"Integration Engineer Hybrid, Bucharest, Romania JOB OVERVIEW Are you passionate about building large-scale applications leveraging public cloud services and integration design patterns? As an Integration Engineer, you will work on developing and maintaining Integration & Automation Solutions for Legion WFM customers. RESPONSIBILITIES AND DUTIES Senior Integration Engineers provide leadership, facilitate analysis and "
0f4f769c7fab3580,remotefirst,Functional Architect Salesforce,Levio,Canada,Canada,True,Disclosed,130000,180000,,,SAP mentioned,Architecture,Lead / Manager,Unspecified SAP,,,https://remotefirstjobs.com/companies/levio/jobs/functional-architect-salesforce-723085,"Are you looking to thrive in a stimulating work environment? Join Levio , a leader in digital transformation, and take your career to the next level. You will work alongside high-caliber professionals on ambitious, large-scale technology projects, directly embedded in our clients’ environments. At Levio, we value expertise, curiosity, and continuous improvement — and we give you the space to grow. About the Role We a"
9a550181a8f149f2,remotefirst,Cash Application Representative (PH),Loadsmart,Philippines,Philippines,True,Not disclosed,,,,,SAP mentioned,Data / Analytics,Lead / Manager,Unspecified SAP,English,,https://remotefirstjobs.com/companies/loadsmart/jobs/cash-application-representative-ph-831896,"ARE YOU INTERESTED IN JOINING A HYPER-GROWTH LOGISTICS TECH COMPANY? Loadsmart is a growth-stage start-up technology company valued at over $1 billion (a Tech Unicorn)! We are looking for a Cash Application Representative to our team! We are seeking a candidate that is detail-oriented, proactive in resolving discrepancies, and comfortable working in a high-volume, fast-paced environment. The Cash Application Represen"
7e110145535509d5,remotefirst,IT Service Specialist - Foundation Support,METRO AG,Romania,Romania,True,Not disclosed,,,,,SAP mentioned,Data / Analytics,Mid / Unspecified,Unspecified SAP,Agile / Scrum; English,,https://remotefirstjobs.com/companies/metro-ag/jobs/it-service-specialist-foundation-support-837464,"Company Description About us: Passion for food. Hunger for tech. We make METRO digital. Today technology is driving the world. And at METRO.digital we are driving the technology for one of the leading international wholesalers specializing in food - METRO. From e-commerce to checkout, to delivery software, we work on a wide range of products to make each day a success for our customers and colleagues. With passion an"
e4736b2dd93a1c61,remotefirst,Senior Financial Consultant (m/f/d),METRO AG,Germany,Germany,True,Not disclosed,,,,,SAP mentioned,Functional Consulting,Senior,Unspecified SAP,Agile / Scrum; English; German,,https://remotefirstjobs.com/companies/metro-ag/jobs/senior-financial-consultant-mfd-838493,"Company Description About us: Passion for food. Hunger for tech. We make METRO digital. Today technology is driving the world. And at METRO.digital we are driving the technology for one of the leading international wholesalers specializing in food - METRO. From e-commerce to checkout, to delivery software, we work on a wide range of products to make each day a success for our customers and colleagues. With passion an"
4661cf8edb0ba842,remotefirst,Technical Architect- SAP S4/HANA FINANCE (m/f/d),METRO AG,Germany,Germany,True,Not disclosed,,,,,Core SAP delivery role,Architecture,Mid / Unspecified,S/4HANA; BTP / Integration; Fiori / UI5; HANA / Data; FI / CO / FICO,S/4HANA; SAP HANA; SAP BTP; SAP Fiori; Agile / Scrum; English,,https://remotefirstjobs.com/companies/metro-ag/jobs/technical-architect-sap-s4hana-finance-mfd-838489,"Company Description About us: Passion for food. Hunger for tech. We make METRO digital. Today technology is driving the world. And at METRO.digital we are driving the technology for one of the leading international wholesalers specializing in food - METRO. From e-commerce to checkout, to delivery software, we work on a wide range of products to make each day a success for our customers and colleagues. With passion an"
4be454cb3ec376eb,remotefirst,Contractor Business Analyst – Project Specialist (Hybrid),MUFG Investor Services,Ireland,Ireland,True,Not disclosed,,,,,SAP mentioned,Technical / Development,Mid / Unspecified,Unspecified SAP,Agile / Scrum,,https://remotefirstjobs.com/companies/mufg-investor-services/jobs/contractor-business-analyst-project-specialist-hybrid-829813,"Company Description MUFG Investor Services provides asset servicing solutions to the global investment management industry. Leveraging the financial and intellectual capital of MUFG – one of the largest banks in the world with $2.9 trillion in assets – we provide clients access to a range of leading solutions from fund administration, middle-office outsourcing, custody, foreign exchange, trustee services and deposito"
720e2a6d015dd288,remotefirst,SAP Basis Administrator (Freelancer),Mactores,India,India,True,Not disclosed,,,,,Core SAP delivery role,Basis / Security,Mid / Unspecified,S/4HANA; Basis / Security; HANA / Data,S/4HANA; SAP HANA; SAP BW / BI; English,,https://remotefirstjobs.com/companies/mactores/jobs/sap-basis-administrator-freelancer-815408,"Mactores is the agent-native AWS modernization firm. We help large companies move their data, applications, and AI workloads to AWS, and we use agents to do it in weeks, where the rest of the industry still takes quarters or years. Most modernization projects stall before they reach production. Ours don’t. Our engineers ship real systems running in production, legacy retired, and outcomes you can point to. The way we"
da46549360398ec0,remotefirst,"Accounting Manager (Hybrid- Mandaluyong City,Ph) - #35184",Manila Recruitment,Philippines,Philippines,True,Not disclosed,,,,,SAP mentioned,Data / Analytics,Lead / Manager,Unspecified SAP,,,https://remotefirstjobs.com/companies/manila-recruitment/jobs/accounting-manager-hybrid-mandaluyong-cityph-35184-838308,"This is a great opportunity to join one of the country’s leader in the accounting solutions industry. Company Profile: Our client is an established, professional and trusted outsourced accounting and finance service provider for businesses in the Philippines. Based in Metro Manila, they help companies achieve real growth through the highest level of professionalism, transparency and innovation in accounting and finan"
cdc4031a341a5a88,remotefirst,"Controller (US GAAP, Accounting/Audit or US firms) - #35182",Manila Recruitment,Philippines,Philippines,True,Not disclosed,,,,,SAP mentioned,Data / Analytics,Lead / Manager,Unspecified SAP,English,,https://remotefirstjobs.com/companies/manila-recruitment/jobs/controller-us-gaap-accountingaudit-or-us-firms-35182-834197,"This is an exciting opportunity for a hands-on Corporate Controller to join a fast-growing manufacturing company and lead accounting operations, financial reporting, and month-end close while partnering with senior leadership to strengthen financial processes and support continued growth. Company Profile: Our client is a US-based manufacturing and food production company specializing in the packaging and distribution"
49275041a0790f1d,remotefirst,Proposal Coordinator,Meteor Education,United States,United States,True,Disclosed,57000,65000,,,SAP module/technical requirement,Functional Consulting,Lead / Manager,MM / Procurement,Ariba,,https://remotefirstjobs.com/companies/meteor-education/jobs/proposal-coordinator-839775,"JOB TITLE : Proposal Coordinator DEPARTMENT: Supply Chain REPORTS TO: Strategic Bids & Contracts Team Manager FLSA STATUS: Exempt JOB TYPE: Full Time LOCATION: Remote (US Only) COMPENSATION: $57K – $65K annually. This is a good faith estimate of the compensation range Meteor Education reasonably expects to pay for this position at the time of posting. Final pay within this range will be based on experience, skills, a"
591427c67e7fb7c0,remotefirst,Head of Engineering SAP/Oracle Platform & Transformation HR and Finance,Mindera,United Kingdom,United Kingdom,True,Not disclosed,,,,,SAP-titled role,Basis / Security,Lead / Manager,ABAP / Development; Basis / Security; FI / CO / FICO; HCM / SuccessFactors,ABAP,,https://remotefirstjobs.com/companies/mindera/jobs/head-of-engineering-saporacle-platform-transformation-hr-and-finance-759926,"We are seeking a senior engineering leader to support the evolution of core enterprise platforms across HR and Finance, with a focus on the technical architecture, stability and modernisation of both SAP and Oracle estates. This role will focus on the technical foundations of these platforms including SAP Basis, ABAP, Solution Manager, Oracle HCM configuration and integration, working alongside Product teams who own "
6b0bb48da9c07baf,remotefirst,Azure Application Architect,Minotaur - R,Greece,Greece,True,Not disclosed,,,,,SAP mentioned,Architecture,Lead / Manager,Unspecified SAP,,,https://remotefirstjobs.com/companies/iknowhow-sa/jobs/azure-application-architect-827498,"iKnowHow Group is a dynamic, international technology company with 24+ years of experience and a team of 300+ talented professionals delivering innovative technology solutions across Energy, Telecommunications, Banking & Financial Services, and the Public Sector. Through its specialized subsidiaries , it brings domain expertise in areas such as Health and Robotics, blending deep industry knowledge with advanced, futu"
b238db71f5a5d7f3,remotefirst,Full-time Content Strategist REMOTE,Mint Studios,United States,United States,True,Disclosed,60000,80000,,,SAP mentioned,Functional Consulting,Lead / Manager,Unspecified SAP,,,https://remotefirstjobs.com/companies/mint-studios/jobs/fulltime-content-strategist-remote-821917,"Job title: Content Strategist Location: Remote (Ideal timezone CST or EST due to calls we have with the UK + EU) Type of work: Remote full-time Salary expectations: $60,000 - $80,000 Ideal experience: 3 - 5 years in marketing Ideal start date : 1st July (although this is flexible) About the position Mint Studios is a content marketing agency that helps fintech companies like Primer, Yapily, SAP Fioneer, WorldFirst, a"
9f9ccdfbd8e0e825,remotefirst,Director Medical Writing,"Mirum Pharmaceuticals, Inc.",United States,United States,True,Disclosed,230000,245000,,,SAP mentioned,Data / Analytics,Lead / Manager,Unspecified SAP,English,,https://remotefirstjobs.com/companies/mirum-pharmaceuticals-inc/jobs/director-medical-writing-782804,"MISSION Mirum Pharmaceuticals is a biopharmaceutical company dedicated to transforming the treatment of rare diseases. We are passionate about advancing scientific discoveries to become important medicines for rare disease patients. We are collaborative, creative, and experienced professionals and we’re looking to augment our team with other individuals who embody our values: care, be real, get it done, and have fun,"
64ee6bb26d814520,remotefirst,Aprio PH - Accounting Manager,Mize CPAs Inc.,Philippines,Philippines,True,Not disclosed,,,,,SAP mentioned,Data / Analytics,Lead / Manager,Unspecified SAP,,,https://remotefirstjobs.com/companies/aprio/jobs/aprio-ph-accounting-manager-824941,"Work with a nationally ranked CPA and advisory firm that is passionate for what’s next. Aprio has 30 U.S. office locations, one in the Philippines and more than 2,100 team members that speak 60+ languages across the globe. By bringing together proven expertise, deep understanding, and strategic foresight for fast-growing industries, Aprio ensures clients are prepared for wherever life or business may take them. Disco"
5bfdf35cf80ac237,remotefirst,Engineer 3 - Business Systems,MongoDB,India,India,True,Not disclosed,,,,,SAP module/technical requirement,Technical / Development,Mid / Unspecified,HCM / SuccessFactors,SuccessFactors,,https://remotefirstjobs.com/companies/mongodb/jobs/engineer-3-business-systems-815138,"MongoDB is seeking an Engineer III in the HR Tech team who will serve as a key technical resource for our HR systems landscape, with a primary focus on integrating SAP SuccessFactors with third-party applications using middleware. This role will partner closely with HR, IT, security, and business stakeholders to design, build, enhance, and support scalable, secure, and reliable integrations that improve employee and "
8e407d416285cd6b,remotefirst,Global Payroll Transformation Senior Manager,MongoDB,United States,United States,True,Disclosed,101000,198000,,,SAP module/technical requirement,Technical / Development,Lead / Manager,HCM / SuccessFactors,SuccessFactors,,https://remotefirstjobs.com/companies/mongodb/jobs/global-payroll-transformation-senior-manager-819692,"The Senior Global Payroll Transformation Manager will be responsible for supporting the global payroll processes covering compliance, equity, mobility, and payroll projects. The incumbent will possess the knowledge to drive process improvement and compliance globally, determine the root cause of problems and issues, and work collaboratively across multiple functions to improve the customer experience. The incumbent w"
79ab1a8a879323a8,remotefirst,Staff Product Manager Internal AI,MongoDB,United States,United States,True,Disclosed,164000,323000,,,SAP module/technical requirement,Technical / Development,Lead / Manager,HCM / SuccessFactors,SuccessFactors,,https://remotefirstjobs.com/companies/mongodb/jobs/staff-product-manager-internal-ai-759320,"We are seeking a highly skilled Staff IT Product Manager for Internal AI to drive the strategy, delivery, and adoption of AI-powered solutions across our enterprise IT landscape. This role will be pivotal in shaping how AI transforms our internal operations, from service delivery and knowledge management to automation and decision support. The ideal candidate has a proven track record of managing enterprise-scale AI/"
02ddc712637c736f,remotefirst,Analyst People Analytics & Reporting,NBCUniversal,United States,United States,True,Not disclosed,,,,,SAP module/technical requirement,Technical / Development,Mid / Unspecified,EWM / WM / Logistics; HCM / SuccessFactors,,,https://remotefirstjobs.com/companies/nbcuniversal/jobs/analyst-people-analytics-reporting-796174,"Company Description NBCUniversal is one of the world’s leading media and entertainment companies. We create world-class content, which we distribute across our portfolio of film, television, and streaming, and bring to life through our global theme park destinations, consumer products, and experiences. We own and operate leading entertainment and news brands, including NBC, NBC News, NBC Sports, Telemundo, NBC Local "
b90b66ca32dcf35e,remotefirst,"Analyst, People Analytics & Reporting",NBCUniversal,United States,United States,True,Not disclosed,,,,,SAP module/technical requirement,Technical / Development,Mid / Unspecified,EWM / WM / Logistics; HCM / SuccessFactors,,,https://remotefirstjobs.com/companies/nbcuniversal/jobs/analyst-people-analytics-reporting-809602,"Company Description NBCUniversal is one of the world’s leading media and entertainment companies. We create world-class content, which we distribute across our portfolio of film, television, and streaming, and bring to life through our global theme park destinations, consumer products, and experiences. We own and operate leading entertainment and news brands, including NBC, NBC News, NBC Sports, Telemundo, NBC Local "
4c7b7d954ec71e4d,remotefirst,"Director, Finance Transformation",NBCUniversal,United States,United States,True,Disclosed,130000,170000,,,SAP module/technical requirement,Data / Analytics,Lead / Manager,S/4HANA; HANA / Data; FI / CO / FICO; SD / Sales,S/4HANA; SAP HANA; SAP Analytics Cloud; Agile / Scrum,,https://remotefirstjobs.com/companies/nbcuniversal/jobs/director-finance-transformation-819569,"Company Description NBCUniversal is one of the world’s leading media and entertainment companies. We create world-class content, which we distribute across our portfolio of film, television, and streaming, and bring to life through our global theme park destinations, consumer products, and experiences. We own and operate leading entertainment and news brands, including NBC, NBC News, NBC Sports, Telemundo, NBC Local "
01464841b19eaa56,remotefirst,Manager Production Finance,NBCUniversal,United States,United States,True,Not disclosed,,,,,SAP mentioned,Functional Consulting,Lead / Manager,Unspecified SAP,,,https://remotefirstjobs.com/companies/nbcuniversal/jobs/manager-production-finance-804663,"Company Description NBCUniversal is one of the world’s leading media and entertainment companies. We create world-class content, which we distribute across our portfolio of film, television, and streaming, and bring to life through our global theme park destinations, consumer products, and experiences. We own and operate leading entertainment and news brands, including NBC, NBC News, NBC Sports, Telemundo, NBC Local "
51ce3c217e8363fd,remotefirst,"Manager, Ad Sales Finance - Entertainment Digital & Streaming",NBCUniversal,United States,United States,True,Disclosed,90000,125000,,,SAP module/technical requirement,Data / Analytics,Lead / Manager,HANA / Data,SAP Analytics Cloud,,https://remotefirstjobs.com/companies/nbcuniversal/jobs/manager-ad-sales-finance-entertainment-digital-streaming-816017,"Company Description NBCUniversal is one of the world’s leading media and entertainment companies. We create world-class content, which we distribute across our portfolio of film, television, and streaming, and bring to life through our global theme park destinations, consumer products, and experiences. We own and operate leading entertainment and news brands, including NBC, NBC News, NBC Sports, Telemundo, NBC Local "
5be32d29cc3026aa,remotefirst,Principal System Architect,NBCUniversal,United States,United States,True,Disclosed,180000,230000,,,SAP module/technical requirement,Architecture,Lead / Manager,ABAP / Development; BTP / Integration; HANA / Data; HCM / SuccessFactors,ABAP; SAP BTP; CPI / Integration Suite; RAP / CAP; SuccessFactors; SAP BW / BI; SAP Analytics Cloud,,https://remotefirstjobs.com/companies/nbcuniversal/jobs/principal-system-architect-784700,"Company Description NBCUniversal is one of the world’s leading media and entertainment companies. We create world-class content, which we distribute across our portfolio of film, television, and streaming, and bring to life through our global theme park destinations, consumer products, and experiences. We own and operate leading entertainment and news brands, including NBC, NBC News, NBC Sports, Telemundo, NBC Local "
4c65dc8ffa25b35f,remotefirst,Senior Accountant,NBCUniversal,United States,United States,True,Disclosed,80000,95000,,,SAP mentioned,Data / Analytics,Senior,Unspecified SAP,,,https://remotefirstjobs.com/companies/nbcuniversal/jobs/senior-accountant-793565,"Company Description NBCUniversal is one of the world’s leading media and entertainment companies. We create world-class content, which we distribute across our portfolio of film, television, and streaming, and bring to life through our global theme park destinations, consumer products, and experiences. We own and operate leading entertainment and news brands, including NBC, NBC News, NBC Sports, Telemundo, NBC Local "
24acb39ae2c73769,remotefirst,Staff Software Engineer SRE Lead,NBCUniversal,United States,United States,True,Disclosed,130000,170000,,,SAP module/technical requirement,Technical / Development,Lead / Manager,ABAP / Development; BTP / Integration; MM / Procurement; HCM / SuccessFactors; MDG / Master Data,ABAP; SAP BTP; CPI / Integration Suite; OData; IDoc; SuccessFactors; Ariba; MDG,,https://remotefirstjobs.com/companies/nbcuniversal/jobs/staff-software-engineer-sre-lead-736186,"Company Description NBCUniversal is one of the world’s leading media and entertainment companies. We create world-class content, which we distribute across our portfolio of film, television, and streaming, and bring to life through our global theme park destinations, consumer products, and experiences. We own and operate leading entertainment and news brands, including NBC, NBC News, NBC Sports, Telemundo, NBC Local "
b23bc8b8b7755a94,remotefirst,Cash Application and Credit Management,NEC Software Solutions (India),India,India,True,Not disclosed,,,,,SAP module/technical requirement,Technical / Development,Mid / Unspecified,FI / CO / FICO,,,https://remotefirstjobs.com/companies/nec-software-solutions/jobs/cash-application-and-credit-management-730079,"Company Description Our Parent Organization, NEC Corporation, is a 25 billion Company with offices spread across the globe. NEC is a multinational provider of information technology (IT) services and products, headquartered in Tokyo Japan with 122 years of experience in evolution with technology and innovation. It is recognized as a ‘Top 50 Innovative Company’ globally NEC Corporation has established itself as a lead"
ceae04d20cdf44fc,remotefirst,Executive - PTP- Payment processing,NEC Software Solutions (India),India,India,True,Not disclosed,,,,,SAP module/technical requirement,Basis / Security,Mid / Unspecified,Basis / Security,GRC / Security,,https://remotefirstjobs.com/companies/nec-software-solutions/jobs/executive-ptp-payment-processing-817886,"Company Description NEC Software Solutions (India) On 1st July 2021, Rave Technologies became NEC Software Solutions India. This change brought us under the global NEC Corporation brand. We are proud to be part of an organisation with 122 years of experience in evolution with technology and innovation. We have more than 30 years of experience in providing end to end IT services across the globe and have earned a repu"
465f6a6289824f86,remotefirst,MDM – Senior Executive,NEC Software Solutions (India),India,India,True,Not disclosed,,,,,SAP module/technical requirement,Technical / Development,Senior,FI / CO / FICO,,,https://remotefirstjobs.com/companies/nec-software-solutions/jobs/mdm-senior-executive-827774,"Company Description Our Parent Organization, NEC Corporation, is a 25 billion Company with offices spread across the globe. NEC is a multinational provider of information technology (IT) services and products, headquartered in Tokyo Japan with 122 years of experience in evolution with technology and innovation. It is recognized as a ‘Top 50 Innovative Company’ globally NEC Corporation has established itself as a lead"
bd2fae67b324feda,remotefirst,Senior Executive Cash-Applications OTC,NEC Software Solutions (India),India,India,True,Not disclosed,,,,,SAP module/technical requirement,Technical / Development,Senior,FI / CO / FICO,,,https://remotefirstjobs.com/companies/nec-software-solutions/jobs/senior-executive-cashapplications-otc-745166,"Company Description NEC Software Solutions (India) On 1st July 2021, Rave Technologies became NEC Software Solutions India. This change brought us under the global NEC Corporation brand. We are proud to be part of an organisation with 122 years of experience in evolution with technology and innovation. We have more than 30 years of experience in providing end to end IT services across the globe and have earned a repu"
b0916646f0dc9b30,remotefirst,Change Management Consultant,NTT DATA,Worldwide / Not specified,Worldwide / Not specified,True,Not disclosed,,,,,SAP mentioned,Data / Analytics,Mid / Unspecified,Unspecified SAP,,,https://remotefirstjobs.com/companies/ntt-data/jobs/change-management-consultant-802822,"NTT DATA is a team of more than 190,000 diverse professionals, operating in more than 50 countries throughout the world. The sectors where we have activities include: telecommunications, finance, industry, utilities, energy, public administration and health. Our mission? Offer technological solutions, business, strategy, development and maintenance of applications, while being a benchmark in consulting. All thanks to"
ab401edaaa8768c4,remotefirst,ABAP Developer with German,Nagarro,Poland,Poland,True,Not disclosed,,,,,Core SAP delivery role,Technical / Development,Mid / Unspecified,S/4HANA; ABAP / Development,ABAP; S/4HANA; English; German,,https://remotefirstjobs.com/companies/nagarro/jobs/abap-developer-with-german-834611,"Company Description 👋🏼 We’re Nagarro. We are a digital product engineering company that is scaling in a big way! We build products, services, and experiences that inspire, excite, and delight. We work at scale — across all devices and digital mediums, and our people exist everywhere in the world (18 000+ experts across 39 countries, to be exact). Our work culture is dynamic and non-hierarchical. We’re looking for gre"
0e5474492109bd8b,remotefirst,ABAP Developer with German,Nagarro,Romania,Romania,True,Not disclosed,,,,,Core SAP delivery role,Technical / Development,Mid / Unspecified,S/4HANA; ABAP / Development,ABAP; S/4HANA; English; German,,https://remotefirstjobs.com/companies/nagarro/jobs/abap-developer-with-german-834599,"Company Description 👋🏼 We’re Nagarro. We are a digital product engineering company that is scaling in a big way! We build products, services, and experiences that inspire, excite, and delight. We work at scale — across all devices and digital mediums, and our people exist everywhere in the world (18 000+ experts across 39 countries, to be exact). Our work culture is dynamic and non-hierarchical. We’re looking for gre"
bfb0760da46620cb,remotefirst,"Associate Director, IOT",Nagarro,India,India,True,Not disclosed,,,,,SAP mentioned,Data / Analytics,Junior,Unspecified SAP,,,https://remotefirstjobs.com/companies/nagarro/jobs/associate-director-iot-838693,"Company Description We’re Nagarro. We are a Digital Product Engineering company that is scaling in a big way! We build products, services, and experiences that inspire, excite, and delight. We work at scale across all devices and digital mediums, and our people exist everywhere in the world (18,000+ experts across 40 countries, to be exact). Our work culture is dynamic and non-hierarchical. We’re looking for great ne"
1b76ba729d7acf07,remotefirst,"Associate Principal Engineer, IOT",Nagarro,India,India,True,Not disclosed,,,,,SAP mentioned,Technical / Development,Junior,Unspecified SAP,,,https://remotefirstjobs.com/companies/nagarro/jobs/associate-principal-engineer-iot-838694,"Company Description We’re Nagarro. We are a Digital Product Engineering company that is scaling in a big way! We build products, services, and experiences that inspire, excite, and delight. We work at scale across all devices and digital mediums, and our people exist everywhere in the world (18,000+ experts across 40 countries, to be exact). Our work culture is dynamic and non-hierarchical. We’re looking for great ne"
f79a8554134b0edf,remotefirst,"Associate Staff Engineer, SAP Industry Solutions",Nagarro,India,India,True,Not disclosed,,,,,Core SAP delivery role,Technical / Development,Junior,Unspecified SAP,,,https://remotefirstjobs.com/companies/nagarro/jobs/associate-staff-engineer-sap-industry-solutions-823137,"Company Description 👋🏼We’re Nagarro. We are a Digital Product Engineering company that is scaling in a big way! We build products, services, and experiences that inspire, excite, and delight. We work at a scale — across all devices and digital mediums, and our people exist everywhere in the world (18000+ experts across 40 countries, to be exact). Our work culture is dynamic and non-hierarchical. We are looking for gr"
c6b281418eb3a0c0,remotefirst,BTP Solution Architect,Nagarro,Germany,Germany,True,Not disclosed,,,,,Core SAP delivery role,Architecture,Mid / Unspecified,S/4HANA; ABAP / Development; BTP / Integration; Fiori / UI5; HANA / Data,ABAP; S/4HANA; SAP HANA; SAP BTP; SAP Fiori; CPI / Integration Suite; RAP / CAP; English,,https://remotefirstjobs.com/companies/nagarro/jobs/btp-solution-architect-790497,"Company Description 👋🏼 We’re Nagarro. We are a digital product engineering company that is scaling in a big way! We build products, services, and experiences that inspire, excite, and delight. We work at scale — across all devices and digital mediums, and our people exist everywhere in the world (18,000 experts across 36 countries, to be exact). Our work culture is dynamic and non-hierarchical. Nagarro’s global SAP b"
ab0c1315a34e7068,remotefirst,Bid Manager (m/w/d),Nagarro,Germany,Germany,True,Not disclosed,,,,,SAP mentioned,Support / Operations,Lead / Manager,Unspecified SAP,English; German,,https://remotefirstjobs.com/companies/nagarro/jobs/bid-manager-mwd-832830,"Company Description We are a Digital Product Engineering company that is scaling in a big way! We build products, services, and experiences that inspire, excite, and delight. We work at scale — across all devices and digital mediums, and our people exist everywhere in the world (18000+ experts across 38 countries, to be exact). Our work culture is dynamic and non-hierarchical. We are looking for great new colleagues."
9acf55c2336a624f,remotefirst,Cloud Senior Sales Specialist,Nagarro,Germany,Germany,True,Not disclosed,,,,,SAP mentioned,Functional Consulting,Senior,Unspecified SAP,English; German,,https://remotefirstjobs.com/companies/nagarro/jobs/cloud-senior-sales-specialist-808086,"Company Description 👋🏼 We’re Nagarro. We are a digital product engineering company that is scaling in a big way! We build products, services, and experiences that inspire, excite, and delight. We work at scale — across all devices and digital mediums, and our people exist everywhere in the world (18,000 experts across 39 countries, to be exact). Our work culture is dynamic and non-hierarchical. Job Description We’re "
7d4410a285ce9d72,remotefirst,Junior/Middle .NET Full-Stack Developer,Nagarro,Romania,Romania,True,Not disclosed,,,,,SAP mentioned,Technical / Development,Junior,Unspecified SAP,Agile / Scrum,,https://remotefirstjobs.com/companies/nagarro/jobs/juniormiddle-net-fullstack-developer-838690,"Company Description 👋🏼 We’re Nagarro. We are a digital product engineering company that is scaling in a big way! We build products, services, and experiences that inspire, excite, and delight. We work at scale — across all devices and digital mediums, and our people exist everywhere in the world (18 000+ experts across 39 countries, to be exact). Our work culture is dynamic and non-hierarchical. We’re looking for gre"
ba544e620fc21c6b,remotefirst,Managing Consultant SAP S/4HANA Utilities / IS-U (m/f/d),Nagarro,Germany,Germany,True,Not disclosed,,,,,Core SAP delivery role,Technical / Development,Mid / Unspecified,S/4HANA; BTP / Integration,S/4HANA; SAP BTP; English; German,,https://remotefirstjobs.com/companies/nagarro/jobs/managing-consultant-sap-s4hana-utilities-isu-mfd-837277,"Company Description 👋🏼 We’re Nagarro. We are a digital product engineering company that is scaling in a big way! We build products, services, and experiences that inspire, excite, and delight. We work at scale — across all devices and digital mediums, and our people exist everywhere in the world (18,000 experts across 39 countries, to be exact). Our work culture is dynamic and non-hierarchical. Now we are combining t"
612b63e0bcc85e96,remotefirst,Principal Engineer - SAP Analytics Solution Architect,Nagarro,United States,United States,True,Not disclosed,,,,,Core SAP delivery role,Architecture,Lead / Manager,S/4HANA; ABAP / Development; HANA / Data,S/4HANA; SAP HANA; CDS Views; SAP BW / BI; SAP Analytics Cloud,,https://remotefirstjobs.com/companies/nagarro/jobs/principal-engineer-sap-analytics-solution-architect-840271,"Company Description We are a Digital Product Engineering company that is scaling in a big way! We build products, services, and experiences that inspire, excite, and delight. We work on a scale across all devices and digital mediums, and our people exist everywhere in the world (18000 plus experts across 35 countries, to be exact). Our work culture is dynamic and non-hierarchical. We are looking for great new colleag"
3b326e2f22f2fb0b,remotefirst,Principal Engineer - SAP Analytics Solution Architect,Nagarro,Canada,Canada,True,Not disclosed,,,,,Core SAP delivery role,Architecture,Lead / Manager,S/4HANA; ABAP / Development; HANA / Data,S/4HANA; SAP HANA; CDS Views; SAP BW / BI; SAP Analytics Cloud,,https://remotefirstjobs.com/companies/nagarro/jobs/principal-engineer-sap-analytics-solution-architect-840265,"Company Description We are a Digital Product Engineering company that is scaling in a big way! We build products, services, and experiences that inspire, excite, and delight. We work on a scale across all devices and digital mediums, and our people exist everywhere in the world (18000 plus experts across 35 countries, to be exact). Our work culture is dynamic and non-hierarchical. We are looking for great new colleag"
ed6a2d02ae497f1c,remotefirst,Principal Engineer - Salesforce Business Consultant,Nagarro,United States,United States,True,Not disclosed,,,,,SAP mentioned,Technical / Development,Lead / Manager,Unspecified SAP,Agile / Scrum,,https://remotefirstjobs.com/companies/nagarro/jobs/principal-engineer-salesforce-business-consultant-800354,"Company Description We are a Digital Product Engineering company that is scaling in a big way! We build products, services, and experiences that inspire, excite, and delight. We work on a scale across all devices and digital mediums, and our people exist everywhere in the world (17000 plus experts across 39 countries, to be exact). Our work culture is dynamic and non-hierarchical. We are looking for great new colleag"
24c4e860ddae383d,remotefirst,Principal Engineer SAP Cloud Solution Architect,Nagarro,United States,United States,True,Not disclosed,,,,,Core SAP delivery role,Architecture,Lead / Manager,S/4HANA; BTP / Integration,S/4HANA; SAP BTP; CPI / Integration Suite,,https://remotefirstjobs.com/companies/nagarro/jobs/principal-engineer-sap-cloud-solution-architect-799110,"Company Description We are a Digital Product Engineering company that is scaling in a big way! We build products, services, and experiences that inspire, excite, and delight. We work on a scale across all devices and digital mediums, and our people exist everywhere in the world (17000 plus experts across 39 countries, to be exact). Our work culture is dynamic and non-hierarchical. We are looking for great new colleag"
5c9c2aa2d276a3c8,remotefirst,Principal Engineer Salesforce Architect,Nagarro,United States,United States,True,Not disclosed,,,,,SAP mentioned,Architecture,Lead / Manager,Unspecified SAP,,,https://remotefirstjobs.com/companies/nagarro/jobs/principal-engineer-salesforce-architect-800390,"Company Description We are a Digital Product Engineering company that is scaling in a big way! We build products, services, and experiences that inspire, excite, and delight. We work on a scale across all devices and digital mediums, and our people exist everywhere in the world (17000 plus experts across 39 countries, to be exact). Our work culture is dynamic and non-hierarchical. We are looking for great new colleag"
36129eb8125c88c9,remotefirst,SAP ABAP Developer (with German),Nagarro,Hungary,Hungary,True,Not disclosed,,,,,Core SAP delivery role,Technical / Development,Mid / Unspecified,S/4HANA; ABAP / Development; BTP / Integration; Fiori / UI5,ABAP; S/4HANA; SAP Fiori; SAPUI5 / UI5; OData; CDS Views; RAP / CAP; IDoc; English; German,,https://remotefirstjobs.com/companies/nagarro/jobs/sap-abap-developer-with-german-839285,"Company Description 👋🏼 We’re Nagarro. We are a digital product engineering company that is scaling in a big way! We build products, services, and experiences that inspire, excite, and delight. We work at scale — across all devices and digital mediums, and our people exist everywhere in the world (18 000+ experts across 39 countries, to be exact). Our work culture is dynamic and non-hierarchical. We’re looking for gre"
4adeb4a7fa2c90aa,remotefirst,SAP Consultant Compliance,Nagarro,Germany,Germany,True,Not disclosed,,,,,Core SAP delivery role,Basis / Security,Mid / Unspecified,S/4HANA; Basis / Security,S/4HANA; GRC / Security; English; German,,https://remotefirstjobs.com/companies/nagarro/jobs/sap-consultant-compliance-604195,"Company Description 👋🏼 We’re Nagarro. We are a digital product engineering company that is scaling in a big way! We build products, services, and experiences that inspire, excite, and delight. We work at scale — across all devices and digital mediums, and our people exist everywhere in the world (18,000 experts across 38 countries, to be exact). Our work culture is dynamic and non-hierarchical. Nagarro’s global SAP b"
0d8f59c41bcb8c5b,remotefirst,SAP EHS/ Product Compliance Consultant,Nagarro,Germany,Germany,True,Not disclosed,,,,,Core SAP delivery role,Data / Analytics,Mid / Unspecified,S/4HANA,S/4HANA; German,,https://remotefirstjobs.com/companies/nagarro/jobs/sap-ehs-product-compliance-consultant-605587,"Company Description 👋🏼 We’re Nagarro. We are a digital product engineering company that is scaling in a big way! We build products, services, and experiences that inspire, excite, and delight. We work at scale — across all devices and digital mediums, and our people exist everywhere in the world (19,000+ experts across 34 countries, to be exact). Our work culture is dynamic and non-hierarchical. We’re looking for gre"
fed5af2261e34b9a,remotefirst,SAP EWM Consultant (with German),Nagarro,Poland,Poland,True,Not disclosed,,,,,Core SAP delivery role,Technical / Development,Lead / Manager,S/4HANA; Fiori / UI5; EWM / WM / Logistics; TM / GTS / Supply Chain,S/4HANA; SAP Fiori; SAP EWM; SAP TM; German,,https://remotefirstjobs.com/companies/nagarro/jobs/sap-ewm-consultant-with-german-837279,"Company Description We are a digital product engineering company that is scaling in a big way! We build products, services, and experiences that inspire, excite, and delight. We work at scale — across all devices and digital mediums, and our people exist everywhere in the world (18 000+ experts across 39 countries, to be exact). Our work culture is dynamic and non-hierarchical. We’re looking for great new colleagues."
3e259e646cf8014c,remotefirst,SAP EWM Consultant (with German),Nagarro,Romania,Romania,True,Not disclosed,,,,,Core SAP delivery role,Technical / Development,Lead / Manager,S/4HANA; Fiori / UI5; EWM / WM / Logistics; TM / GTS / Supply Chain,S/4HANA; SAP Fiori; SAP EWM; SAP TM; German,,https://remotefirstjobs.com/companies/nagarro/jobs/sap-ewm-consultant-with-german-837278,"Company Description We are a digital product engineering company that is scaling in a big way! We build products, services, and experiences that inspire, excite, and delight. We work at scale — across all devices and digital mediums, and our people exist everywhere in the world (18 000+ experts across 39 countries, to be exact). Our work culture is dynamic and non-hierarchical. We’re looking for great new colleagues."
95bebce6661a8c7c,remotefirst,SAP EWM Consultant (with German),Nagarro,Hungary,Hungary,True,Not disclosed,,,,,Core SAP delivery role,Technical / Development,Lead / Manager,S/4HANA; Fiori / UI5; EWM / WM / Logistics; TM / GTS / Supply Chain,S/4HANA; SAP Fiori; SAP EWM; SAP TM; German,,https://remotefirstjobs.com/companies/nagarro/jobs/sap-ewm-consultant-with-german-837270,"Company Description We are a digital product engineering company that is scaling in a big way! We build products, services, and experiences that inspire, excite, and delight. We work at scale — across all devices and digital mediums, and our people exist everywhere in the world (18 000+ experts across 39 countries, to be exact). Our work culture is dynamic and non-hierarchical. We’re looking for great new colleagues."
e87be38fa3fd2cb3,remotefirst,SAP FI/CO (Senior) Consultant,Nagarro,Germany,Germany,True,Not disclosed,,,,,Core SAP delivery role,Functional Consulting,Senior,S/4HANA; FI / CO / FICO,S/4HANA; FICO; English; German,,https://remotefirstjobs.com/companies/nagarro/jobs/sap-fico-senior-consultant-790469,"Company Description 👋🏼 We’re Nagarro. We are a digital product engineering company that is scaling in a big way! We build products, services, and experiences that inspire, excite, and delight. We work at scale — across all devices and digital mediums, and our people exist everywhere in the world (18,000 experts across 39 countries, to be exact). Our work culture is dynamic and non-hierarchical. Nagarro’s global SAP b"
8c1af11d32d021fc,remotefirst,SAP S/4 Principal Developer,Nagarro,Germany,Germany,True,Not disclosed,,,,,Core SAP delivery role,Technical / Development,Lead / Manager,S/4HANA; ABAP / Development; HANA / Data,ABAP; S/4HANA; SAP HANA; RAP / CAP; English; German,,https://remotefirstjobs.com/companies/nagarro/jobs/sap-s4-principal-developer-790472,"Company Description 👋🏼 We’re Nagarro. We are a digital product engineering company that is scaling in a big way! We build products, services, and experiences that inspire, excite, and delight. We work at scale — across all devices and digital mediums, and our people exist everywhere in the world (18,000 experts across 36 countries, to be exact). Our work culture is dynamic and non-hierarchical. Nagarro’s global SAP b"
0c1a99a338b05439,remotefirst,SAP SuccessFactors Solution Architect,Nagarro,Germany,Germany,True,Not disclosed,,,,,Core SAP delivery role,Architecture,Mid / Unspecified,S/4HANA; HCM / SuccessFactors,S/4HANA; SuccessFactors,,https://remotefirstjobs.com/companies/nagarro/jobs/sap-successfactors-solution-architect-807969,"Company Description We are a Digital Product Engineering company that is scaling in a big way! We build products, services, and experiences that inspire, excite, and delight. We work at scale — across all devices and digital mediums, and our people exist everywhere in the world (18000+ experts across 36 countries, to be exact). Our work culture is dynamic and non-hierarchical. We are looking for great new colleagues."
0aa06644d2e2704e,remotefirst,Senior Consultant SAP Digital Adoption & Enablement (m/w/d),Nagarro,Germany,Germany,True,Not disclosed,,,,,Core SAP delivery role,Data / Analytics,Senior,HCM / SuccessFactors,SuccessFactors; English; German,,https://remotefirstjobs.com/companies/nagarro/jobs/senior-consultant-sap-digital-adoption-enablement-mwd-829252,"Company Description 👋🏼 We’re Nagarro. We are a digital product engineering company that is scaling in a big way! We build products, services, and experiences that inspire, excite, and delight. We work at scale — across all devices and digital mediums, and our people exist everywhere in the world (18,000 experts across 37 countries, to be exact). Our work culture is dynamic and non-hierarchical. Nagarro’s global SAP b"
ef41bb08bae75b2d,remotefirst,Senior Demand Generation Specialist,Nagarro,Germany,Germany,True,Not disclosed,,,,,SAP module/technical requirement,Technical / Development,Senior,S/4HANA; BTP / Integration; HCM / SuccessFactors,S/4HANA; SAP BTP; SuccessFactors; Concur; SAP Analytics Cloud; English; German,,https://remotefirstjobs.com/companies/nagarro/jobs/senior-demand-generation-specialist-807938,"Company Description 👋🏼 We’re Nagarro. We are a digital product engineering company that is scaling in a big way! We build products, services, and experiences that inspire, excite, and delight. We work at scale — across all devices and digital mediums, and our people exist everywhere in the world (18,000 experts across 39 countries, to be exact). Our work culture is dynamic and non-hierarchical. Job Description We are"
0d82412f6f15c513,remotefirst,Senior SAP ABAP Developer with German,Nagarro,Poland,Poland,True,Not disclosed,,,,,Core SAP delivery role,Technical / Development,Senior,S/4HANA; ABAP / Development; BTP / Integration; Fiori / UI5,ABAP; S/4HANA; SAP Fiori; SAPUI5 / UI5; OData; CDS Views; RAP / CAP; IDoc; English; German,,https://remotefirstjobs.com/companies/nagarro/jobs/senior-sap-abap-developer-with-german-839284,"Company Description 👋🏼 We’re Nagarro. We are a digital product engineering company that is scaling in a big way! We build products, services, and experiences that inspire, excite, and delight. We work at scale — across all devices and digital mediums, and our people exist everywhere in the world (18 000+ experts across 39 countries, to be exact). Our work culture is dynamic and non-hierarchical. We’re looking for gre"
38457e29562fe459,remotefirst,Senior SAP ABAP Developer with German,Nagarro,Romania,Romania,True,Not disclosed,,,,,Core SAP delivery role,Technical / Development,Senior,S/4HANA; ABAP / Development; BTP / Integration; Fiori / UI5,ABAP; S/4HANA; SAP Fiori; SAPUI5 / UI5; OData; CDS Views; RAP / CAP; IDoc; English; German,,https://remotefirstjobs.com/companies/nagarro/jobs/senior-sap-abap-developer-with-german-839283,"Company Description 👋🏼 We’re Nagarro. We are a digital product engineering company that is scaling in a big way! We build products, services, and experiences that inspire, excite, and delight. We work at scale — across all devices and digital mediums, and our people exist everywhere in the world (18 000+ experts across 39 countries, to be exact). Our work culture is dynamic and non-hierarchical. We’re looking for gre"
20fd7e30a6b11092,remotefirst,Senior SAP CO/PS Consultant - Focus Discrete Manufacturing (m/f/d),Nagarro,Germany,Germany,True,Not disclosed,,,,,Core SAP delivery role,Functional Consulting,Senior,S/4HANA; FI / CO / FICO,S/4HANA; FICO; English; German,,https://remotefirstjobs.com/companies/nagarro/jobs/senior-sap-cops-consultant-focus-discrete-manufacturing-mfd-834050,"Company Description 👋🏼 We’re Nagarro. We are a digital product engineering company that is scaling in a big way! We build products, services, and experiences that inspire, excite, and delight. We work at scale — across all devices and digital mediums, and our people exist everywhere in the world (18,000 experts across 39 countries, to be exact). Our work culture is dynamic and non-hierarchical. Nagarro’s global SAP b"
0ad7ffff8cf2d402,remotefirst,Senior SAP Cloud Developer/Architect,Nagarro,Germany,Germany,True,Not disclosed,,,,,Core SAP delivery role,Architecture,Senior,S/4HANA; ABAP / Development; BTP / Integration; Fiori / UI5; HANA / Data; HCM / SuccessFactors,ABAP; S/4HANA; SAP HANA; SAP BTP; SAP Fiori; SAPUI5 / UI5; CPI / Integration Suite; SuccessFactors; English; German,,https://remotefirstjobs.com/companies/nagarro/jobs/senior-sap-cloud-developerarchitect-652751,"Company Description 👋🏼 We’re Nagarro. We are a digital product engineering company that is scaling in a big way! We build products, services, and experiences that inspire, excite, and delight. We work at scale — across all devices and digital mediums, and our people exist everywhere in the world (18,000 experts across 36 countries, to be exact). Our work culture is dynamic and non-hierarchical. Nagarro’s global SAP b"
7404e9ca6a7eb37b,remotefirst,Senior SAP FI-CA Consultant,Nagarro,Germany,Germany,True,Not disclosed,,,,,Core SAP delivery role,Functional Consulting,Senior,S/4HANA; FI / CO / FICO,S/4HANA; FICO; English; German,,https://remotefirstjobs.com/companies/nagarro/jobs/senior-sap-fica-consultant-655854,"Company Description English We are Nagarro – a global SAP Business Unit with a strong focus on digital transformation. We design and implement innovative IT solutions that drive businesses forward across industries. With more than 1,200 SAP experts in Germany and 18,000 colleagues worldwide, we offer a dynamic, open, and team-oriented work environment. We advise our clients on IT strategies, implement and operate SAP"
b7e2715d72073cb5,remotefirst,Senior SAP PP-PI Consultant (m/f/d),Nagarro,Germany,Germany,True,Not disclosed,,,,,Core SAP delivery role,Technical / Development,Senior,S/4HANA; Fiori / UI5; HANA / Data; PP / QM / Manufacturing; EWM / WM / Logistics,S/4HANA; SAP HANA; SAP Fiori; SAP PP; Agile / Scrum; English; German,,https://remotefirstjobs.com/companies/nagarro/jobs/senior-sap-pppi-consultant-mfd-829262,"Company Description 👋🏼 We’re Nagarro. We are a digital product engineering company that is scaling in a big way! We build products, services, and experiences that inspire, excite, and delight. We work at scale — across all devices and digital mediums, and our people exist everywhere in the world (18,000 experts across 36 countries, to be exact). Our work culture is dynamic and non-hierarchical. Nagarro’s global SAP b"
30da9701f40b3d37,remotefirst,Senior SAP PSCD Consultant,Nagarro,Germany,Germany,True,Not disclosed,,,,,Core SAP delivery role,Functional Consulting,Senior,S/4HANA; FI / CO / FICO,S/4HANA; FICO; English; German,,https://remotefirstjobs.com/companies/nagarro/jobs/senior-sap-pscd-consultant-780986,"Company Description English We are Nagarro – a global SAP Business Unit with a strong focus on digital transformation. We design and implement innovative IT solutions that drive businesses forward across industries. With more than 1,200 SAP experts in Germany and 18,000 colleagues worldwide, we offer a dynamic, open, and team-oriented work environment. We advise our clients on IT strategies, implement and operate SAP"
556bc4ab362bc558,remotefirst,Senior SAP PSM Consultant,Nagarro,Germany,Germany,True,Not disclosed,,,,,Core SAP delivery role,Functional Consulting,Senior,S/4HANA; FI / CO / FICO,S/4HANA; FICO; English; German,,https://remotefirstjobs.com/companies/nagarro/jobs/senior-sap-psm-consultant-780994,"Company Description English We are Nagarro – a global SAP Business Unit with a strong focus on digital transformation. We design and implement innovative IT solutions that drive businesses forward across industries. With more than 1,200 SAP experts in Germany and 18,000 colleagues worldwide, we offer a dynamic, open, and team-oriented work environment. We advise our clients on IT strategies, implement and operate SAP"
7c64fe00813cd455,remotefirst,Senior SAP QM Consultant,Nagarro,Germany,Germany,True,Not disclosed,,,,,Core SAP delivery role,Technical / Development,Senior,S/4HANA; ABAP / Development; Fiori / UI5; PP / QM / Manufacturing,ABAP; S/4HANA; SAP Fiori; SAPUI5 / UI5; SAP QM; English; German,,https://remotefirstjobs.com/companies/nagarro/jobs/senior-sap-qm-consultant-708743,"Company Description 👋🏼 We’re Nagarro. We are a digital product engineering company that is scaling in a big way! We build products, services, and experiences that inspire, excite, and delight. We work at scale — across all devices and digital mediums, and our people exist everywhere in the world (18,000+ experts across 37 countries, to be exact). Our work culture is dynamic and non-hierarchical. We’re looking for gre"
8cb6313b0c3fb84f,remotefirst,Senior Staff Engineer - Senior SAP FICO Consultant,Nagarro,Canada,Canada,True,Not disclosed,,,,,Core SAP delivery role,Technical / Development,Lead / Manager,S/4HANA; FI / CO / FICO,S/4HANA; FICO; English,,https://remotefirstjobs.com/companies/nagarro/jobs/senior-staff-engineer-senior-sap-fico-consultant-834034,"Company Description We are a Digital Product Engineering company that is scaling in a big way! We build products, services, and experiences that inspire, excite, and delight. We work on a scale across all devices and digital mediums, and our people exist everywhere in the world (17000 plus experts across 39 countries, to be exact). Our work culture is dynamic and non-hierarchical. We are looking for great new colleag"
c5c52478e77e1e2f,remotefirst,Senior Staff Engineer - Senior SAP FICO Consultant,Nagarro,United States,United States,True,Not disclosed,,,,,Core SAP delivery role,Technical / Development,Lead / Manager,S/4HANA; FI / CO / FICO,S/4HANA; FICO; English,,https://remotefirstjobs.com/companies/nagarro/jobs/senior-staff-engineer-senior-sap-fico-consultant-834026,"Company Description We are a Digital Product Engineering company that is scaling in a big way! We build products, services, and experiences that inspire, excite, and delight. We work on a scale across all devices and digital mediums, and our people exist everywhere in the world (17000 plus experts across 39 countries, to be exact). Our work culture is dynamic and non-hierarchical. We are looking for great new colleag"
d6bc081e91c2b619,remotefirst,"Staff Engineer, UKG Timekeeping - Implementation",Nagarro,India,India,True,Not disclosed,,,,,SAP module/technical requirement,Technical / Development,Lead / Manager,HCM / SuccessFactors,SuccessFactors; Agile / Scrum,,https://remotefirstjobs.com/companies/nagarro/jobs/staff-engineer-ukg-timekeeping-implementation-831053,"Company Description Staff Engineer- UKG Timekeeping - Implementation 👋🏼We’re Nagarro. We are a Digital Product Engineering company that is scaling in a big way! We build products, services, and experiences that inspire, excite, and delight. We work at scale — across all devices and digital mediums, and our people exist everywhere in the world (17700+ experts across 39 countries, to be exact). Our work culture is dyna"
e1304e23cba0281f,remotefirst,"Staff Engineer, UKG WFM Integration Developer",Nagarro,India,India,True,Not disclosed,,,,,SAP module/technical requirement,Technical / Development,Lead / Manager,S/4HANA; HCM / SuccessFactors,S/4HANA; SuccessFactors,,https://remotefirstjobs.com/companies/nagarro/jobs/staff-engineer-ukg-wfm-integration-developer-831055,"Company Description 👋🏼 We’re Nagarro. We are a Digital Product Engineering company that is scaling in a big way! We build products, services, and experiences that inspire, excite, and delight. We work at scale — across all devices and digital mediums, and our people exist everywhere in the world (17500+ experts across 39 countries, to be exact). Our work culture is dynamic and non-hierarchical. We’re looking for grea"
59ab91a91186becb,remotefirst,SuccessFactors Solution Architect,Nagarro,Germany,Germany,True,Not disclosed,,,,,Core SAP delivery role,Architecture,Mid / Unspecified,S/4HANA; HCM / SuccessFactors,S/4HANA; SuccessFactors,,https://remotefirstjobs.com/companies/nagarro/jobs/successfactors-solution-architect-579086,Unternehmensbeschreibung Als globale SAP Business Unit der Nagarro Gruppe sind wir ein führender deutscher IT-Full-Service-Provider für kritische Unternehmensapplikationen und komplexe ERP-Landschaften in der digitalen Transformation. Mit mehr als 1.000 Mitarbeiter:innen ist Nagarro in Deutschland einer der leistungsfähigsten und innovativsten SAP-Partner für den deutschen Mittelstand und Großkunden mit international
ea848bb250420f01,remotefirst,SAP Data Migration Consultant - Must be government clearance eligible - remote,NavAide,United States,United States,True,Disclosed,115000,135000,,,Core SAP delivery role,Data / Analytics,Mid / Unspecified,S/4HANA; HANA / Data,S/4HANA; Agile / Scrum,,https://remotefirstjobs.com/companies/navaide/jobs/sap-data-migration-consultant-must-be-government-clearance-eligible-remote-821277,"About Navaide Navaide partners with federal clients to deliver mission-focused solutions across financial management, ERP, and digital transformation. We bring deep domain expertise, practical execution, and a people-first culture to complex government environments. Catalysts for a Stronger Tomorrow At Navaide, we exist to empower organizations to evolve and adapt in a rapidly changing world. By combining human ingen"
487e9cc2b78cf31d,remotefirst,SAP SD Functional Consultants - Sales and Distribution Levels I - IV (Hybrid ) - Must be Government Clearance Eligible,NavAide,United States,United States,True,Not disclosed,,,,,SAP-titled role,Functional Consulting,Mid / Unspecified,SD / Sales,SAP SD,,https://remotefirstjobs.com/companies/navaide/jobs/sap-sd-functional-consultants-sales-and-distribution-levels-i-iv-hybrid-must-be-government-clearance-eligible-833011,"About us: Navaide: Catalysts for a Stronger Tomorrow At Navaide, we exist to empower organizations to evolve and adapt in a rapidly changing world. By combining human ingenuity with transformative technology, we develop innovative solutions that drive progress for the people and systems that strengthen our nation. Our mission is rooted in agility, scalability, and a commitment to exceeding expectations, ensuring impa"
cad23cdc289a40d1,remotefirst,SAP ABAP Developer Senior-Lead,Netcompany,Greece,Greece,True,Not disclosed,,,,,Core SAP delivery role,Technical / Development,Lead / Manager,S/4HANA; ABAP / Development; BTP / Integration; Fiori / UI5; MM / Procurement,ABAP; S/4HANA; SAP BTP; SAP Fiori; SAPUI5 / UI5; CPI / Integration Suite; PI/PO; English,,https://remotefirstjobs.com/companies/netcompany/jobs/sap-abap-developer-seniorlead-585347,"Company Description Are you ready to shape the future technological landscape in Europe? We are dedicated to responsible digitalisation, building innovative, inclusive solutions that drive meaningful impact. With over 8,900 professionals across Europe, we help EU institutions, public and private organisations thrive in a rapidly evolving digital world. Are you ready to shape the future through technology? Your journe"
54592d04cc55591b,remotefirst,SAP ABAP Developer Senior-Lead,Netcompany,Greece,Greece,True,Not disclosed,,,,,Core SAP delivery role,Technical / Development,Lead / Manager,S/4HANA; ABAP / Development; BTP / Integration; Fiori / UI5; MM / Procurement,ABAP; S/4HANA; SAP BTP; SAP Fiori; SAPUI5 / UI5; CPI / Integration Suite; PI/PO; English,,https://remotefirstjobs.com/companies/netcompany/jobs/sap-abap-developer-seniorlead-585243,"Company Description Are you ready to shape the future technological landscape in Europe? We are dedicated to responsible digitalisation, building innovative, inclusive solutions that drive meaningful impact. With over 8,900 professionals across Europe, we help EU institutions, public and private organisations thrive in a rapidly evolving digital world. Are you ready to shape the future through technology? Your journe"
e97e3b5a8120f019,remotefirst,SAP Consultant Mid-Senior,Netcompany,Greece,Greece,True,Not disclosed,,,,,Core SAP delivery role,Technical / Development,Senior,S/4HANA; BTP / Integration; MM / Procurement,S/4HANA; SAP BTP; English,,https://remotefirstjobs.com/companies/netcompany/jobs/sap-consultant-midsenior-788187,"Company Description Are you ready to shape the future technological landscape in Europe? We are dedicated to responsible digitalisation, building innovative, inclusive solutions that drive meaningful impact. With over 8,900 professionals across Europe, we help EU institutions, public and private organisations thrive in a rapidly evolving digital world. Are you ready to shape the future through technology? Your journe"
196d25e4b740dfe6,remotefirst,SAP Consultant Mid-Senior,Netcompany,Greece,Greece,True,Not disclosed,,,,,Core SAP delivery role,Technical / Development,Senior,S/4HANA; BTP / Integration; MM / Procurement,S/4HANA; SAP BTP; English,,https://remotefirstjobs.com/companies/netcompany/jobs/sap-consultant-midsenior-788116,"Company Description Are you ready to shape the future technological landscape in Europe? We are dedicated to responsible digitalisation, building innovative, inclusive solutions that drive meaningful impact. With over 8,900 professionals across Europe, we help EU institutions, public and private organisations thrive in a rapidly evolving digital world. Are you ready to shape the future through technology? Your journe"
465e58a0f111f2a8,remotefirst,SAP FICO Consultant Mid-Senior,Netcompany,Greece,Greece,True,Not disclosed,,,,,Core SAP delivery role,Technical / Development,Senior,S/4HANA; BTP / Integration; FI / CO / FICO; MM / Procurement,S/4HANA; SAP BTP; FICO; English,,https://remotefirstjobs.com/companies/netcompany/jobs/sap-fico-consultant-midsenior-788048,"Company Description Are you ready to shape the future technological landscape in Europe? We are dedicated to responsible digitalisation, building innovative, inclusive solutions that drive meaningful impact. With over 8,900 professionals across Europe, we help EU institutions, public and private organisations thrive in a rapidly evolving digital world. Are you ready to shape the future through technology? Your journe"
733d75c9e1355f26,remotefirst,"Salesforce Data Architect, Revenue Solutions",NeuraFlash,United States,United States,True,Not disclosed,,,,,SAP mentioned,Architecture,Mid / Unspecified,Unspecified SAP,Agile / Scrum,,https://remotefirstjobs.com/companies/neuraflash/jobs/salesforce-data-architect-revenue-solutions-814185,"Why NeuraFlash, Part of Accenture: At NeuraFlash, Part of Accenture, we are redefining the future of business through the power of AI and groundbreaking technologies like Agentforce. As a trusted leader in AI, Amazon, and Salesforce innovation, we craft intelligent solutions—integrating Salesforce Einstein, Service Cloud Voice, Amazon Connect, Agentforce and more—to revolutionize workflows, elevate customer experienc"
5a10033a8c595034,remotefirst,"Salesforce Solution Engineer, RCA & RCB",NeuraFlash,Canada,Canada,True,Not disclosed,,,,,SAP module/technical requirement,Basis / Security,Mid / Unspecified,Basis / Security,GRC / Security,,https://remotefirstjobs.com/companies/neuraflash/jobs/salesforce-solution-engineer-rca-rcb-815253,"Why NeuraFlash, Part of Accenture: At NeuraFlash, Part of Accenture, we are redefining the future of business through the power of AI and groundbreaking technologies like Agentforce. As a trusted leader in AI, Amazon, and Salesforce innovation, we craft intelligent solutions—integrating Salesforce Einstein, Service Cloud Voice, Amazon Connect, Agentforce and more—to revolutionize workflows, elevate customer experienc"
cf8f59ad79441899,remotefirst,"Salesforce Solution Engineer, RCA & RCB",NeuraFlash,United States,United States,True,Disclosed,94400,266300,,,SAP module/technical requirement,Basis / Security,Mid / Unspecified,Basis / Security,GRC / Security,,https://remotefirstjobs.com/companies/neuraflash/jobs/salesforce-solution-engineer-rca-rcb-815230,"Why NeuraFlash, Part of Accenture: At NeuraFlash, Part of Accenture, we are redefining the future of business through the power of AI and groundbreaking technologies like Agentforce. As a trusted leader in AI, Amazon, and Salesforce innovation, we craft intelligent solutions—integrating Salesforce Einstein, Service Cloud Voice, Amazon Connect, Agentforce and more—to revolutionize workflows, elevate customer experienc"
6dbb04aa9721e5a9,remotefirst,Salesforce Technical Architect,NeuraFlash,Canada,Canada,True,Not disclosed,,,,,SAP mentioned,Architecture,Mid / Unspecified,Unspecified SAP,English,,https://remotefirstjobs.com/companies/neuraflash/jobs/salesforce-technical-architect-791102,"Why NeuraFlash, Part of Accenture: At NeuraFlash, Part of Accenture, we are redefining the future of business through the power of AI and groundbreaking technologies like Agentforce. As a trusted leader in AI, Amazon, and Salesforce innovation, we craft intelligent solutions—integrating Salesforce Einstein, Service Cloud Voice, Amazon Connect, Agentforce and more—to revolutionize workflows, elevate customer experienc"
4602cd9652048b06,remotefirst,Salesforce Technical Architect,NeuraFlash,United States,United States,True,Disclosed,94400,266300,,,SAP mentioned,Architecture,Mid / Unspecified,Unspecified SAP,English,,https://remotefirstjobs.com/companies/neuraflash/jobs/salesforce-technical-architect-791066,"Why NeuraFlash, Part of Accenture: At NeuraFlash, Part of Accenture, we are redefining the future of business through the power of AI and groundbreaking technologies like Agentforce. As a trusted leader in AI, Amazon, and Salesforce innovation, we craft intelligent solutions—integrating Salesforce Einstein, Service Cloud Voice, Amazon Connect, Agentforce and more—to revolutionize workflows, elevate customer experienc"
bc27e219bf12edef,remotefirst,Senior Salesforce Technical Architect,NeuraFlash,Colombia,Colombia,True,Not disclosed,,,,,SAP mentioned,Architecture,Senior,Unspecified SAP,English,,https://remotefirstjobs.com/companies/neuraflash/jobs/senior-salesforce-technical-architect-773376,"Why NeuraFlash, Part of Accenture: At NeuraFlash, Part of Accenture, we are redefining the future of business through the power of AI and groundbreaking technologies like Agentforce. As a trusted leader in AI, Amazon, and Salesforce innovation, we craft intelligent solutions—integrating Salesforce Einstein, Service Cloud Voice, Amazon Connect, Agentforce and more—to revolutionize workflows, elevate customer experienc"
77db491dc9a7593b,remotefirst,Sr. Salesforce Technical Architect,NeuraFlash,India,India,True,Not disclosed,,,,,SAP mentioned,Architecture,Senior,Unspecified SAP,English,,https://remotefirstjobs.com/companies/neuraflash/jobs/sr-salesforce-technical-architect-818690,"Why NeuraFlash, Part of Accenture: At NeuraFlash, Part of Accenture, we are redefining the future of business through the power of AI and groundbreaking technologies like Agentforce. As a trusted leader in AI, Amazon, and Salesforce innovation, we craft intelligent solutions—integrating Salesforce Einstein, Service Cloud Voice, Amazon Connect, Agentforce and more—to revolutionize workflows, elevate customer experienc"
a267435576948d5e,remotefirst,Algotale - Calfus (Sap S/4 Hana Finance Functional Consultant),NextHire,Worldwide / Not specified,Worldwide / Not specified,True,Not disclosed,,,,,Core SAP delivery role,Technical / Development,Mid / Unspecified,S/4HANA; Fiori / UI5; HANA / Data; FI / CO / FICO,S/4HANA; SAP HANA; SAP Fiori,,https://remotefirstjobs.com/companies/nexthire/jobs/algotale-calfus-sap-s4-hana-finance-functional-consultant-832848,"About Algotale At Algotale, we believe in the transformative potential of data to reshape industries, drive innovation, and create unparalleled value. Established in 2020 by a team of passionate and visionary professionals, Algotale set out to redefine the landscape of IT services and consulting by integrating a data-centric approach into every solution we design. Our journey began with a focus on creating customized"
8ca6a9859078a0ae,remotefirst,SAP ABAP Consultant,NextHire,Worldwide / Not specified,Worldwide / Not specified,True,Not disclosed,,,,,Core SAP delivery role,Technical / Development,Mid / Unspecified,S/4HANA; ABAP / Development; BTP / Integration; Fiori / UI5; HANA / Data,ABAP; S/4HANA; SAP HANA; SAP Fiori; SAPUI5 / UI5; OData; IDoc; Agile / Scrum,,https://remotefirstjobs.com/companies/nexthire/jobs/sap-abap-consultant-606127,"Job Summary: We are looking for a highly skilled SAP ABAP Consultant with hands-on experience in SAP ECC and HANA environments support our SAP-to-Incorta report migration initiative . The ideal candidate will have strong technical expertise in RICEFW objects and SAP data models along with a solid understanding of business processes and functional modules. Key Responsibilities: · Design, develop, test, and deploy ABAP"
3eccce076bb702f7,remotefirst,SAP Consultant,NextHire,Worldwide / Not specified,Worldwide / Not specified,True,Not disclosed,,,,,Core SAP delivery role,Technical / Development,Mid / Unspecified,CRM / CX / Commerce,Agile / Scrum,,https://remotefirstjobs.com/companies/nexthire/jobs/sap-consultant-750058,"About Algotale At Algotale, we believe in the transformative potential of data to reshape industries, drive innovation, and create unparalleled value. Established in 2020 by a team of passionate and visionary professionals, Algotale set out to redefine the landscape of IT services and consulting by integrating a data-centric approach into every solution we design. Our journey began with a focus on creating customized"
7dde42ed846cb8c3,remotefirst,SAP ECC PP Consultant,NextHire,India,India,True,Not disclosed,,,,,Core SAP delivery role,Technical / Development,Mid / Unspecified,S/4HANA; PP / QM / Manufacturing,S/4HANA; SAP PP,,https://remotefirstjobs.com/companies/nexthire/jobs/sap-ecc-pp-consultant-670243,"About Algotale At Algotale, we believe in the transformative potential of data to reshape industries, drive innovation, and create unparalleled value. Established in 2020 by a team of passionate and visionary professionals, Algotale set out to redefine the landscape of IT services and consulting by integrating a data-centric approach into every solution we design. Our journey began with a focus on creating customized"
97cde13872b70bf2,remotefirst,Senior Data Engineer,NextHire,United Arab Emirates,United Arab Emirates; India,True,Not disclosed,,,,,SAP mentioned,Technical / Development,Senior,Unspecified SAP,,,https://remotefirstjobs.com/companies/nexthire/jobs/senior-data-engineer-790120,"About Company FiftyFive is a global software development and technology consulting company, delivering full-cycle digital solutions across industries and geographies. We help businesses across the USA, UK, Australia, MENA, and the Nordics accelerate innovation and drive digital transformation. Our offerings span: - Custom Software & MVP Development - Web & Mobile App Development - Cloud Engineering (AWS, Azure, GCP) "
d4be18a2f1f1df32,remotefirst,Senior Java Developer,NextHire,India,India,True,Not disclosed,,,,,SAP mentioned,Technical / Development,Senior,Unspecified SAP,Agile / Scrum,,https://remotefirstjobs.com/companies/nexthire/jobs/senior-java-developer-801222,"Job Description – Senior Java Developer About Company FiftyFive is a global software development and technology consulting company, delivering full-cycle digital solutions across industries and geographies. We help businesses across the USA, UK, Australia, MENA, and the Nordics accelerate innovation and drive digital transformation. Our offerings span: - Custom Software & MVP Development - Web & Mobile App Developmen"
a3d63eb64a294c02,remotefirst,Senior Accountant,Nexthink,India,India,True,Not disclosed,,,,,SAP mentioned,Data / Analytics,Lead / Manager,Unspecified SAP,English,,https://remotefirstjobs.com/companies/nexthink/jobs/senior-accountant-787551,"Company Description Nexthink is the leader in digital employee experience management software. The company provides IT leaders with unprecedented insight allowing them to see, diagnose and fix issues at scale impacting employees anywhere, with any application or network, before employees notice the issue. As the first solution to allow IT to progress from reactive problem solving to proactive optimization, Nexthink e"
379858642da10983,remotefirst,"Director, Procurement Operations & Excellence",NiCE,Israel,Israel,True,Not disclosed,,,,,SAP module/technical requirement,Technical / Development,Lead / Manager,MM / Procurement,Ariba; Concur,,https://remotefirstjobs.com/companies/nice/jobs/director-procurement-operations-excellence-817975,"At NiCE, we don’t limit our challenges. We challenge our limits. Always. We’re ambitious. We’re game changers. And we play to win. We set the highest standards and execute beyond them. And if you’re like us, we can offer you the ultimate career opportunity that will light a fire within you. So, what’s the role all about? The Procurement Operations & Excellence Lead is responsible for driving operational maturity acro"
caa8b3acf9250279,remotefirst,Core HR and Total Rewards Capabilities SME,O-I,Colombia,Colombia,True,Not disclosed,,,,,SAP module/technical requirement,Data / Analytics,Mid / Unspecified,HCM / SuccessFactors,SuccessFactors,,https://remotefirstjobs.com/companies/o-i/jobs/core-hr-and-total-rewards-capabilities-sme-803415,"Company Description To be the leading producer of glass bottles and jars worldwide you need passion, commitment and innovation baked into the very fabric of a business and its people. For more than 120 years, our glass makers have honed their craft—channeling their creativity into more than 1,800 patents held today. When you join O-I you become part of that story. O-I has more than a century of experience crafting pu"
7dc969da1e4dfa19,remotefirst,Enterprise Content Management (ECM/ OpenText) Team Lead,O-I,Colombia,Colombia,True,Not disclosed,,,,,SAP mentioned,Data / Analytics,Lead / Manager,Unspecified SAP,English,,https://remotefirstjobs.com/companies/o-i/jobs/enterprise-content-management-ecm-opentext-team-lead-827472,"Company Description To be the leading producer of glass bottles and jars worldwide you need passion, commitment and innovation baked into the very fabric of a business and its people. For more than 120 years, our glass makers have honed their craft—channeling their creativity into more than 1,800 patents held today. When you join O-I you become part of that story. O-I has more than a century of experience crafting pu"
bfc0958cdc4ec6f9,remotefirst,Financial Reporting Analyst,O-I,Poland,Poland,True,Not disclosed,,,,,SAP mentioned,Data / Analytics,Mid / Unspecified,Unspecified SAP,English,,https://remotefirstjobs.com/companies/o-i/jobs/financial-reporting-analyst-817526,"Company Description To be the leading producer of glass bottles and jars worldwide you need passion, commitment and innovation baked into the very fabric of a business and its people. For more than 120 years, our glass makers have honed their craft—channeling their creativity into more than 1,800 patents held today. When you join O-I you become part of that story. O-I has more than a century of experience crafting pu"
ffaf31bf29e5bb7b,remotefirst,Senior SAP Solution Analyst,O-I,Colombia,Colombia,True,Not disclosed,,,,,Core SAP delivery role,Technical / Development,Senior,SD / Sales,English,,https://remotefirstjobs.com/companies/o-i/jobs/senior-sap-solution-analyst-809117,"Company Description To be the leading producer of glass bottles and jars worldwide you need passion, commitment and innovation baked into the very fabric of a business and its people. For more than 120 years, our glass makers have honed their craft—channeling their creativity into more than 1,800 patents held today. When you join O-I you become part of that story. O-I has more than a century of experience crafting pu"
242f9995529fac6f,remotefirst,Talent Management Capabilities SME,O-I,Colombia,Colombia,True,Not disclosed,,,,,SAP module/technical requirement,Data / Analytics,Mid / Unspecified,HCM / SuccessFactors,SuccessFactors,,https://remotefirstjobs.com/companies/o-i/jobs/talent-management-capabilities-sme-803416,"Company Description To be the leading producer of glass bottles and jars worldwide you need passion, commitment and innovation baked into the very fabric of a business and its people. For more than 120 years, our glass makers have honed their craft—channeling their creativity into more than 1,800 patents held today. When you join O-I you become part of that story. O-I has more than a century of experience crafting pu"
e79f8de69a428808,remotefirst,IT Business Partner MM SAP Consultant,Oetiker Group,Spain,Spain,True,Not disclosed,,,,,Core SAP delivery role,Functional Consulting,Lead / Manager,S/4HANA; MM / Procurement,S/4HANA; SAP MM; English,,https://remotefirstjobs.com/companies/oetiker-group/jobs/it-business-partner-mm-sap-consultant-730441,"Company Description At Oetiker , we provide peace of mind by ensuring that mission-critical components are reliably connected. We are a global leader in high-end clamping and connecting solutions for the vehicle industry and high-value industrial applications. With over 1,800 employees in 30+ countries and more than 75 years of experience , Oetiker is a trusted global partner for the world’s leading OEMs. Our product"
5b20f1b2e01c1f1b,remotefirst,Contracts & Procurement Specialist,Oklo Inc,United States,United States,True,Disclosed,100000,140000,,,SAP module/technical requirement,Functional Consulting,Mid / Unspecified,MM / Procurement,Ariba,,https://remotefirstjobs.com/companies/oklo-inc/jobs/contracts-procurement-specialist-832360,"Thanks for your interest in Oklo! We are searching for aContracts & Procurement Specialistto join our Procurement & Supply Chain team. Position Description The Contracts & Procurement Specialist is responsible for supporting commercial contracting and procurement execution across Oklo’s engineering, manufacturing, construction, operations, and corporate functions. This role performs the full lifecycle of procurement "
c574c744f94b7384,remotefirst,Project Planner,Oklo Inc,United States,United States,True,Disclosed,70000,110000,,,SAP mentioned,Data / Analytics,Mid / Unspecified,Unspecified SAP,,,https://remotefirstjobs.com/companies/oklo-inc/jobs/project-planner-791911,"Thanks for your interest in Oklo! We are searching for a Project Planner to join our team. Position Description Project Planners at Oklo are responsible for tracking all aspects of ongoing projects including but not limited to: initial charter and project team assignments, specification of deliverables and vendor engagement and selection, project schedule kept to a daily WBS level of detail, project milestones, and r"
c7805b4586a47f31,remotefirst,Compute & Infrastructure Accounting Manager,OpenAI,United States,United States,True,Not disclosed,,,,,SAP mentioned,Technical / Development,Lead / Manager,Unspecified SAP,,,https://remotefirstjobs.com/companies/openai/jobs/compute-infrastructure-accounting-manager-814981,About the Team OpenAI Finance is responsible for ensuring the organization is set up for success in pursuit of its mission. The Compute & Infrastructure team shares financial insights and partners with internal and external business stakeholders to manage the accounting and financial reporting for OpenAI’s rapidly evolving infrastructure investments. The team supports a broad and increasingly complex portfolio of com
524507a63b79ee26,remotefirst,"Senior Manager, Procurement Operations - Hardware",OpenAI,United States,United States,True,Not disclosed,,,,,SAP mentioned,Data / Analytics,Lead / Manager,Unspecified SAP,,,https://remotefirstjobs.com/companies/openai/jobs/senior-manager-procurement-operations-hardware-818931,"About the Team OpenAI is building Procurement of the future: one that uses AI-enabled systems, clean data, and scalable processes to help the business absorb increasing complexity, speed, volume, and throughput — while enabling teams across OpenAI to operate more strategically and at greater scale. The Hardware Procurement Operations team supports the operational flow of goods and hardware purchasing across OpenAI’s "
9ff5240167f6225e,remotefirst,Director Project Development,Origis Energy,United States,United States,True,Not disclosed,,,,,SAP mentioned,Functional Consulting,Lead / Manager,Unspecified SAP,,,https://remotefirstjobs.com/companies/origis-energy/jobs/director-project-development-778248,"Join the Origis Energy Team! Origis Energy is accelerating the transition to a carbon-free future by Reimagining ZeroSM. As one of America’s leading renewable energy and decarbonization solution platforms, the company continues to expand and reimagine its contribution to the world’s net-zero goals. Origis Energy puts customers first to deploy a wide range of sustainable solutions for grid power generation, performanc"
8967c8c341e19fa2,remotefirst,Director Project Development Data Centers,Origis Energy,Worldwide / Not specified,Worldwide / Not specified,True,Not disclosed,,,,,SAP mentioned,Data / Analytics,Lead / Manager,Unspecified SAP,,,https://remotefirstjobs.com/companies/origis-energy/jobs/director-project-development-data-centers-746516,"Join the Origis Energy Team! Origis Energy is accelerating the transition to a carbon-free future by Reimagining ZeroSM. As one of America’s leading renewable energy and decarbonization solution platforms, the company continues to expand and reimagine its contribution to the world’s net-zero goals. Origis Energy puts customers first to deploy a wide range of sustainable solutions for grid power generation, performanc"
d84cd5eec785ba27,remotefirst,AI GTM Architect (Revenue Operations),Outreach,United States,United States,True,Not disclosed,,,,,SAP mentioned,Architecture,Mid / Unspecified,Unspecified SAP,,,https://remotefirstjobs.com/companies/outreach/jobs/ai-gtm-architect-revenue-operations-824733,"About Outreach Outreach, founded in 2014, is the only complete agentic AI platform for revenue teams. Outreach infuses agentic AI, conversation intelligence, and assistive AI to power hundreds of use cases across revenue motions. From new logo prospecting to expansions, deal acceleration, driving retention, and forecasting, Outreach AI automates workflows and frees sellers to focus on more strategic conversations and"
958e824433582158,remotefirst,"Account Executive, Commercial",Outreach,United States,United States,True,Disclosed,140000,160000,,,SAP mentioned,Data / Analytics,Mid / Unspecified,Unspecified SAP,,,https://remotefirstjobs.com/companies/outreach/jobs/account-executive-commercial-831933,"About Outreach Outreach, founded in 2014, is the only complete agentic AI platform for revenue teams. Outreach infuses agentic AI, conversation intelligence, and assistive AI to power hundreds of use cases across revenue motions. From new logo prospecting to expansions, deal acceleration, driving retention, and forecasting, Outreach AI automates workflows and frees sellers to focus on more strategic conversations and"
c39fc7769bf637eb,remotefirst,Forward Deployed Engineer – AI Revenue Agents,Outreach,United States,United States,True,Disclosed,100000,125000,,,SAP mentioned,Technical / Development,Mid / Unspecified,Unspecified SAP,Agile / Scrum,,https://remotefirstjobs.com/companies/outreach/jobs/forward-deployed-engineer-ai-revenue-agents-826049,"About Outreach Outreach, founded in 2014, is the only complete agentic AI platform for revenue teams. Outreach infuses agentic AI, conversation intelligence, and assistive AI to power hundreds of use cases across revenue motions. From new logo prospecting to expansions, deal acceleration, driving retention, and forecasting, Outreach AI automates workflows and frees sellers to focus on more strategic conversations and"
64ebb0aae97a320e,remotefirst,Senior Client Account Executive,Outreach,United Kingdom,United Kingdom,True,Not disclosed,,,,,SAP mentioned,Data / Analytics,Senior,Unspecified SAP,,,https://remotefirstjobs.com/companies/outreach/jobs/senior-client-account-executive-770626,"About Outreach Outreach, founded in 2014, is the only complete agentic AI platform for revenue teams. Outreach infuses agentic AI, conversation intelligence, and assistive AI to power hundreds of use cases across revenue motions. From new logo prospecting to expansions, deal acceleration, driving retention, and forecasting, Outreach AI automates workflows and frees sellers to focus on more strategic conversations and"
7c76127d85a88d8e,remotefirst,Senior Commission Analyst,Outreach,United States,United States,True,Disclosed,80000,110000,,,SAP mentioned,Data / Analytics,Senior,Unspecified SAP,,,https://remotefirstjobs.com/companies/outreach/jobs/senior-commission-analyst-816128,"About Outreach Outreach, founded in 2014, is the only complete agentic AI platform for revenue teams. Outreach infuses agentic AI, conversation intelligence, and assistive AI to power hundreds of use cases across revenue motions. From new logo prospecting to expansions, deal acceleration, driving retention, and forecasting, Outreach AI automates workflows and frees sellers to focus on more strategic conversations and"
ce9604a9ce14275e,remotefirst,Senior Technical Consultant,Outreach,United States,United States,True,Disclosed,100000,115000,,,SAP mentioned,Technical / Development,Senior,Unspecified SAP,,,https://remotefirstjobs.com/companies/outreach/jobs/senior-technical-consultant-826071,"About Outreach Outreach, founded in 2014, is the only complete agentic AI platform for revenue teams. Outreach infuses agentic AI, conversation intelligence, and assistive AI to power hundreds of use cases across revenue motions. From new logo prospecting to expansions, deal acceleration, driving retention, and forecasting, Outreach AI automates workflows and frees sellers to focus on more strategic conversations and"
f1cc6dd47ff46cdb,remotefirst,Shared Services Transformation Consultant,PA Consulting,United Kingdom,United Kingdom,True,Not disclosed,,,,,SAP module/technical requirement,Data / Analytics,Mid / Unspecified,S/4HANA,S/4HANA,,https://remotefirstjobs.com/companies/pa-consulting/jobs/shared-services-transformation-consultant-767112,"Company Description We believe in the power of ingenuity to build a positive human future. As strategies, technologies, and innovation collide, we create opportunity from complexity. Our teams of interdisciplinary experts combine innovative thinking and breakthrough technologies to progress further, faster. Our clients adapt and transform, and together we achieve enduring results. We are over 4,000 strategists, innov"
7d665ceba440209f,remotefirst,Solution Architect,PA Consulting,United Kingdom,United Kingdom,True,Not disclosed,,,,,SAP mentioned,Architecture,Mid / Unspecified,Unspecified SAP,Agile / Scrum,,https://remotefirstjobs.com/companies/pa-consulting/jobs/solution-architect-738675,"Company Description We believe in the power of ingenuity to build a positive human future. As strategies, technologies, and innovation collide, we create opportunity from complexity. Our teams of interdisciplinary experts combine innovative thinking and breakthrough technologies to progress further, faster. Our clients adapt and transform, and together we achieve enduring results. We are over 4,000 strategists, innov"
5163f671fa5a6751,remotefirst,Accountant Local F&A,PSI CRO,Japan,Japan,True,Not disclosed,,,,,SAP mentioned,Data / Analytics,Mid / Unspecified,Unspecified SAP,English,,https://remotefirstjobs.com/companies/psi-cro-ag/jobs/accountant-local-fa-797272,"Company Description PSI is a leading Contract Research Organization (CRO) with about 30 years of experience in the pharmaceutical industry. Originated in Switzerland, PSI is a privately owned, full-service CRO with a global reach, supporting clinical trials across multiple countries and continents. Our reputation for being highly selective about the projects we undertake highlights our commitment to delivering high-q"
4e34e2a4a6a5b83a,remotefirst,Sr. Forward Deployed Engineer,"PVM, Inc.",United States,United States,True,Not disclosed,,,,,SAP mentioned,Technical / Development,Junior,Unspecified SAP,,,https://remotefirstjobs.com/companies/pvm-inc/jobs/sr-forward-deployed-engineer-820278,"Remote: Must reside in or near San Diego, CA - Will need to go onsite occasionally Reports to: Echo Direct reports: None. Delta’s provide performance feedback on other engineers and participate in company peer mentorship program. Travel: 0-10% The Role The Senior Forward Deployed Engineer (Sr FDE) serves as the technical lead responsible for the architecture, ontology design, application delivery, operational support"
46e9935c2a325ebf,remotefirst,Senior Technical Product Manager,Packmatic,Germany,Germany,True,Not disclosed,,,,,SAP module/technical requirement,Technical / Development,Lead / Manager,S/4HANA; HANA / Data,S/4HANA; SAP HANA; German,,https://remotefirstjobs.com/companies/packmatic/jobs/senior-technical-product-manager-783680,"Wir digitalisieren eine der größten und am stärksten regulierten Branchen Europas. Die Verpackungsindustrie hat ein Marktvolumen von mehreren hundert Milliarden Euro und steht aufgrund neuer Vorschriften wie PPWR, EUDR, EPR und CSRD unter enormem Handlungsdruck. Mit Packa haben wir die erste durchgängige SaaS-Plattform für intelligentes Verpackungsmanagement entwickelt – stark nachgefragt, hervorragend finanziert und"
69667ce9a02bf7cf,remotefirst,Enterprise Account Executive - Austria,Parloa,Worldwide / Not specified,Worldwide / Not specified,True,Not disclosed,,,,,SAP mentioned,Data / Analytics,Senior,Unspecified SAP,English; German,,https://remotefirstjobs.com/companies/parloa/jobs/enterprise-account-executive-austria-826667,"About Parloa Parloa’s mission is to make every customer conversation feel effortless for both customers and the companies serving them. As agentic AI accelerates, Parloans are shaping the foundation of a new era in customer experience — one where customer support is no longer transactions, but meaningful exchanges. It is not just a vision; Parloa has powered over ONE BILLION interactions between global enterprise bra"
0367bb8ce9842eec,remotefirst,Lead Agent Architect SAP (Germany),Parloa,Germany,Germany,True,Not disclosed,,,,,Core SAP delivery role,Architecture,Lead / Manager,S/4HANA; BTP / Integration; Basis / Security; CRM / CX / Commerce,S/4HANA; SAP BTP; OData; GRC / Security; English; German,,https://remotefirstjobs.com/companies/parloa/jobs/lead-agent-architect-sap-germany-829694,"About Parloa Parloa’s mission is to make every customer conversation feel effortless for both customers and the companies serving them. As agentic AI accelerates, Parloans are shaping the foundation of a new era in customer experience — one where customer support is no longer transactions, but meaningful exchanges. It is not just a vision; Parloa has powered over ONE BILLION interactions between global enterprise bra"
07dc93841b29e6c8,remotefirst,SAP Integration Engineer,Parloa,Germany,Germany,True,Not disclosed,,,,,Core SAP delivery role,Basis / Security,Mid / Unspecified,S/4HANA; BTP / Integration; Basis / Security; CRM / CX / Commerce,S/4HANA; SAP BTP; CPI / Integration Suite; OData; GRC / Security,,https://remotefirstjobs.com/companies/parloa/jobs/sap-integration-engineer-801420,"About Parloa Parloa’s mission is to make every customer conversation feel effortless for both customers and the companies serving them. As agentic AI accelerates, Parloans are shaping the foundation of a new era in customer experience, one where customer support is no longer transactions, but meaningful exchanges. It is not just a vision; Parloa has powered over ONE BILLION interactions between global enterprise bran"
73a1a37ec56610ef,remotefirst,SAP Integration Engineer,Parloa,United States,United States,True,Disclosed,170000,200000,,,Core SAP delivery role,Basis / Security,Mid / Unspecified,S/4HANA; BTP / Integration; Basis / Security; CRM / CX / Commerce,S/4HANA; SAP BTP; CPI / Integration Suite; OData; GRC / Security,,https://remotefirstjobs.com/companies/parloa/jobs/sap-integration-engineer-792835,"About Parloa Parloa’s mission is to make every customer conversation feel effortless for both customers and the companies serving them. As agentic AI accelerates, Parloans are shaping the foundation of a new era in customer experience, one where customer support is no longer transactions, but meaningful exchanges. It is not just a vision; Parloa has powered over ONE BILLION interactions between global enterprise bran"
95c3f14a9866e3fd,remotefirst,Senior Agent Architect,Parloa,United States,United States,True,Disclosed,113000,129000,,,SAP mentioned,Architecture,Senior,Unspecified SAP,,,https://remotefirstjobs.com/companies/parloa/jobs/senior-agent-architect-800290,"About Parloa Parloa’s mission is to make every customer conversation feel effortless for both customers and the companies serving them. As agentic AI accelerates, Parloans are shaping the foundation of a new era in customer experience — one where customer support is no longer transactions, but meaningful exchanges. It is not just a vision; Parloa has powered over ONE BILLION interactions between global enterprise bra"
3eb7d4c2e00f593e,remotefirst,Senior Agent Architect (Spain),Parloa,Spain,Spain,True,Not disclosed,,,,,SAP mentioned,Architecture,Senior,Unspecified SAP,English,,https://remotefirstjobs.com/companies/parloa/jobs/senior-agent-architect-spain-826682,"About Parloa Parloa’s mission is to make every customer conversation feel effortless for both customers and the companies serving them. As agentic AI accelerates, Parloans are shaping the foundation of a new era in customer experience - one where customer support is no longer transactions, but meaningful exchanges. It is not just a vision; Parloa has powered over ONE BILLION interactions between global enterprise bra"
86b6c541c6e3a3eb,remotefirst,Senior Agent Architect (UK),Parloa,Worldwide / Not specified,Worldwide / Not specified,True,Not disclosed,,,,,SAP mentioned,Architecture,Senior,Unspecified SAP,English,,https://remotefirstjobs.com/companies/parloa/jobs/senior-agent-architect-uk-836733,"About Parloa Parloa’s mission is to make every customer conversation feel effortless for both customers and the companies serving them. As agentic AI accelerates, Parloans are shaping the foundation of a new era in customer experience - one where customer support is no longer transactions, but meaningful exchanges. It is not just a vision; Parloa has powered over ONE BILLION interactions between global enterprise bra"
046b809287fda5e2,remotefirst,Senior Forward Deployed Engineer (Spain),Parloa,Spain,Spain,True,Not disclosed,,,,,SAP mentioned,Technical / Development,Lead / Manager,Unspecified SAP,English,,https://remotefirstjobs.com/companies/parloa/jobs/senior-forward-deployed-engineer-spain-835532,"About Parloa Parloa’s mission is to make every customer conversation feel effortless for both customers and the companies serving them. As agentic AI accelerates, Parloans are shaping the foundation of a new era in customer experience, one where customer support is no longer transactions, but meaningful exchanges. It is not just a vision; Parloa has powered over ONE BILLION interactions between global enterprise bran"
cafad1e718f98f00,remotefirst,Senior Partner Solution Engineer - SAP,Parloa,Germany,Germany,True,Not disclosed,,,,,Core SAP delivery role,Technical / Development,Senior,BTP / Integration; CRM / CX / Commerce,SAP BTP; English; German,,https://remotefirstjobs.com/companies/parloa/jobs/senior-partner-solution-engineer-sap-838291,"About Parloa Parloa’s mission is to make every customer conversation feel effortless for both customers and the companies serving them. As agentic AI accelerates, Parloans are shaping the foundation of a new era in customer experience; one where customer support is no longer transactions, but meaningful exchanges. It is not just a vision; Parloa has powered over ONE BILLION interactions between global enterprise bran"
31093f46c5454ba2,remotefirst,Senior Product Marketing Manager,Parloa,Worldwide / Not specified,Worldwide / Not specified,True,Disclosed,160000,180000,,,SAP mentioned,Data / Analytics,Lead / Manager,Unspecified SAP,,,https://remotefirstjobs.com/companies/parloa/jobs/senior-product-marketing-manager-826628,"About Parloa Parloa’s mission is to make every customer conversation feel effortless for both customers and the companies serving them. As agentic AI accelerates, Parloans are shaping the foundation of a new era in customer experience — one where customer support is no longer transactions, but meaningful exchanges. It is not just a vision; Parloa has powered over ONE BILLION interactions between global enterprise bra"
790820ab195a820d,remotefirst,Sr Agent Architect (Germany),Parloa,Germany,Germany,True,Not disclosed,,,,,SAP mentioned,Architecture,Senior,Unspecified SAP,English; German,,https://remotefirstjobs.com/companies/parloa/jobs/sr-agent-architect-germany-839374,"About Parloa Parloa’s mission is to make every customer conversation feel effortless for both customers and the companies serving them. As agentic AI accelerates, Parloans are shaping the foundation of a new era in customer experience - one where customer support is no longer transactions, but meaningful exchanges. It is not just a vision; Parloa has powered over ONE BILLION interactions between global enterprise bra"
28ff6614b756b42d,remotefirst,Sr Partner Solution Engineer,Parloa,United States,United States,True,Disclosed,180000,200000,,,SAP mentioned,Technical / Development,Senior,Unspecified SAP,,,https://remotefirstjobs.com/companies/parloa/jobs/sr-partner-solution-engineer-814530,"About Parloa Parloa’s mission is to make every customer conversation feel effortless for both customers and the companies serving them. As agentic AI accelerates, Parloans are shaping the foundation of a new era in customer experience — one where customer support is no longer transactions, but meaningful exchanges. It is not just a vision; Parloa has powered over ONE BILLION interactions between global enterprise bra"
2002e339ae15e89a,remotefirst,Sr Value Engineer - West Coast,Parloa,Worldwide / Not specified,Worldwide / Not specified,True,Disclosed,130000,150000,,,SAP mentioned,Technical / Development,Senior,Unspecified SAP,,,https://remotefirstjobs.com/companies/parloa/jobs/sr-value-engineer-west-coast-834925,"About Parloa Parloa’s mission is to make every customer conversation feel effortless for both customers and the companies serving them. As agentic AI accelerates, Parloans are shaping the foundation of a new era in customer experience — one where customer support is no longer transactions, but meaningful exchanges. It is not just a vision; Parloa has powered over ONE BILLION interactions between global enterprise bra"
d5817c2c8cbcbecd,remotefirst,Sr. Brand Designer,Parloa,Germany,Germany,True,Not disclosed,,,,,SAP mentioned,Data / Analytics,Lead / Manager,Unspecified SAP,English,,https://remotefirstjobs.com/companies/parloa/jobs/sr-brand-designer-823429,"About Parloa Parloa’s mission is to make every customer conversation feel effortless for both customers and the companies serving them. As agentic AI accelerates, Parloans are shaping the foundation of a new era in customer experience - one where customer support is no longer transactions, but meaningful exchanges. It is not just a vision; Parloa has powered over ONE BILLION interactions between global enterprise bra"
2bb9d4caf569ebe5,remotefirst,Team Lead Forward Deployed Engineering,Parloa,Germany,Germany,True,Not disclosed,,,,,SAP mentioned,Technical / Development,Lead / Manager,Unspecified SAP,,,https://remotefirstjobs.com/companies/parloa/jobs/team-lead-forward-deployed-engineering-829106,"About Parloa Parloa’s mission is to make every customer conversation feel effortless for both customers and the companies serving them. As agentic AI accelerates, Parloans are shaping the foundation of a new era in customer experience, one where customer support is no longer transactions, but meaningful exchanges. It is not just a vision; Parloa has powered over ONE BILLION interactions between global enterprise bran"
e5ac66fd454488ee,remotefirst,Accountant,Pavago,Colombia,Colombia,True,Not disclosed,,,,,SAP mentioned,Data / Analytics,Junior,Unspecified SAP,,,https://remotefirstjobs.com/companies/pavago/jobs/accountant-803647,"💼 Senior Accountant (NetSuite, GAAP, Financial Reporting & Month-End Close) Full-Time | Remote | Flexible Schedule Aligned with U.S. Business Hours 🚀 About the Role Pavago is hiring a highly analytical and detail-oriented Senior Accountant to lead accounting operations, financial reporting, reconciliations, and month-end close activities within a fast-growing business environment. This is more than a transactional ac"
7e24ffda95418ea1,remotefirst,Accounts Receivable / Accounts Payable Specialist,Pavago,Pakistan,Pakistan,True,Not disclosed,,,,,SAP mentioned,Functional Consulting,Mid / Unspecified,Unspecified SAP,English,,https://remotefirstjobs.com/companies/pavago/jobs/accounts-receivable-accounts-payable-specialist-832606,"Accounts Receivable / Accounts Payable Specialist Position Type: Full-Time, Remote Working Hours: U.S. Business Hours Location: Remote (LATAM, Philippines, Pakistan, South Africa Preferred) About the Role We are hiring a highly detail-oriented Accounts Receivable / Accounts Payable Specialist to support daily accounting operations and ensure accurate management of incoming and outgoing financial transactions. This ro"
e8c09e2ab9e808ea,remotefirst,Accounts Receivable / Accounts Payable Specialist,Pavago,United States,United States,True,Not disclosed,,,,,SAP mentioned,Functional Consulting,Mid / Unspecified,Unspecified SAP,,,https://remotefirstjobs.com/companies/pavago/jobs/accounts-receivable-accounts-payable-specialist-819527,"Accounts Receivable / Accounts Payable Specialist (AR/AP) – Remote QuickBooks | NetSuite | SAP | Xero | Bookkeeping Position Type: Full-Time, Remote Working Hours: U.S. Business Hours About the Role We’re hiring for our client, a growing U.S.-based company, seeking an Accounts Receivable / Accounts Payable Specialist (AR/AP) to own the day-to-day flow of money in and out of the business. This is a high-impact, execut"
5d7bf7c56cf8e457,remotefirst,Accounts Receivable / Accounts Payable Specialist,Pavago,South Africa,South Africa,True,Not disclosed,,,,,SAP mentioned,Functional Consulting,Mid / Unspecified,Unspecified SAP,,,https://remotefirstjobs.com/companies/pavago/jobs/accounts-receivable-accounts-payable-specialist-799987,"Accounts Receivable / Accounts Payable Specialist (AR/AP) – Remote QuickBooks | NetSuite | SAP | Xero | Bookkeeping Position Type: Full-Time, Remote Working Hours: U.S. Business Hours About the Role We’re hiring for our client, a growing U.S.-based company, seeking an Accounts Receivable / Accounts Payable Specialist (AR/AP) to own the day-to-day flow of money in and out of the business. This is a high-impact, execut"
6497cf011c2e72bb,remotefirst,Audit Assistant,Pavago,Argentina,Argentina,True,Not disclosed,,,,,SAP mentioned,Data / Analytics,Mid / Unspecified,Unspecified SAP,English,,https://remotefirstjobs.com/companies/pavago/jobs/audit-assistant-828552,"Audit Assistant (Accounting, Reconciliations, GAAP/IFRS) – Remote Position Type: Full-Time, Remote Working Hours: U.S. Business Hours About the Role We’re hiring a detail-oriented Audit Assistant to support internal and external audits, financial reconciliations, compliance reporting, and audit-ready documentation. This is not a passive administrative role. You’ll play a key role in audit preparation, account reconci"
b6cb8e89b417e810,remotefirst,Audit Assistant,Pavago,Pakistan,Pakistan,True,Not disclosed,,,,,SAP mentioned,Functional Consulting,Mid / Unspecified,Unspecified SAP,,,https://remotefirstjobs.com/companies/pavago/jobs/audit-assistant-804628,"Audit Assistant Position Type: Full-Time, Remote Working Hours: U.S. Client Business Hours (with flexibility during audit cycles and filing deadlines) Location: Remote (LATAM, Pakistan, Philippines, South Africa Preferred) About the Role Our client is seeking a highly detail-oriented Audit Assistant to support both internal and external audit engagements. This role is responsible for preparing schedules, reconciling "
d91bcfee8c61f005,remotefirst,Controller,Pavago,Colombia,Colombia,True,Not disclosed,,,,,SAP mentioned,Technical / Development,Lead / Manager,Unspecified SAP,,,https://remotefirstjobs.com/companies/pavago/jobs/controller-828540,"Controller (Financial Reporting, GAAP/IFRS & Accounting Operations) Job Type: Full-Time, Remote Working Hours: U.S. Business Hours About the Role We’re hiring an experienced Controller to lead financial operations, accounting oversight, and financial reporting for a growing organization. This is a high-impact leadership role that combines hands-on accounting management with strategic financial oversight. You’ll be re"
a085aa01589d3e7f,remotefirst,Controller,Pavago,Pakistan,Pakistan,True,Not disclosed,,,,,SAP mentioned,Technical / Development,Lead / Manager,Unspecified SAP,,,https://remotefirstjobs.com/companies/pavago/jobs/controller-820751,"Controller (Financial Reporting, GAAP/IFRS, Team Leadership – Remote, U.S. Hours) About the Role We’re hiring a Controller to lead financial operations, reporting, compliance, and accounting teams . This is a high-impact role where you’ll own month-end close, financial reporting, internal controls, and strategic financial insights — ensuring accurate books and supporting executive decision-making. If you have strong "
07c043a16a43d02a,remotefirst,"Controller (FP&A, Financial Reporting & Accounting Leadership) - Remote",Pavago,South Africa,South Africa,True,Not disclosed,,,,,SAP mentioned,Technical / Development,Lead / Manager,Unspecified SAP,,,https://remotefirstjobs.com/companies/pavago/jobs/controller-fpa-financial-reporting-accounting-leadership-remote-837134,"Controller (FP&A, Financial Reporting & Accounting Leadership) – Remote Position Type: Full-Time, Remote Working Hours: U.S. Business Hours About the Role At Pavago, one of our clients is hiring an experienced and hands-on Controller to lead accounting operations, financial reporting, compliance, and financial close processes for a growing organization. This is a leadership role for someone who combines deep technica"
5641d4648d481991,remotefirst,Corporate Finance Manager,Pavago,Pakistan,Pakistan,True,Not disclosed,,,,,SAP mentioned,Data / Analytics,Lead / Manager,Unspecified SAP,,,https://remotefirstjobs.com/companies/pavago/jobs/corporate-finance-manager-825186,"Job Title: Corporate Finance Manager Position Type: Full-Time, Remote Working Hours: U.S. client business hours (with flexibility for month-end close, forecasting cycles, and board reporting deadlines) About the Role: Our client is seeking a Corporate Finance Manager to lead financial planning, capital allocation, and strategic finance initiatives. This role is responsible for budgeting, forecasting, investment analy"
a209627b63a25a46,remotefirst,Corporate Finance Manager,Pavago,India,India,True,Not disclosed,,,,,SAP mentioned,Data / Analytics,Lead / Manager,Unspecified SAP,,,https://remotefirstjobs.com/companies/pavago/jobs/corporate-finance-manager-806050,"💼 Corporate Finance Manager (FP&A, Strategic Finance & Executive Reporting) Full-Time | Remote | U.S. Client Business Hours 🚀 About the Role We’re hiring a strategic and analytical Corporate Finance Manager to lead financial planning, forecasting, budgeting, and high-impact financial analysis across the organization. This is a high-visibility role working directly with: ✅ executive leadership ✅ department heads ✅ inv"
27aabf3bb6c5101c,remotefirst,Corporate Finance Manager,Pavago,United States,United States,True,Not disclosed,,,,,SAP mentioned,Data / Analytics,Lead / Manager,Unspecified SAP,,,https://remotefirstjobs.com/companies/pavago/jobs/corporate-finance-manager-806035,"Corporate Finance Manager (FP&A, Strategic Finance & Executive Reporting) Full-Time | Remote | U.S. Client Business Hours About the Role We’re hiring a strategic and analytical Corporate Finance Manager to lead financial planning, forecasting, budgeting, and high-impact financial analysis across the organization. This is a high-visibility role working directly with: Executive leadership Department heads Investors and"
c14f9e54bb536982,remotefirst,Corporate Finance Manager,Pavago,South Africa,South Africa,True,Not disclosed,,,,,SAP mentioned,Data / Analytics,Lead / Manager,Unspecified SAP,,,https://remotefirstjobs.com/companies/pavago/jobs/corporate-finance-manager-804625,"💼 Corporate Finance Manager (FP&A, Strategic Finance & Capital Planning) Full-Time Remote | U.S. Business Hours 🚀 About the Role We’re hiring a highly analytical and strategic Corporate Finance Manager to lead financial planning, forecasting, capital allocation, and executive financial analysis for a growing business. This is not a transactional accounting role. You will play a critical role in: driving financial str"
73db9ca79dec24d7,remotefirst,Financial & Data Analyst,Pavago,Pakistan,Pakistan,True,Not disclosed,,,,,SAP mentioned,Data / Analytics,Mid / Unspecified,Unspecified SAP,,,https://remotefirstjobs.com/companies/pavago/jobs/financial-data-analyst-828542,"Job Title: Financial Analyst / Data Analyst Position Type: Full-Time, Remote Working Hours: U.S. client business hours (with flexibility for reporting deadlines, month-end cycles, and strategic projects) About the Role Our client is seeking a Financial Analyst / Data Analyst to build financial models, analyze operational and financial performance, and deliver data-driven insights that support strategic decision-makin"
18e6a676563035a9,remotefirst,Financial & Data Analyst,Pavago,United States,United States,True,Not disclosed,,,,,SAP module/technical requirement,Data / Analytics,Mid / Unspecified,FI / CO / FICO,,,https://remotefirstjobs.com/companies/pavago/jobs/financial-data-analyst-806025,"Financial Analyst / Data Analyst – Remote | SQL, Excel, BI Tools | U.S. Hours Position Type: Full-Time, Remote Working Hours: U.S. Client Business Hours About the Role We’re hiring a Financial Analyst / Data Analyst to turn complex data into clear, actionable insights that drive business decisions. This role sits at the intersection of finance, data, and strategy — you’ll build models, analyze performance, and create"
be0ac484ba8bb5c5,remotefirst,Financial & Data Analyst,Pavago,South Africa,South Africa,True,Not disclosed,,,,,SAP module/technical requirement,Data / Analytics,Mid / Unspecified,FI / CO / FICO,,,https://remotefirstjobs.com/companies/pavago/jobs/financial-data-analyst-804680,"💼 Financial Analyst / Data Analyst (FP&A, SQL, BI & Financial Modeling) Full-Time Remote | U.S. Business Hours 🚀 About the Role We’re hiring a highly analytical and data-driven Financial Analyst / Data Analyst to help transform financial and operational data into actionable business insights. This role is ideal for someone who enjoys: financial modeling, business intelligence, reporting, forecasting, and turning comp"
521f2482a4e40218,remotefirst,Senior Accountant,Pavago,Pakistan,Pakistan,True,Not disclosed,,,,,SAP mentioned,Functional Consulting,Lead / Manager,Unspecified SAP,English,,https://remotefirstjobs.com/companies/pavago/jobs/senior-accountant-832615,"Senior Accountant Position Type: Full-Time, Remote Location: Remote Working Hours: Flexible, aligned with U.S. client business hours About the Role Pavago is hiring a highly detail-oriented and technically strong Senior Accountant to lead core accounting operations, financial reporting, reconciliations, and month-end close activities across complex business environments. This is not a basic bookkeeping role. We’re lo"
2284a70de1d3a006,remotefirst,Senior Accountant,Pavago,United States,United States,True,Not disclosed,,,,,SAP mentioned,Data / Analytics,Lead / Manager,Unspecified SAP,,,https://remotefirstjobs.com/companies/pavago/jobs/senior-accountant-806069,"Job Title: Senior Accountant Position Type: Full-Time, Remote Working Hours: Flexible, aligned with U.S. client business hours About Pavago Pavago is seeking a highly detail-oriented and analytical Senior Accountant to lead core accounting operations, ensure accurate financial reporting, and support strategic financial decision-making. This role goes beyond transactional accounting and bookkeeping. The Senior Account"
dd6598d376e2928d,remotefirst,Senior Accountant,Pavago,Colombia,Colombia,True,Not disclosed,,,,,SAP mentioned,Data / Analytics,Junior,Unspecified SAP,,,https://remotefirstjobs.com/companies/pavago/jobs/senior-accountant-803639,"Senior Accountant (NetSuite, GAAP, Month-End Close & Financial Reporting) – Remote | U.S. Business Hours Position Type: Full-Time, Remote Working Hours: Flexible Schedule Aligned with U.S. Business Hours About the Role Pavago is hiring a highly analytical and detail-oriented Senior Accountant to lead accounting operations, financial reporting, reconciliations, and month-end close activities. This is more than a trans"
cd0fc5f14fe54968,remotefirst,Senior Accountant,Pavago,Philippines,Philippines,True,Not disclosed,,,,,SAP mentioned,Functional Consulting,Junior,Unspecified SAP,,,https://remotefirstjobs.com/companies/pavago/jobs/senior-accountant-797384,"Job Title: Senior Accountant Position Type: Full-Time, Remote Working Hours: Flexible, aligned with U.S. client business hours About Pavago Pavago is seeking a highly skilled Senior Accountant to lead accounting operations, ensure financial accuracy, maintain compliance with GAAP/IFRS standards, and provide actionable financial insights that support strategic decision-making. This role goes beyond transactional bookk"
5a829939ec18fd61,remotefirst,"Manager, Statistical Programming",Penumbra,Worldwide / Not specified,Worldwide / Not specified,True,Disclosed,158000,227000,,,SAP mentioned,Data / Analytics,Lead / Manager,Unspecified SAP,,,https://remotefirstjobs.com/companies/penumbra-inc/jobs/manager-statistical-programming-835886,General Summary The Manager of Statistical Programming will manage a team of statistical programmers engaged in medical device clinical research activities. The Manager of Statistical Programming provides statistical programming support for multiple projects through own efforts and those of staff for assigned projects. The manager builds relationships and promotes collaboration across functions with internal colleagu
84686e0c1e22afe2,remotefirst,Application Systems Analyst III,PingWind,Worldwide / Not specified,Worldwide / Not specified,True,Disclosed,77000,107000,,,SAP mentioned,Technical / Development,Lead / Manager,Unspecified SAP,,,https://remotefirstjobs.com/companies/pingwind-inc/jobs/application-systems-analyst-iii-839798,"Location: Remote Required Clearance: Public Trust Certifications: DoD 8570 Information Assurance Technical Level II (IAT Level II) Certification required. Required Education: Highschool Diploma/GED Required Experience: Minimum of 7–10 years of progressively responsible experience in systems analysis, enterprise application support, or business systems management. Description PingWind is seeking an Application Systems"
d83e1d121d6c2c40,remotefirst,Accounts Receivable Specialist,Placer.ai,United States,United States,True,Disclosed,60000,70000,,,SAP module/technical requirement,Data / Analytics,Senior,MM / Procurement,Ariba,,https://remotefirstjobs.com/companies/placerai/jobs/accounts-receivable-specialist-839927,"ABOUT PLACER.AI: Placer.ai is transforming how organizations understand the physical world. Our location analytics platform provides unprecedented visibility into locations, markets, and consumer behavior. Placer empowers thousands of customers—from Fortune 500 companies, to local governments and nonprofits— to make smarter, data-driven decisions. What sets us apart? We’ve built the most advanced location intelligenc"
a292b7a5f3726969,remotefirst,Principal Product Education Specialist,Precisely,United States,United States,True,Not disclosed,,,,,SAP mentioned,Technical / Development,Lead / Manager,Unspecified SAP,Agile / Scrum,,https://remotefirstjobs.com/companies/precisely/jobs/principal-product-education-specialist-820046,"Application and Interview Impersonation Notice: Impersonating another individual when applying for employment, and/or participating in an interview process to assist another individual in obtaining employment, with Precisely Software Incorporated (“Precisely”) is unlawful. If Precisely identifies such fraudulent conduct, then as applicable and to the extent permitted by law, the application will be rejected, an offer"
b7a47c29e04160f3,remotefirst,Clinical Data Manager II/Senior Clinical Data Manager,Precision Medicine Group,Poland,Poland,True,Disclosed,52188,78310,,,SAP mentioned,Data / Analytics,Lead / Manager,Unspecified SAP,English,,https://remotefirstjobs.com/companies/precision-medicine-group/jobs/clinical-data-manager-iisenior-clinical-data-manager-813427,"We are hiring a Clinical Data Manager II or Senior Clinical Data Manager to join our global team. We can consider candidates based in the UK, Poland, Hungary, Romania, Serbia or Slovakia. Position Summary: The Clinical Data Manager II/Senior Clinical Data Manager is responsible and manages all aspects of the clinical trial data management process from study start up to post database lock for assigned projects. Standa"
2261d8a9e9d2cc46,remotefirst,Clinical Data Manager II/Senior Clinical Data Manager,Precision Medicine Group,Worldwide / Not specified,Worldwide / Not specified,True,Not disclosed,,,,,SAP mentioned,Data / Analytics,Lead / Manager,Unspecified SAP,English,,https://remotefirstjobs.com/companies/precision-medicine-group/jobs/clinical-data-manager-iisenior-clinical-data-manager-813418,"We are hiring a Clinical Data Manager II or Senior Clinical Data Manager to join our global team. We can consider candidates based in the UK, Poland, Hungary, Romania, Serbia or Slovakia. Position Summary: The Clinical Data Manager II/Senior Clinical Data Manager is responsible and manages all aspects of the clinical trial data management process from study start up to post database lock for assigned projects. Standa"
94ae9fc37e4dda16,remotefirst,Clinical Data Manager II/Senior Clinical Data Manager,Precision Medicine Group,Worldwide / Not specified,Worldwide / Not specified,True,Not disclosed,,,,,SAP mentioned,Data / Analytics,Lead / Manager,Unspecified SAP,English,,https://remotefirstjobs.com/companies/precision-medicine-group/jobs/clinical-data-manager-iisenior-clinical-data-manager-813405,"We are hiring a Clinical Data Manager II or Senior Clinical Data Manager to join our global team. We can consider candidates based in the UK, Poland, Hungary, Romania, Serbia or Slovakia. Position Summary: The Clinical Data Manager II/Senior Clinical Data Manager is responsible and manages all aspects of the clinical trial data management process from study start up to post database lock for assigned projects. Standa"
72dd069e6348c2d1,remotefirst,Clinical Data Manager II/Senior Clinical Data Manager,Precision Medicine Group,Hungary,Hungary,True,Not disclosed,,,,,SAP mentioned,Data / Analytics,Lead / Manager,Unspecified SAP,English,,https://remotefirstjobs.com/companies/precision-medicine-group/jobs/clinical-data-manager-iisenior-clinical-data-manager-813404,"We are hiring a Clinical Data Manager II or Senior Clinical Data Manager to join our global team. We can consider candidates based in the UK, Poland, Hungary, Romania, Serbia or Slovakia. Position Summary: The Clinical Data Manager II/Senior Clinical Data Manager is responsible and manages all aspects of the clinical trial data management process from study start up to post database lock for assigned projects. Standa"
49364706ee9ce282,remotefirst,Senior Clinical Data Manager,Precision Medicine Group,China,China,True,Not disclosed,,,,,SAP mentioned,Data / Analytics,Lead / Manager,Unspecified SAP,English,,https://remotefirstjobs.com/companies/precision-medicine-group/jobs/senior-clinical-data-manager-739821,"Precision for Medicine is not your typical CRO. At Precision for Medicine we have brought together new technologies, expertise and operational scale to help the life sciences improve the speed, cost and success rate of bringing life-changing therapies to patients. What sets us apart is the way we integrate clinical trial execution with deep scientific knowledge, laboratory expertise and advanced data sciences. As our"
cfef6838f9229976,remotefirst,Senior Clinical Data Manager,Precision Medicine Group,Taiwan,Taiwan,True,Not disclosed,,,,,SAP mentioned,Data / Analytics,Lead / Manager,Unspecified SAP,English,,https://remotefirstjobs.com/companies/precision-medicine-group/jobs/senior-clinical-data-manager-739820,"Precision for Medicine is not your typical CRO. At Precision for Medicine we have brought together new technologies, expertise and operational scale to help the life sciences improve the speed, cost and success rate of bringing life-changing therapies to patients. What sets us apart is the way we integrate clinical trial execution with deep scientific knowledge, laboratory expertise and advanced data sciences. As our"
0be643cf130a4aec,remotefirst,Senior Clinical Data Manager (Mexico),Precision Medicine Group,Mexico,Mexico,True,Not disclosed,,,,,SAP mentioned,Data / Analytics,Lead / Manager,Unspecified SAP,English,,https://remotefirstjobs.com/companies/precision-medicine-group/jobs/senior-clinical-data-manager-mexico-816672,"We’re expanding our capabilities across Mexico, Brazil, Argentina, Colombia, Chile, and Peru, and we’re hiring a Senior Clinical Data Manager to help build the foundation of our clinical data operations in Mexico. The Senior Clinical Data Manager is responsible and manages all aspects of the clinical trial data management process from study start up to post database lock for assigned projects. Standard Operating Proc"
da9d7f06c61511fc,remotefirst,Cloud & Integration Engineer FedRAMP,ProSidian Consulting,United States,United States,True,Not disclosed,,,,,SAP module/technical requirement,Technical / Development,Mid / Unspecified,HCM / SuccessFactors,SuccessFactors,,https://remotefirstjobs.com/companies/prosidian-consulting/jobs/cloud-integration-engineer-fedramp-757416,Company Description ProSidian is a Management And Operations Consulting Services firm that focuses on providing value to clients through tailored solutions based on industry-leading practices. ProSidian provides enterprise services/solutions for Risk Management | Compliance | Business Process | IT Effectiveness | Engineering | Environmental | Sustainability | Human Capital. We help forward-thinking clients solve prob
731b876961dd391c,remotefirst,Data Architect,ProSidian Consulting,United States,United States,True,Not disclosed,,,,,SAP module/technical requirement,Architecture,Mid / Unspecified,HCM / SuccessFactors,SuccessFactors,,https://remotefirstjobs.com/companies/prosidian-consulting/jobs/data-architect-757450,Company Description ProSidian is a Management And Operations Consulting Services firm that focuses on providing value to clients through tailored solutions based on industry-leading practices. ProSidian provides enterprise services/solutions for Risk Management | Compliance | Business Process | IT Effectiveness | Engineering | Environmental | Sustainability | Human Capital. We help forward-thinking clients solve prob
4c2558ed51d5705c,remotefirst,E-Learning Developer,ProSidian Consulting,United States,United States,True,Not disclosed,,,,,SAP module/technical requirement,Technical / Development,Mid / Unspecified,HCM / SuccessFactors,SuccessFactors,,https://remotefirstjobs.com/companies/prosidian-consulting/jobs/elearning-developer-757408,Company Description ProSidian is a Management And Operations Consulting Services firm that focuses on providing value to clients through tailored solutions based on industry-leading practices. ProSidian provides enterprise services/solutions for Risk Management | Compliance | Business Process | IT Effectiveness | Engineering | Environmental | Sustainability | Human Capital. We help forward-thinking clients solve prob
3790d73d67ea0cf4,remotefirst,HR Tech Architect,ProSidian Consulting,United States,United States,True,Not disclosed,,,,,SAP module/technical requirement,Architecture,Mid / Unspecified,HCM / SuccessFactors,SuccessFactors,,https://remotefirstjobs.com/companies/prosidian-consulting/jobs/hr-tech-architect-757433,Company Description ProSidian is a Management And Operations Consulting Services firm that focuses on providing value to clients through tailored solutions based on industry-leading practices. ProSidian provides enterprise services/solutions for Risk Management | Compliance | Business Process | IT Effectiveness | Engineering | Environmental | Sustainability | Human Capital. We help forward-thinking clients solve prob
2534b83ab81996a3,remotefirst,LMS Functional Lead SME,ProSidian Consulting,United States,United States,True,Not disclosed,,,,,SAP module/technical requirement,Technical / Development,Lead / Manager,HCM / SuccessFactors,SuccessFactors,,https://remotefirstjobs.com/companies/prosidian-consulting/jobs/lms-functional-lead-sme-757413,Company Description ProSidian is a Management And Operations Consulting Services firm that focuses on providing value to clients through tailored solutions based on industry-leading practices. ProSidian provides enterprise services/solutions for Risk Management | Compliance | Business Process | IT Effectiveness | Engineering | Environmental | Sustainability | Human Capital. We help forward-thinking clients solve prob
0f5b98c9bf7950b5,remotefirst,LMS Specialist - LMS & Training Support,ProSidian Consulting,United States,United States,True,Not disclosed,,,,,SAP module/technical requirement,Technical / Development,Mid / Unspecified,HCM / SuccessFactors,SuccessFactors,,https://remotefirstjobs.com/companies/prosidian-consulting/jobs/lms-specialist-lms-training-support-757400,Company Description ProSidian is a Management And Operations Consulting Services firm that focuses on providing value to clients through tailored solutions based on industry-leading practices. ProSidian provides enterprise services/solutions for Risk Management | Compliance | Business Process | IT Effectiveness | Engineering | Environmental | Sustainability | Human Capital. We help forward-thinking clients solve prob
e11c6613f3d12ff1,remotefirst,LMS Specialist - LMS & Training Support,ProSidian Consulting,United States,United States,True,Not disclosed,,,,,SAP module/technical requirement,Technical / Development,Mid / Unspecified,HCM / SuccessFactors,SuccessFactors,,https://remotefirstjobs.com/companies/prosidian-consulting/jobs/lms-specialist-lms-training-support-756866,Company Description ProSidian is a Management And Operations Consulting Services firm that focuses on providing value to clients through tailored solutions based on industry-leading practices. ProSidian provides enterprise services/solutions for Risk Management | Compliance | Business Process | IT Effectiveness | Engineering | Environmental | Sustainability | Human Capital. We help forward-thinking clients solve prob
ba2cbd09b498962f,remotefirst,Program Manager,ProSidian Consulting,United States,United States,True,Not disclosed,,,,,SAP module/technical requirement,Project / Program,Lead / Manager,HCM / SuccessFactors,SuccessFactors,,https://remotefirstjobs.com/companies/prosidian-consulting/jobs/program-manager-757455,Company Description ProSidian is a Management And Operations Consulting Services firm that focuses on providing value to clients through tailored solutions based on industry-leading practices. ProSidian provides enterprise services/solutions for Risk Management | Compliance | Business Process | IT Effectiveness | Engineering | Environmental | Sustainability | Human Capital. We help forward-thinking clients solve prob
9076e10916d91892,remotefirst,Program Manager,ProSidian Consulting,United States,United States,True,Not disclosed,,,,,SAP module/technical requirement,Project / Program,Lead / Manager,HCM / SuccessFactors,SuccessFactors,,https://remotefirstjobs.com/companies/prosidian-consulting/jobs/program-manager-757424,Company Description ProSidian is a Management And Operations Consulting Services firm that focuses on providing value to clients through tailored solutions based on industry-leading practices. ProSidian provides enterprise services/solutions for Risk Management | Compliance | Business Process | IT Effectiveness | Engineering | Environmental | Sustainability | Human Capital. We help forward-thinking clients solve prob
ab2192d3f4855490,remotefirst,Program Manager Data Management & Business Intelligence,ProSidian Consulting,United States,United States,True,Not disclosed,,,,,SAP module/technical requirement,Project / Program,Lead / Manager,HCM / SuccessFactors,SuccessFactors,,https://remotefirstjobs.com/companies/prosidian-consulting/jobs/program-manager-data-management-business-intelligence-757476,Company Description ProSidian is a Management And Operations Consulting Services firm that focuses on providing value to clients through tailored solutions based on industry-leading practices. ProSidian provides enterprise services/solutions for Risk Management | Compliance | Business Process | IT Effectiveness | Engineering | Environmental | Sustainability | Human Capital. We help forward-thinking clients solve prob
687c8992196250c1,remotefirst,SAP SuccessFactors LMS Administrator,ProSidian Consulting,United States,United States,True,Not disclosed,,,,,Core SAP delivery role,Technical / Development,Mid / Unspecified,HCM / SuccessFactors,SuccessFactors,,https://remotefirstjobs.com/companies/prosidian-consulting/jobs/sap-successfactors-lms-administrator-757478,Company Description ProSidian is a Management And Operations Consulting Services firm that focuses on providing value to clients through tailored solutions based on industry-leading practices. ProSidian provides enterprise services/solutions for Risk Management | Compliance | Business Process | IT Effectiveness | Engineering | Environmental | Sustainability | Human Capital. We help forward-thinking clients solve prob
81eef5a06933f72e,remotefirst,ServiceNow SAP SuccessFactors Lead,ProSidian Consulting,United States,United States,True,Not disclosed,,,,,Core SAP delivery role,Technical / Development,Lead / Manager,HCM / SuccessFactors,SuccessFactors,,https://remotefirstjobs.com/companies/prosidian-consulting/jobs/servicenow-sap-successfactors-lead-757432,Company Description ProSidian is a Management And Operations Consulting Services firm that focuses on providing value to clients through tailored solutions based on industry-leading practices. ProSidian provides enterprise services/solutions for Risk Management | Compliance | Business Process | IT Effectiveness | Engineering | Environmental | Sustainability | Human Capital. We help forward-thinking clients solve prob
8f776bd0ae9b0167,remotefirst,Training & Adoption Specialist,ProSidian Consulting,United States,United States,True,Not disclosed,,,,,SAP module/technical requirement,Technical / Development,Mid / Unspecified,HCM / SuccessFactors,SuccessFactors,,https://remotefirstjobs.com/companies/prosidian-consulting/jobs/training-adoption-specialist-757458,Company Description ProSidian is a Management And Operations Consulting Services firm that focuses on providing value to clients through tailored solutions based on industry-leading practices. ProSidian provides enterprise services/solutions for Risk Management | Compliance | Business Process | IT Effectiveness | Engineering | Environmental | Sustainability | Human Capital. We help forward-thinking clients solve prob
bd50d665337e65c5,remotefirst,Senior Data Scientist (m/f/d),Project A,Germany,Germany,True,Not disclosed,,,,,SAP mentioned,Data / Analytics,Senior,Unspecified SAP,,,https://remotefirstjobs.com/companies/project-a/jobs/senior-data-scientist-mfd-827223,"About the Job As a key growth accelerator, A11 partners with Europe’s most ambitious startups and scaleups, corporates and SMBs to connect them with top-tier talent ready to make an impact. We’re looking for a Senior Data Scientist (m/f/d) in Credit & Risk Management to take ownership of the Smart Risk engine at the core of one of Europe’s leading B2B mobility and payment platforms. Our partner company serves custome"
c898f51e148c2ea7,remotefirst,Senior Solution Architect,Propel Software,Worldwide / Not specified,Worldwide / Not specified,True,Disclosed,185000,200000,,,SAP module/technical requirement,Architecture,Lead / Manager,Basis / Security,GRC / Security; Agile / Scrum,,https://remotefirstjobs.com/companies/propel-software/jobs/senior-solution-architect-821338,"COMPANY Propel Software transforms the way product companies work. Our product value management platform connects commercial and product teams to optimize decision making, drive process efficiencies, and engage customers with compelling products and experiences. Propel has a proven track record of improving product quality, speeding time to revenue and profit, and improving customer satisfaction. Recognized as a Delo"
65e4d74bce5ed4b2,remotefirst,Financial Reporting Accountant II,Protective Life,United States,United States,True,Disclosed,70000,94000,,,SAP module/technical requirement,Data / Analytics,Mid / Unspecified,S/4HANA,S/4HANA,,https://remotefirstjobs.com/companies/protective-life/jobs/financial-reporting-accountant-ii-826224,"The work we do has an impact on millions of lives, and you can be a part of it. We help protect our customers against life’s uncertainties. Regardless of where you work within the company, you’ll be helping provide protection and peace of mind when our customers need it most. Protective is seeking an analytical accounting professional to join our Financial Reporting team in our Birmingham, AL office. This role suppor"
b590da254a07dc10,remotefirst,Strategic Platform Administrator – SAP Role Administration,Protective Life,United States,United States,True,Disclosed,77000,94820,,,Core SAP delivery role,Basis / Security,Mid / Unspecified,Basis / Security; FI / CO / FICO,FICO; GRC / Security,,https://remotefirstjobs.com/companies/protective-life/jobs/strategic-platform-administrator-sap-role-administration-838067,"The work we do has an impact on millions of lives, and you can be a part of it. We help protect our customers against life’s uncertainties. Regardless of where you work within the company, you’ll be helping provide protection and peace of mind when our customers need it most. We are seeking a self-motivated and detail-oriented SAP Role Administrator to join our IT Operations Strategic Platform Administration team. Th"
930274d1a782cfa5,remotefirst,Network Operations Engineer,Protera,India,India,True,Not disclosed,,,,,SAP mentioned,Technical / Development,Senior,Unspecified SAP,,,https://remotefirstjobs.com/companies/protera/jobs/network-operations-engineer-829990,"Job title: Network Operations Engineer Experience Level: 4–6 Years Employment Type: Full-Time Work Location: Remote Shift: Rotational 24x7 NOC Operations About the company: Protera is a Great Place To Work® Certified™ in India. Protera Technologies, is a global Total IT Outsourcing Services Provider for SAP-centric organizations. The Company was formed in the mid-90s to provide comprehensive end-to-end IT solutions f"
98f1a7b430505ea7,remotefirst,SOC Analyst,Protera,India,India,True,Not disclosed,,,,,SAP module/technical requirement,Basis / Security,Mid / Unspecified,Basis / Security,GRC / Security,,https://remotefirstjobs.com/companies/protera/jobs/soc-analyst-832042,"Job title: SOC Analyst Employment Type: Full-Time Work Location: Remote Shift: Rotational About the company: Protera is a Great Place To Work® Certified™ in India. Protera Technologies, is a global Total IT Outsourcing Services Provider for SAP-centric organizations. The Company was formed in the mid-90s to provide comprehensive end-to-end IT solutions for customers with SAP in the core of their IT resources. Protera"
1234078bc5708c7e,remotefirst,Senior SAP Architect,Protera,United States,United States,True,Not disclosed,,,,,Core SAP delivery role,Architecture,Senior,S/4HANA; ABAP / Development; BTP / Integration; Fiori / UI5; HANA / Data; FI / CO / FICO; SD / Sales,ABAP; S/4HANA; SAP HANA; SAP BTP; SAPUI5 / UI5; OData; CDS Views; RAP / CAP; IDoc; FICO; SAP SD,,https://remotefirstjobs.com/companies/protera/jobs/senior-sap-architect-711669,"About Protera Welcome to Protera Technologies, where we’re reimagining how SAP-centric organizations work in the cloud. Since 1998, we’ve been pioneers in bringing SAP and related applications to the cloud—think Microsoft Azure and AWS. Our global crew, spanning the US with offices in Chicago (HQ), Athens, Greece, Barcelona, Spain and Mumbai, India, is on a mission to make IT smoother, faster, and more fun for our cl"
baebf438035c1994,remotefirst,Senior SAP Basis Architect,Protera,India,India,True,Not disclosed,,,,,Core SAP delivery role,Architecture,Senior,S/4HANA; BTP / Integration; Basis / Security; HANA / Data,S/4HANA; SAP HANA; SAP BTP; SAP BW / BI,,https://remotefirstjobs.com/companies/protera/jobs/senior-sap-basis-architect-822167,"Job Title: Senior SAP Basis Architect Shift Timing: Europe Shift Work Location: Mumbai/Remote About the company: Protera is a Great Place To Work® Certified™ in India. Protera Technologies, is a global Total IT Outsourcing Services Provider for SAP-centric organizations. The Company was formed in the mid-90s to provide comprehensive end-to-end IT solutions for customers with SAP in the core of their IT resources. Pro"
63d99c213997d1b4,remotefirst,Senior SAP Engineer - Core,Protera,United States,United States,True,Not disclosed,,,,,Core SAP delivery role,Basis / Security,Senior,S/4HANA; ABAP / Development; BTP / Integration; Fiori / UI5; Basis / Security,ABAP; S/4HANA; SAP BTP; SAP Fiori; SAPUI5 / UI5; CPI / Integration Suite; OData; CDS Views; RAP / CAP; GRC / Security,,https://remotefirstjobs.com/companies/protera/jobs/senior-sap-engineer-core-711627,"About Protera Welcome to Protera Technologies, where we’re reimagining how SAP-centric organizations work in the cloud. Since 1998, we’ve been pioneers in bringing SAP and related applications to the cloud—think Microsoft Azure and AWS. Our global crew, spanning the US with offices in Chicago (HQ), Athens, Greece, Barcelona, Spain and Mumbai, India, is on a mission to make IT smoother, faster, and more fun for our cl"
018560449d8f561b,remotefirst,Senior SAP Engineer - Platform,Protera,Spain,Spain,True,Not disclosed,,,,,Core SAP delivery role,Basis / Security,Senior,S/4HANA; BTP / Integration; Basis / Security; HANA / Data,S/4HANA; SAP HANA; SAP BTP; GRC / Security,,https://remotefirstjobs.com/companies/protera/jobs/senior-sap-engineer-platform-711651,"About Protera Welcome to Protera Technologies, where we’re reimagining how SAP-centric organizations work in the cloud. Since 1998, we’ve been pioneers in bringing SAP and related applications to the cloud—think Microsoft Azure and AWS. Our global crew, spanning the US with offices in Chicago (HQ), Athens, Greece, Barcelona, Spain and Mumbai, India, is on a mission to make IT smoother, faster, and more fun for our cl"
496c9bfa3eba7d77,remotefirst,Assistant Product Manager,Public Group,Greece,Greece,True,Not disclosed,,,,,SAP mentioned,Support / Operations,Lead / Manager,Unspecified SAP,English,,https://remotefirstjobs.com/companies/public-group/jobs/assistant-product-manager-826105,"The organization Why Join Us? It’s More Than a Job in Retail, It’s Your Story. At Public Group, we believe in the power of our people in a sustainable way. That’s why we’re not just focused on what you do, but who you become. We’re committed to fueling your growth, because when you win, we all win. Imagine a place where you feel supported, valued, and empowered to make a real difference. A place where you can build a"
58d5320ae5d08aca,remotefirst,Assistant Product Manager Books & Music,Public Group,Greece,Greece,True,Not disclosed,,,,,SAP mentioned,Data / Analytics,Lead / Manager,Unspecified SAP,English,,https://remotefirstjobs.com/companies/public-group/jobs/assistant-product-manager-books-music-833534,"The organization Why Join Us? It’s More Than a Job in Retail, It’s Your Story. At Public Group, we believe in the power of our people in a sustainable way. That’s why we’re not just focused on what you do, but who you become. We’re committed to fueling your growth, because when you win, we all win. Imagine a place where you feel supported, valued, and empowered to make a real difference. A place where you can build a"
0de79d2550214582,remotefirst,Financial Analyst,Public Group,Greece,Greece,True,Not disclosed,,,,,SAP mentioned,Data / Analytics,Mid / Unspecified,Unspecified SAP,English,,https://remotefirstjobs.com/companies/public-group/jobs/financial-analyst-835235,"At Public Group, we believe in the power of our people in a sustainable way. That’s why we’re not just focused on what you do, but who youbecome. We’re committed to fueling your growth, because when you win, we all win. Imagine a place where you feel supported, valued, and empowered to make a real difference. A place where you can build a career you love, to leave your mark in our story ! Public Group strategically i"
0a39649cac2711d2,remotefirst,Junior Inventory Planner,Public Group,Greece,Greece,True,Not disclosed,,,,,SAP mentioned,Data / Analytics,Junior,Unspecified SAP,English,,https://remotefirstjobs.com/companies/public-group/jobs/junior-inventory-planner-838297,"The organization Why Join Us? It’s More Than a Job in Retail, It’s Your Story. At Public Group , we believe in the power of our people in a sustainable way. That’s why we’re not just focused on what you do, but who you become. We’re committed to fueling your growth, because when you win, we all win. Imagine a place where you feel supported, valued, and empowered to make a real difference. A place where you can build "
8835657dfb371e3e,remotefirst,Junior Product Manager,Public Group,Greece,Greece,True,Not disclosed,,,,,SAP mentioned,Support / Operations,Junior,Unspecified SAP,English,,https://remotefirstjobs.com/companies/public-group/jobs/junior-product-manager-826156,"The organization Why Join Us? It’s More Than a Job in Retail, It’s Your Story. At Public Group, we believe in the power of our people in a sustainable way. That’s why we’re not just focused on what you do, but who you become. We’re committed to fueling your growth, because when you win, we all win. Imagine a place where you feel supported, valued, and empowered to make a real difference. A place where you can build a"
1a6ba584abfdf47c,remotefirst,Product Manager Music,Public Group,Greece,Greece,True,Not disclosed,,,,,SAP mentioned,Data / Analytics,Lead / Manager,Unspecified SAP,English,,https://remotefirstjobs.com/companies/public-group/jobs/product-manager-music-833530,"The Organization Why Join Us? It’s More Than a Job in Retail, It’s Your Story. At Public Group, we believe in the power of our people in a sustainable way. That’s why we’re not just focused on what you do, but who you become. We’re committed to fueling your growth, because when you win, we all win. Imagine a place where you feel supported, valued, and empowered to make a real difference. A place where you can build a"
047f01e5f4dea68a,remotefirst,Product Manager TV,Public Group,Greece,Greece,True,Not disclosed,,,,,SAP mentioned,Support / Operations,Lead / Manager,Unspecified SAP,English,,https://remotefirstjobs.com/companies/public-group/jobs/product-manager-tv-834181,"The organization Why Join Us? It’s More Than a Job in Retail, It’s Your Story. At Public Group, we believe in the power of our people in a sustainable way. That’s why we’re not just focused on what you do, but who you become. We’re committed to fueling your growth, because when you win, we all win. Imagine a place where you feel supported, valued, and empowered to make a real difference. A place where you can build a"
e80dea5009870fea,remotefirst,Product Manager Tablets,Public Group,Greece,Greece,True,Not disclosed,,,,,SAP mentioned,Other SAP-Related,Lead / Manager,Unspecified SAP,,,https://remotefirstjobs.com/companies/public-group/jobs/product-manager-tablets-804279,"Ο οργανισμός Γιατί να έρθεις σε εμάς; Είναι κάτι περισσότερο από μια δουλειά στο retail — είναι η δική σου ιστορία. Στον Public Group πιστεύουμε στη δύναμη των ανθρώπων μας με βιώσιμο τρόπο. Γι’ αυτό δεν εστιάζουμε μόνο στο τι κάνεις, αλλά και στο ποιος εξελίσσεσαι να γίνεις. Δεσμευόμαστε να ενισχύουμε την ανάπτυξή σου, γιατί όταν κερδίζεις εσύ, κερδίζουμε όλοι. Φαντάσου ένα περιβάλλον όπου νιώθεις υποστήριξη, εκτίμη"
946b1c11e7769fcc,remotefirst,SAP ABAP Developer,Public Group,Greece,Greece,True,Not disclosed,,,,,Core SAP delivery role,Technical / Development,Mid / Unspecified,ABAP / Development; BTP / Integration,ABAP; PI/PO; English,,https://remotefirstjobs.com/companies/public-group/jobs/sap-abap-developer-803483,"Public Group strategically invests to create an ecosystem of innovative scaleups around its Omnichannel Retail business, with the objective to provide exciting customer experiences and foster Entrepreneurship in Greece. We bring together technology, talent & entrepreneurship to create value in the Greek market. Our role is to help our subsidiaries or investee companies grow and their founders to succeed through capit"
a945f8a353996223,remotefirst,SAP Consultant,Public Group,Greece,Greece,True,Not disclosed,,,,,Core SAP delivery role,Technical / Development,Mid / Unspecified,ABAP / Development; FI / CO / FICO,ABAP; FICO; English,,https://remotefirstjobs.com/companies/public-group/jobs/sap-consultant-744249,"Public Group strategically invests to create an ecosystem of innovative scaleups around its Omnichannel Retail business, with the objective to provide exciting customer experiences and foster Entrepreneurship in Greece. We bring together technology, talent & entrepreneurship to create value in the Greek market. Our role is to help our subsidiaries or investee companies grow and their founders to succeed through capit"
645ba060aa0255cd,remotefirst,Treasury Analyst,Public Group,Greece,Greece,True,Not disclosed,,,,,SAP mentioned,Functional Consulting,Mid / Unspecified,Unspecified SAP,English,,https://remotefirstjobs.com/companies/public-group/jobs/treasury-analyst-803128,"The organization Why Join Us? It’s More Than a Job in Retail, It’s Your Story. At Public Group , we believe in the power of our people in a sustainable way. That’s why we’re not just focused on what you do, but who you become. We’re committed to fueling your growth, because when you win, we all win. Imagine a place where you feel supported, valued, and empowered to make a real difference. A place where you can build "
9346b3845c594ef3,remotefirst,Assistant Controller - 878,Quantinuum,United States,United States,True,Disclosed,136000,170000,,,SAP module/technical requirement,Data / Analytics,Lead / Manager,HANA / Data,SAP HANA,,https://remotefirstjobs.com/companies/quantinuum/jobs/assistant-controller-878-821552,"We are seeking an Assistant Controller for our Broomfield, CO, or Brooklyn Park, MN, location. Quantinuum believes that employees work better, more efficiently, and more collaboratively in close proximity to other employees, where ideas can be exchanged readily, and decisions can be made more quickly for the benefit of the Company and our customers. All employees should work at their assigned location; however, this "
9797a29d6f731868,remotefirst,Sr. Procurement Buyer - 872,Quantinuum,United States,United States,True,Disclosed,92000,116000,,,SAP mentioned,Data / Analytics,Senior,Unspecified SAP,,,https://remotefirstjobs.com/companies/quantinuum/jobs/sr-procurement-buyer-872-817846,"We are seeking a Sr. Procurement Buyer in our Broomfield, CO, location. Quantinuum believes that employees work better, more efficiently, and more collaboratively in close proximity to other employees, where ideas can be exchanged readily, and decisions can be made more quickly for the benefit of the Company and our customers. All employees should work at their assigned location; however, this role may offer the oppo"
64bd186ee75eb2ae,remotefirst,Global Payroll Implementation Country Lead,Remote,Germany,Germany; Austria; Switzerland,True,Disclosed,83390,93777,,,SAP mentioned,Data / Analytics,Lead / Manager,Unspecified SAP,English,,https://remotefirstjobs.com/companies/remote/jobs/global-payroll-implementation-country-lead-800214,"About Remote Remote is solving modern organizations’ biggest challenge – navigating global employment compliantly with ease. We make it possible for businesses of all sizes to recruit, pay, and manage international teams. With our core values at heart and future focused work culture, our team works tirelessly on ambitious problems, asynchronously, around the world. You can find Remoters working from 6 different conti"
c0ff7e4039539543,remotefirst,Global Payroll Implementation Country Lead,Remote,Worldwide / Not specified,Worldwide / Not specified,True,Disclosed,83390,93777,,,SAP mentioned,Data / Analytics,Lead / Manager,Unspecified SAP,English,,https://remotefirstjobs.com/companies/remote/jobs/global-payroll-implementation-country-lead-800206,"About Remote Remote is solving modern organizations’ biggest challenge – navigating global employment compliantly with ease. We make it possible for businesses of all sizes to recruit, pay, and manage international teams. With our core values at heart and future focused work culture, our team works tirelessly on ambitious problems, asynchronously, around the world. You can find Remoters working from 6 different conti"
6678f4c4fe1cb995,remotefirst,Payroll Lead Implementations,Remote,Finland,Finland,True,Disclosed,48418,108941,,,SAP mentioned,Data / Analytics,Lead / Manager,Unspecified SAP,English,,https://remotefirstjobs.com/companies/remote/jobs/payroll-lead-implementations-807877,"About Remote Remote is solving modern organizations’ biggest challenge – navigating global employment compliantly with ease. We make it possible for businesses of all sizes to recruit, pay, and manage international teams. With our core values at heart and future focused work culture, our team works tirelessly on ambitious problems, asynchronously, around the world. You can find Remoters working from 6 different conti"
7a8a320c81f7ad6f,remotefirst,Payroll Lead Implementations,Remote,Denmark,Denmark,True,Disclosed,48418,108941,,,SAP mentioned,Data / Analytics,Lead / Manager,Unspecified SAP,English,,https://remotefirstjobs.com/companies/remote/jobs/payroll-lead-implementations-807835,"About Remote Remote is solving modern organizations’ biggest challenge – navigating global employment compliantly with ease. We make it possible for businesses of all sizes to recruit, pay, and manage international teams. With our core values at heart and future focused work culture, our team works tirelessly on ambitious problems, asynchronously, around the world. You can find Remoters working from 6 different conti"
1d0f28fd06cb7bc2,remotefirst,Payroll Lead Implementations,Remote,Norway,Norway,True,Disclosed,48418,108941,,,SAP mentioned,Data / Analytics,Lead / Manager,Unspecified SAP,English,,https://remotefirstjobs.com/companies/remote/jobs/payroll-lead-implementations-807828,"About Remote Remote is solving modern organizations’ biggest challenge – navigating global employment compliantly with ease. We make it possible for businesses of all sizes to recruit, pay, and manage international teams. With our core values at heart and future focused work culture, our team works tirelessly on ambitious problems, asynchronously, around the world. You can find Remoters working from 6 different conti"
c106712d5d2937b6,remotefirst,Payroll Lead Implementations,Remote,Norway,Norway,True,Disclosed,48779,109754,,,SAP mentioned,Data / Analytics,Lead / Manager,Unspecified SAP,English,,https://remotefirstjobs.com/companies/remote/jobs/payroll-lead-implementations-784371,"About Remote Remote is solving modern organizations’ biggest challenge – navigating global employment compliantly with ease. We make it possible for businesses of all sizes to recruit, pay, and manage international teams. With our core values at heart and future focused work culture, our team works tirelessly on ambitious problems, asynchronously, around the world. You can find Remoters working from 6 different conti"
030644ed4df22d78,remotefirst,Payroll Lead Implementations,Remote,Norway,Norway,True,Disclosed,48665,109497,,,SAP mentioned,Data / Analytics,Lead / Manager,Unspecified SAP,English,,https://remotefirstjobs.com/companies/remote/jobs/payroll-lead-implementations-775081,"About Remote Remote is solving modern organizations’ biggest challenge – navigating global employment compliantly with ease. We make it possible for businesses of all sizes to recruit, pay, and manage international teams. With our core values at heart and future focused work culture, our team works tirelessly on ambitious problems, asynchronously, around the world. You can find Remoters working from 6 different conti"
e54666fde4a65c5f,remotefirst,Payroll Lead Implementations,Remote,Denmark,Denmark,True,Disclosed,48665,109497,,,SAP mentioned,Data / Analytics,Lead / Manager,Unspecified SAP,English,,https://remotefirstjobs.com/companies/remote/jobs/payroll-lead-implementations-775080,"About Remote Remote is solving modern organizations’ biggest challenge – navigating global employment compliantly with ease. We make it possible for businesses of all sizes to recruit, pay, and manage international teams. With our core values at heart and future focused work culture, our team works tirelessly on ambitious problems, asynchronously, around the world. You can find Remoters working from 6 different conti"
64e4e8914c362911,remotefirst,Payroll Lead Implementations,Remote,Denmark,Denmark,True,Disclosed,48117,108264,,,SAP mentioned,Data / Analytics,Lead / Manager,Unspecified SAP,English,,https://remotefirstjobs.com/companies/remote/jobs/payroll-lead-implementations-752955,"About Remote Remote is solving modern organizations’ biggest challenge – navigating global employment compliantly with ease. We make it possible for businesses of all sizes to recruit, pay, and manage international teams. With our core values at heart and future focused work culture, our team works tirelessly on ambitious problems, asynchronously, around the world. You can find Remoters working from 6 different conti"
90119e8433274653,remotefirst,"Payroll Lead, Implementations - Denmark (Nordics)",Remote,Denmark,Denmark,True,Disclosed,47344,106525,,,SAP mentioned,Data / Analytics,Lead / Manager,Unspecified SAP,English,,https://remotefirstjobs.com/companies/remote/jobs/payroll-lead-implementations-denmark-nordics-832965,"About Remote Remote is solving modern organizations’ biggest challenge – navigating global employment compliantly with ease. We make it possible for businesses of all sizes to recruit, pay, and manage international teams. With our core values at heart and future focused work culture, our team works tirelessly on ambitious problems, asynchronously, around the world. You can find Remoters working from 6 different conti"
a13da2f27be485cd,remotefirst,"Payroll Lead, Implementations - Denmark (Nordics)",Remote,Norway,Norway,True,Disclosed,48175,108395,,,SAP mentioned,Data / Analytics,Lead / Manager,Unspecified SAP,English,,https://remotefirstjobs.com/companies/remote/jobs/payroll-lead-implementations-denmark-nordics-824246,"About Remote Remote is solving modern organizations’ biggest challenge – navigating global employment compliantly with ease. We make it possible for businesses of all sizes to recruit, pay, and manage international teams. With our core values at heart and future focused work culture, our team works tirelessly on ambitious problems, asynchronously, around the world. You can find Remoters working from 6 different conti"
0a8f0d5eb1c1fc65,remotefirst,"Payroll Lead, Implementations - Denmark (Nordics)",Remote,Sweden,Sweden,True,Disclosed,48175,108395,,,SAP mentioned,Data / Analytics,Lead / Manager,Unspecified SAP,English,,https://remotefirstjobs.com/companies/remote/jobs/payroll-lead-implementations-denmark-nordics-824237,"About Remote Remote is solving modern organizations’ biggest challenge – navigating global employment compliantly with ease. We make it possible for businesses of all sizes to recruit, pay, and manage international teams. With our core values at heart and future focused work culture, our team works tirelessly on ambitious problems, asynchronously, around the world. You can find Remoters working from 6 different conti"
3d24fd89b6885d67,remotefirst,"Payroll Lead, Implementations - Denmark (Nordics)",Remote,Finland,Finland,True,Disclosed,48175,108395,,,SAP mentioned,Data / Analytics,Lead / Manager,Unspecified SAP,English,,https://remotefirstjobs.com/companies/remote/jobs/payroll-lead-implementations-denmark-nordics-824230,"About Remote Remote is solving modern organizations’ biggest challenge – navigating global employment compliantly with ease. We make it possible for businesses of all sizes to recruit, pay, and manage international teams. With our core values at heart and future focused work culture, our team works tirelessly on ambitious problems, asynchronously, around the world. You can find Remoters working from 6 different conti"
740036e699282a5b,remotefirst,Payroll Specialist Lead,Remote,Worldwide / Not specified,Worldwide / Not specified,True,Disclosed,33300,84250,,,SAP mentioned,Data / Analytics,Lead / Manager,Unspecified SAP,English,,https://remotefirstjobs.com/companies/remote/jobs/payroll-specialist-lead-737506,"About Remote Remote is solving modern organizations’ biggest challenge – navigating global employment compliantly with ease. We make it possible for businesses of all sizes to recruit, pay, and manage international teams. With our core values at heart and future focused work culture, our team works tirelessly on ambitious problems, asynchronously, around the world. You can find Remoters working from 6 different conti"
c6e5ff765070e868,remotefirst,Payroll Specialist Lead,Remote,Denmark,Denmark,True,Disclosed,33300,84250,,,SAP mentioned,Data / Analytics,Lead / Manager,Unspecified SAP,English,,https://remotefirstjobs.com/companies/remote/jobs/payroll-specialist-lead-737385,"About Remote Remote is solving modern organizations’ biggest challenge – navigating global employment compliantly with ease. We make it possible for businesses of all sizes to recruit, pay, and manage international teams. With our core values at heart and future focused work culture, our team works tirelessly on ambitious problems, asynchronously, around the world. You can find Remoters working from 6 different conti"
92f190c4de051448,remotefirst,Payroll Specialist Lead - Japan,Remote,Japan,Japan,True,Disclosed,53231,60040,,,SAP mentioned,Data / Analytics,Lead / Manager,Unspecified SAP,English,,https://remotefirstjobs.com/companies/remote/jobs/payroll-specialist-lead-japan-829212,"About Remote Remote is solving modern organizations’ biggest challenge – navigating global employment compliantly with ease. We make it possible for businesses of all sizes to recruit, pay, and manage international teams. With our core values at heart and future focused work culture, our team works tirelessly on ambitious problems, asynchronously, around the world. You can find Remoters working from 6 different conti"
c1456d29b5d71d75,remotefirst,Payroll Specialist Lead - Japan (Individual Contributor),Remote,Japan,Japan,True,Disclosed,53231,60040,,,SAP mentioned,Data / Analytics,Lead / Manager,Unspecified SAP,English,,https://remotefirstjobs.com/companies/remote/jobs/payroll-specialist-lead-japan-individual-contributor-829204,"About Remote Remote is solving modern organizations’ biggest challenge – navigating global employment compliantly with ease. We make it possible for businesses of all sizes to recruit, pay, and manage international teams. With our core values at heart and future focused work culture, our team works tirelessly on ambitious problems, asynchronously, around the world. You can find Remoters working from 6 different conti"
c0707cb3c3ff8243,remotefirst,Assistant Controller,Rover.com,United States,United States,True,Disclosed,140761,179228,,,SAP module/technical requirement,Technical / Development,Mid / Unspecified,ABAP / Development,RAP / CAP,,https://remotefirstjobs.com/companies/rovercom/jobs/assistant-controller-817482,"Who We Are: At Rover, pets and their people are at the heart of everything we do. We connect pet parents with trusted pet care across the U.S., Canada, Europe, and Australia. Headquartered in Seattle and Barcelona, we’re a values driven, fast-growing tech company focused on building safe and personalized experiences tailored to the needs of each unique pet. We’re investing in AI as a business accelerator and provide "
57334b88da240454,remotefirst,AI Engineer,SAP Fioneer,India,India,True,Not disclosed,,,,,SAP module/technical requirement,Technical / Development,Lead / Manager,ABAP / Development,ABAP,,https://remotefirstjobs.com/companies/sap-fioneer/jobs/ai-engineer-827178,"About SAP Fioneer At SAP Fioneer, innovation drives everything we do. Spun out from SAP, we combine agility, cutting-edge delivery, and financial services expertise to build the next generation of banking and Insurance software. Our mission: Enable insurers to achieve speed, scalability, and cost-efficiency through digital innovation, cloud-native technology, and solutions that cover core banking processes end-to-end"
fdaba4e5c705b94f,remotefirst,Graduates Lending Solutions,SAP Fioneer,Germany,Germany,True,Not disclosed,,,,,SAP mentioned,Other SAP-Related,Entry / Intern,Unspecified SAP,,,https://remotefirstjobs.com/companies/sap-fioneer/jobs/graduates-lending-solutions-736142,"Welcome future financial experts! At SAP Fioneer we believe in building the future of financial services. Join us on a transformative journey as a part of our Graduate Program L.I.F.T = Level up in Fioneer Technology! You will embark on a journey to kickstart your career within a global software company with a start-up mentality. Here, you’ll be tackling real tasks and contributing to impactful projects within our Le"
3021cc8bb67245ed,remotefirst,Java Full Stack Cloud Native Developer,SAP Fioneer,India,India,True,Not disclosed,,,,,SAP module/technical requirement,Technical / Development,Mid / Unspecified,BTP / Integration; Fiori / UI5,SAP BTP; SAPUI5 / UI5,,https://remotefirstjobs.com/companies/sap-fioneer/jobs/java-full-stack-cloud-native-developer-792870,"Be part of us Innovation is and will always be the core of SAP Fioneer. SAP Fioneer builds on a heritage of outstanding technology and a deep understanding of corporate and consumer demands. At the heart of it all it is simple: We bring financial services to the next level with innovative software solutions and platforms. We are empowering companies in the financial services industry to achieve speed, scalability, an"
3819f20e6e1a3ad3,remotefirst,Junior Technical Services SAP Module Expert,SAP Fioneer,Germany,Germany,True,Not disclosed,,,,,SAP-titled role,Support / Operations,Junior,Unspecified SAP,Agile / Scrum; English; German,,https://remotefirstjobs.com/companies/sap-fioneer/jobs/junior-technical-services-sap-module-expert-748620,"Welcome future financial services experts! Innovation is and will always be the core of SAP Fioneer, and it is the promise of why we were spun out of SAP: agility, innovation, and delivery. SAP Fioneer builds on a heritage of outstanding technology and a deep understanding of corporate and consumer demands. At the heart of it all it is simple: We bring financial services to the next level with innovative software sol"
ee432e630ef8dba5,remotefirst,Lending Solutions Expert,SAP Fioneer,Germany,Germany,True,Not disclosed,,,,,SAP module/technical requirement,Data / Analytics,Senior,FI / CO / FICO,English; German,,https://remotefirstjobs.com/companies/sap-fioneer/jobs/lending-solutions-expert-753913,"Innovation is and will always be the core of SAP Fioneer, and it is the promise of why we were spun out of SAP: agility, innovation, and delivery. SAP Fioneer builds on a heritage of outstanding technology and a deep understanding of corporate and consumer demands. At the heart of it all it is simple: We bring financial services to the next level with innovative software solutions and platforms. We are helping compan"
b2ee100d75d7286b,remotefirst,SAP SuccessFactors Consultant (Full-Time/Part-time Role),SAP Fioneer,Romania,Romania,True,Not disclosed,,,,,Core SAP delivery role,Data / Analytics,Mid / Unspecified,HCM / SuccessFactors,SuccessFactors; English,,https://remotefirstjobs.com/companies/sap-fioneer/jobs/sap-successfactors-consultant-fulltimeparttime-role-824092,"Innovation is and will always be the core to SAP Fioneer, and it is the promise of why we were spun out of SAP: agility, innovation, and delivery. SAP Fioneer builds on a heritage of outstanding technology and a deep understanding of corporate and consumer demands. At the heart of it all it is simple: We bring financial services to the next level with innovative software solutions and platforms. We are helping compan"
146953c0fd6b3869,remotefirst,Senior Consultant Financial Services Transformation,SAP Fioneer,Germany,Germany,True,Not disclosed,,,,,SAP mentioned,Technical / Development,Senior,Unspecified SAP,German,,https://remotefirstjobs.com/companies/sap-fioneer/jobs/senior-consultant-financial-services-transformation-744272,"Overview Innovation has always been at the heart of what we do in the financial services world: delivering speed, results, and tangible impact for our clients. At the SAP Fioneer Group, we combine deep industry insight with technology and platform expertise to support banks in their digital transformation. okadis Consulting GmbH is the group’s consulting unit in Germany—with many years of expertise in banking process"
ad92d17ac4a0ce98,remotefirst,Senior Consultant Lending,SAP Fioneer,Germany,Germany,True,Not disclosed,,,,,SAP module/technical requirement,Functional Consulting,Senior,S/4HANA,S/4HANA; Agile / Scrum; English; German,,https://remotefirstjobs.com/companies/sap-fioneer/jobs/senior-consultant-lending-750820,"Innovation is and will always be the core of SAP Fioneer, and it is the promise of why we were spun out of SAP: agility, innovation, and delivery. SAP Fioneer builds on a heritage of outstanding technology and a deep understanding of corporate and consumer demands. At the heart of it all it is simple: We bring financial services to the next level with innovative software solutions and platforms. We are helping financ"
c3f8bbf2adc1b3ce,remotefirst,Senior Consultant SAP Banking,SAP Fioneer,Germany,Germany,True,Not disclosed,,,,,Core SAP delivery role,Technical / Development,Senior,S/4HANA; BTP / Integration,S/4HANA; SAP BTP; CPI / Integration Suite; OData; German,,https://remotefirstjobs.com/companies/sap-fioneer/jobs/senior-consultant-sap-banking-744278,"Overview Innovation has always been at the heart of what we do in the financial services world: delivering speed, results, and tangible impact for our clients. At the SAP Fioneer Group, we combine deep industry insight with technology and platform expertise to support banks in their digital transformation. okadis Consulting GmbH is the group’s consulting unit in Germany—with many years of expertise in banking process"
679e9bd7f5365234,remotefirst,Senior Manager Financial Services Transformation,SAP Fioneer,Germany,Germany,True,Not disclosed,,,,,SAP module/technical requirement,Technical / Development,Lead / Manager,FI / CO / FICO,English; German,,https://remotefirstjobs.com/companies/sap-fioneer/jobs/senior-manager-financial-services-transformation-744299,"Overview Innovation has always been at the heart of what we do in the financial services world: delivering speed, results, and tangible impact for our clients. At the SAP Fioneer Group, we combine deep industry insight with technology and platform expertise to support banks in their digital transformation. okadis Consulting GmbH is the group’s consulting unit in Germany—with many years of expertise in banking process"
4e19dc4a551e7a3e,remotefirst,Test Automation Engineer,SAP Fioneer,Romania,Romania,True,Not disclosed,,,,,SAP mentioned,Technical / Development,Mid / Unspecified,Unspecified SAP,Agile / Scrum; English; German,,https://remotefirstjobs.com/companies/sap-fioneer/jobs/test-automation-engineer-804272,"The Test Automation Engineer is responsible for designing, implementing, and maintaining manual and automated testing solutions that ensure the quality, reliability, and performance of software products in Core Banking. The role combines strong technical expertise with a quality‑driven mindset and supports the development teams in integrating automated tests early and continuously into the software development lifecy"
e2e66ccbcb51d464,remotefirst,Financial Reporting Manager,SB Energy,United States,United States,True,Disclosed,140000,165000,,,SAP mentioned,Data / Analytics,Lead / Manager,Unspecified SAP,,,https://remotefirstjobs.com/companies/sb-energy/jobs/financial-reporting-manager-797678,"Do you want to work with high caliber professionals in a dynamic and growing company? Are you entrepreneurial, hard-working, and collegial? Join us at SB Energy, a leading company backed by SoftBank and Ares pairing cutting-edge innovation with best-in-class execution. Our Mission is to provide reliable, affordable energy at scale to support America’s growing energy demands. Headquartered in Redwood City, CA, SB Ener"
ece2447670468bad,remotefirst,Quality Analysis Engineer,SMA America,Worldwide / Not specified,Worldwide / Not specified,True,Disclosed,110000,130000,,,SAP mentioned,Technical / Development,Senior,Unspecified SAP,English; German,,https://remotefirstjobs.com/companies/sma-america/jobs/quality-analysis-engineer-740922,"Why Work at SMA America At SMA America , we believe in Energy that Changes . Since 1981, we’ve been developing innovative solar technology that simplifies, secures, and enhances the performance of photovoltaic systems — all while pushing the boundaries of what’s possible in clean energy. But we’re not just transforming power — we’re empowering people. We’ve built a culture where bold ideas are welcomed, collaboration"
c7fd0c7db327541a,remotefirst,Shopify Back-end Developer,SQLI,Belgium,Belgium,True,Not disclosed,,,,,SAP mentioned,Technical / Development,Mid / Unspecified,Unspecified SAP,,,https://remotefirstjobs.com/companies/sqli/jobs/shopify-backend-developer-822545,"Company Description We Elevate. Digitally. SQLI is a European player and market leader in customer experience and digital transformation, helping major international brands create value through technology and digital innovation. From strategy to the effective implementationof technological solutions, we design and build robust, high-performance architectures and engaging digital experiences, combining advanced techno"
fe0e55b585c1f2b5,remotefirst,Customer Service Manager - eCommerce,Salomon,United States,United States,True,Not disclosed,,,,,SAP mentioned,Data / Analytics,Lead / Manager,Unspecified SAP,,,https://remotefirstjobs.com/companies/salomon/jobs/customer-service-manager-ecommerce-815583,"Company Description Amer Sports is a sporting goods company with internationally recognized brands including Salomon, Arc’teryx, Peak Performance, Atomic and Wilson. “The Mountain Sport Company”, Salomon was born in 1947 in the heart of the French Alps and the birthplace of modern alpinism. Salomon’s commitment to innovative design and passion for mountain sports created a vast range of revolutionary new concepts in "
c7aaaae4a832aa51,remotefirst,Senior Business Technology Product Manager- Supply Chain,Samsara,United States,United States,True,Disclosed,131197,198450,,,SAP mentioned,Technical / Development,Lead / Manager,Unspecified SAP,Agile / Scrum,,https://remotefirstjobs.com/companies/samsara/jobs/senior-business-technology-product-manager-supply-chain-830164,"Who we are Samsara (NYSE: IOT) is the pioneer of the Connected Operations™ Cloud, which is a platform that enables organizations that depend on physical operations to harness Internet of Things (IoT) data to develop actionable insights and improve their operations. At Samsara, we are helping improve the safety, efficiency and sustainability of the physical operations that power our global economy. Representing more t"
8d9fe474d758e12d,remotefirst,"Senior Director, Finance Operations",Samsara,United States,United States,True,Disclosed,153160,273500,,,SAP mentioned,Data / Analytics,Lead / Manager,Unspecified SAP,,,https://remotefirstjobs.com/companies/samsara/jobs/senior-director-finance-operations-833426,"Who we are Samsara (NYSE: IOT) is the pioneer of the Connected Operations™ Cloud, which is a platform that enables organizations that depend on physical operations to harness Internet of Things (IoT) data to develop actionable insights and improve their operations. At Samsara, we are helping improve the safety, efficiency and sustainability of the physical operations that power our global economy. Representing more t"
c3c9da1ed51b7ad7,remotefirst,Lead Architect IGA IAM Expert Services,Saviynt,United Kingdom,United Kingdom; Germany; Netherlands,True,Not disclosed,,,,,SAP mentioned,Architecture,Lead / Manager,Unspecified SAP,,,https://remotefirstjobs.com/companies/saviynt/jobs/lead-architect-iga-iam-expert-services-794383,"Saviynt’s AI-powered identity platform manages and governs human and non-human access to all of an organization’s applications, data, and business processes. Customers trust Saviynt to safeguard their digital assets, drive operational efficiency, and reduce compliance costs. Built for the AI age, Saviynt is today helping organizations safely accelerate their deployment and usage of AI. Saviynt is recognized as the le"
a25be3514665215e,remotefirst,Technical Account Manager,Saviynt,Netherlands,Netherlands; Germany,True,Disclosed,99437,128683,,,SAP mentioned,Technical / Development,Lead / Manager,Unspecified SAP,,,https://remotefirstjobs.com/companies/saviynt/jobs/technical-account-manager-774553,"Saviynt’s AI-powered identity platform manages and governs human and non-human access to all of an organization’s applications, data, and business processes. Customers trust Saviynt to safeguard their digital assets, drive operational efficiency, and reduce compliance costs. Built for the AI age, Saviynt is today helping organizations safely accelerate their deployment and usage of AI. Saviynt is recognized as the le"
6fdd47b81e85ef46,remotefirst,Technical Account Manager,Saviynt,United Kingdom,United Kingdom,True,Disclosed,100516,127321,,,SAP mentioned,Technical / Development,Lead / Manager,Unspecified SAP,,,https://remotefirstjobs.com/companies/saviynt/jobs/technical-account-manager-764093,"Saviynt’s AI-powered identity platform manages and governs human and non-human access to all of an organization’s applications, data, and business processes. Customers trust Saviynt to safeguard their digital assets, drive operational efficiency, and reduce compliance costs. Built for the AI age, Saviynt is today helping organizations safely accelerate their deployment and usage of AI. Saviynt is recognized as the le"
e063c0dc78dd27ab,remotefirst,Analyst Transportation Planning,Scout Motors Inc.,United States,United States,True,Disclosed,70000,85000,,,SAP module/technical requirement,Data / Analytics,Mid / Unspecified,EWM / WM / Logistics; TM / GTS / Supply Chain,,,https://remotefirstjobs.com/companies/scout-motors-inc/jobs/analyst-transportation-planning-838431,"Here at Scout Motors, we’re carrying forward the heritage of one of the most iconic American vehicles in history. A vehicle dating back to 1960. One that forged the path for future generations of rugged SUVs and trucks and will do so once again. But Scout is more than just a brand, it’s a legacy steeped in a culture of exploration, caretaking, and hard work. The Scout brand is all about respect. Respect for the past "
5b43e575c1af3d0c,remotefirst,Compensation Manager,Scout Motors Inc.,United States,United States,True,Disclosed,120000,145000,,,SAP mentioned,Data / Analytics,Lead / Manager,Unspecified SAP,,,https://remotefirstjobs.com/companies/scout-motors-inc/jobs/compensation-manager-739702,"Here at Scout Motors, we’re carrying forward the heritage of one of the most iconic American vehicles in history. A vehicle dating back to 1960. One that forged the path for future generations of rugged SUVs and trucks and will do so once again. But Scout is more than just a brand, it’s a legacy steeped in a culture of exploration, caretaking, and hard work. The Scout brand is all about respect. Respect for the past "
bb2806dee76b10b6,remotefirst,"Senior Specialist, Finance Systems & Transformation",Scout Motors Inc.,United States,United States,True,Disclosed,100000,125000,,,SAP module/technical requirement,Data / Analytics,Senior,S/4HANA; HANA / Data; FI / CO / FICO,S/4HANA; FICO; SAP Analytics Cloud,,https://remotefirstjobs.com/companies/scout-motors-inc/jobs/senior-specialist-finance-systems-transformation-838424,"Here at Scout Motors, we’re carrying forward the heritage of one of the most iconic American vehicles in history. A vehicle dating back to 1960. One that forged the path for future generations of rugged SUVs and trucks and will do so once again. But Scout is more than just a brand, it’s a legacy steeped in a culture of exploration, caretaking, and hard work. The Scout brand is all about respect. Respect for the past "
a83c210fbbe89713,remotefirst,"Senior Specialist, HR Compliance & Processes",Scout Motors Inc.,United States,United States,True,Disclosed,120000,145000,,,SAP module/technical requirement,Data / Analytics,Senior,HCM / SuccessFactors,SuccessFactors,,https://remotefirstjobs.com/companies/scout-motors-inc/jobs/senior-specialist-hrcompliance-processes-831403,"Here at Scout Motors, we’re carrying forward the heritage of one of the most iconic American vehicles in history. A vehicle dating back to 1960. One that forged the path for future generations of rugged SUVs and trucks and will do so once again. But Scout is more than just a brand, it’s a legacy steeped in a culture of exploration, caretaking, and hard work. The Scout brand is all about respect. Respect for the past "
2855fe8406ade4ca,remotefirst,"Specialist, Engineering Parts Handling Sr. Expert",Scout Motors Inc.,United States,United States,True,Disclosed,110000,135000,,,SAP mentioned,Technical / Development,Senior,Unspecified SAP,,,https://remotefirstjobs.com/companies/scout-motors-inc/jobs/specialist-engineering-parts-handlingsrexpert-838809,"Here at Scout Motors, we’re carrying forward the heritage of one of the most iconic American vehicles in history. A vehicle dating back to 1960. One that forged the path for future generations of rugged SUVs and trucks and will do so once again. But Scout is more than just a brand, it’s a legacy steeped in a culture of exploration, caretaking, and hard work. The Scout brand is all about respect. Respect for the past "
4328cd580c69e37e,remotefirst,"Specialist, HR Operations",Scout Motors Inc.,United States,United States,True,Disclosed,90000,112500,,,SAP module/technical requirement,Technical / Development,Mid / Unspecified,HCM / SuccessFactors,SuccessFactors,,https://remotefirstjobs.com/companies/scout-motors-inc/jobs/specialist-hr-operations-836749,"Here at Scout Motors, we’re carrying forward the heritage of one of the most iconic American vehicles in history. A vehicle dating back to 1960. One that forged the path for future generations of rugged SUVs and trucks and will do so once again. But Scout is more than just a brand, it’s a legacy steeped in a culture of exploration, caretaking, and hard work. The Scout brand is all about respect. Respect for the past "
94ad5e1ff66d483f,remotefirst,"Specialist, IT Systems & Projects",Scout Motors Inc.,United States,United States,True,Disclosed,95000,120000,,,SAP module/technical requirement,Data / Analytics,Mid / Unspecified,EWM / WM / Logistics,,,https://remotefirstjobs.com/companies/scout-motors-inc/jobs/specialist-it-systems-projects-839395,"Here at Scout Motors, we’re carrying forward the heritage of one of the most iconic American vehicles in history. A vehicle dating back to 1960. One that forged the path for future generations of rugged SUVs and trucks and will do so once again. But Scout is more than just a brand, it’s a legacy steeped in a culture of exploration, caretaking, and hard work. The Scout brand is all about respect. Respect for the past "
ad463e1cf7cdb886,remotefirst,"Specialist, KPI and Continuous Improvement",Scout Motors Inc.,United States,United States,True,Disclosed,95000,120000,,,SAP mentioned,Data / Analytics,Mid / Unspecified,Unspecified SAP,,,https://remotefirstjobs.com/companies/scout-motors-inc/jobs/specialist-kpi-and-continuous-improvement-831079,"Here at Scout Motors, we’re carrying forward the heritage of one of the most iconic American vehicles in history. A vehicle dating back to 1960. One that forged the path for future generations of rugged SUVs and trucks and will do so once again. But Scout is more than just a brand, it’s a legacy steeped in a culture of exploration, caretaking, and hard work. The Scout brand is all about respect. Respect for the past "
dbba86dd09f70e5e,remotefirst,"Specialist, LMS & Employee Onboarding",Scout Motors Inc.,United States,United States,True,Disclosed,90000,112500,,,SAP module/technical requirement,Data / Analytics,Mid / Unspecified,HCM / SuccessFactors,SuccessFactors,,https://remotefirstjobs.com/companies/scout-motors-inc/jobs/specialist-lms-employee-onboarding-839396,"Here at Scout Motors, we’re carrying forward the heritage of one of the most iconic American vehicles in history. A vehicle dating back to 1960. One that forged the path for future generations of rugged SUVs and trucks and will do so once again. But Scout is more than just a brand, it’s a legacy steeped in a culture of exploration, caretaking, and hard work. The Scout brand is all about respect. Respect for the past "
8bea47dc9adbb982,remotefirst,"Specialist, Process optimization & Data Management",Scout Motors Inc.,United States,United States,True,Disclosed,95000,120000,,,SAP module/technical requirement,Data / Analytics,Mid / Unspecified,MM / Procurement; PP / QM / Manufacturing; TM / GTS / Supply Chain,SAP MM,,https://remotefirstjobs.com/companies/scout-motors-inc/jobs/specialist-process-optimization-data-management-831077,"Here at Scout Motors, we’re carrying forward the heritage of one of the most iconic American vehicles in history. A vehicle dating back to 1960. One that forged the path for future generations of rugged SUVs and trucks and will do so once again. But Scout is more than just a brand, it’s a legacy steeped in a culture of exploration, caretaking, and hard work. The Scout brand is all about respect. Respect for the past "
26e301d17953bd7c,remotefirst,Sr. Manager Product Portfolio and R&D Controlling,Scout Motors Inc.,United States,United States,True,Disclosed,140000,170000,,,SAP mentioned,Data / Analytics,Lead / Manager,Unspecified SAP,,,https://remotefirstjobs.com/companies/scout-motors-inc/jobs/sr-manager-product-portfolio-and-rd-controlling-838804,"Here at Scout Motors, we’re carrying forward the heritage of one of the most iconic American vehicles in history. A vehicle dating back to 1960. One that forged the path for future generations of rugged SUVs and trucks and will do so once again. But Scout is more than just a brand, it’s a legacy steeped in a culture of exploration, caretaking, and hard work. The Scout brand is all about respect. Respect for the past "
e8bd8fdb1c914562,remotefirst,"Sr. Specialist, Finance Process Excellence",Scout Motors Inc.,United States,United States,True,Disclosed,100000,125000,,,SAP module/technical requirement,Functional Consulting,Senior,S/4HANA; FI / CO / FICO,S/4HANA,,https://remotefirstjobs.com/companies/scout-motors-inc/jobs/sr-specialist-finance-process-excellence-838422,"Here at Scout Motors, we’re carrying forward the heritage of one of the most iconic American vehicles in history. A vehicle dating back to 1960. One that forged the path for future generations of rugged SUVs and trucks and will do so once again. But Scout is more than just a brand, it’s a legacy steeped in a culture of exploration, caretaking, and hard work. The Scout brand is all about respect. Respect for the past "
1b5fa15f16e1ec62,remotefirst,Supplier Quality Engineer - Consignment Specialist,Scout Motors Inc.,United States,United States,True,Disclosed,95000,120000,,,SAP mentioned,Technical / Development,Mid / Unspecified,Unspecified SAP,,,https://remotefirstjobs.com/companies/scout-motors-inc/jobs/supplier-quality-engineer-consignment-specialist-839394,"Here at Scout Motors, we’re carrying forward the heritage of one of the most iconic American vehicles in history. A vehicle dating back to 1960. One that forged the path for future generations of rugged SUVs and trucks and will do so once again. But Scout is more than just a brand, it’s a legacy steeped in a culture of exploration, caretaking, and hard work. The Scout brand is all about respect. Respect for the past "
9a2b92bb8f7a18e3,remotefirst,"Director, SEC & ESG Reporting",ServiceNow,United States,United States,True,Disclosed,180200,315400,,,SAP mentioned,Technical / Development,Lead / Manager,Unspecified SAP,,,https://remotefirstjobs.com/companies/servicenow/jobs/director-sec-esg-reporting-829504,"Company Description It all started when engineer Fred Luddy wrote code that automated a tedious task for his coworker, Phyllis. She cried tears of joy. That moment inspired Fred to build a company that could do that for everyone—freeing people from busywork so they could focus on meaningful work. Today, ServiceNow is the AI control tower for business reinvention. Our ServiceNow AI platform brings together any AI, any"
447b270b8c2e96e1,remotefirst,Indirect Tax Specialist,SharkNinja,United Kingdom,United Kingdom,True,Not disclosed,,,,,SAP mentioned,Data / Analytics,Mid / Unspecified,Unspecified SAP,,,https://remotefirstjobs.com/companies/sharkninja/jobs/indirect-tax-specialist-836296,"About Us SharkNinja is a global product design and technology company, with a diversified portfolio of 5-star rated lifestyle solutions that positively impact people’s lives in homes around the world. Powered by two trusted, global brands, Shark and Ninja , the company has a proven track record of bringing disruptive innovation to market and developing one consumer product after another has allowed SharkNinja to ente"
b6f076294bac5764,remotefirst,Senior AI Engineer,SmartRecruiters,Germany,Germany,True,Not disclosed,,,,,SAP mentioned,Technical / Development,Senior,Unspecified SAP,English,,https://remotefirstjobs.com/companies/smartrecruiters/jobs/senior-ai-engineer-827095,"Company Description SmartRecruiters is the Recruiting AI Company that transforms hiring for the world’s leading enterprises. Built for global scale, SmartRecruiters, an SAP company, delivers an AI-powered hiring platform that automates and optimizes the entire talent acquisition process, ensuring faster and smarter hiring decisions. More than 4,000 companies, including Amazon, Visa, and McDonald’s, rely on SmartRecru"
84ccc1414dc7a9d6,remotefirst,Senior AI Engineer,SmartRecruiters,Poland,Poland,True,Not disclosed,,,,,SAP mentioned,Technical / Development,Senior,Unspecified SAP,English,,https://remotefirstjobs.com/companies/smartrecruiters/jobs/senior-ai-engineer-827092,"Company Description SmartRecruiters is the Recruiting AI Company that transforms hiring for the world’s leading enterprises. Built for global scale, SmartRecruiters, an SAP company, delivers an AI-powered hiring platform that automates and optimizes the entire talent acquisition process, ensuring faster and smarter hiring decisions. More than 4,000 companies, including Amazon, Visa, and McDonald’s, rely on SmartRecru"
cb8eaafb32c93cf1,remotefirst,Senior AI Engineer,SmartRecruiters,United Kingdom,United Kingdom,True,Not disclosed,,,,,SAP mentioned,Technical / Development,Senior,Unspecified SAP,English,,https://remotefirstjobs.com/companies/smartrecruiters/jobs/senior-ai-engineer-827089,"Company Description SmartRecruiters is the Recruiting AI Company that transforms hiring for the world’s leading enterprises. Built for global scale, SmartRecruiters, an SAP company, delivers an AI-powered hiring platform that automates and optimizes the entire talent acquisition process, ensuring faster and smarter hiring decisions. More than 4,000 companies, including Amazon, Visa, and McDonald’s, rely on SmartRecru"
c8058144e9880f8d,remotefirst,Senior Information Security Engineer,SmartRecruiters,Poland,Poland,True,Not disclosed,,,,,SAP module/technical requirement,Basis / Security,Senior,Basis / Security,GRC / Security; English,,https://remotefirstjobs.com/companies/smartrecruiters/jobs/senior-information-security-engineer-836228,"Company Description SmartRecruiters is the Recruiting AI Company that transforms hiring for the world’s leading enterprises. Built for global scale, SmartRecruiters, an SAP company, delivers an AI-powered hiring platform that automates and optimizes the entire talent acquisition process, ensuring faster and smarter hiring decisions. More than 4,000 companies, including Amazon, Visa, and McDonald’s, rely on SmartRecru"
388fcd426419b691,remotefirst,Senior Machine Learning Engineer AI Tools,SmartRecruiters,Poland,Poland,True,Not disclosed,,,,,SAP mentioned,Technical / Development,Senior,Unspecified SAP,English,,https://remotefirstjobs.com/companies/smartrecruiters/jobs/senior-machine-learning-engineer-ai-tools-785217,"Company Description SmartRecruiters is the Recruiting AI Company that transforms hiring for the world’s leading enterprises. Built for global scale, SmartRecruiters, an SAP company, delivers an AI-powered hiring platform that automates and optimizes the entire talent acquisition process, ensuring faster and smarter hiring decisions. More than 4,000 companies, including Amazon, Visa, and McDonald’s, rely on SmartRecru"
1599c83dab913b22,remotefirst,Senior Software Engineer Python,SmartRecruiters,Poland,Poland,True,Not disclosed,,,,,SAP mentioned,Technical / Development,Senior,Unspecified SAP,English,,https://remotefirstjobs.com/companies/smartrecruiters/jobs/senior-software-engineer-python-800286,"Company Description SmartRecruiters is the Recruiting AI Company that transforms hiring for the world’s leading enterprises. Built for global scale, SmartRecruiters, an SAP company, delivers an AI-powered hiring platform that automates and optimizes the entire talent acquisition process, ensuring faster and smarter hiring decisions. More than 4,000 companies, including Amazon, Visa, and McDonald’s, rely on SmartRecru"
a10038bec6687c5c,remotefirst,Senior Software Engineer Python,SmartRecruiters,Germany,Germany,True,Not disclosed,,,,,SAP mentioned,Technical / Development,Senior,Unspecified SAP,English,,https://remotefirstjobs.com/companies/smartrecruiters/jobs/senior-software-engineer-python-800176,"Company Description SmartRecruiters is the Recruiting AI Company that transforms hiring for the world’s leading enterprises. Built for global scale, SmartRecruiters, an SAP company, delivers an AI-powered hiring platform that automates and optimizes the entire talent acquisition process, ensuring faster and smarter hiring decisions. More than 4,000 companies, including Amazon, Visa, and McDonald’s, rely on SmartRecru"
fefd192646ad9ec4,remotefirst,Senior Security Engineer I – GRC FedRAMP (Remote Eligible),Smartsheet,United States,United States,True,Disclosed,145000,210000,,,SAP module/technical requirement,Basis / Security,Lead / Manager,Basis / Security,GRC / Security,,https://remotefirstjobs.com/companies/smartsheet/jobs/senior-security-engineer-i-grc-fedramp-remote-eligible-837461,"For over 20 years, Smartsheet has empowered teams to manage work seamlessly and scale solutions smarter. Now, in our most ambitious chapter yet, we are uniting human teams with AI agents. By orchestrating the work agents do best, automating manual tasks and uncovering insights at scale, we create the space for people to focus on what truly matters: judgment, creativity, and big thinking. That is magic at work, and it"
ff30b129fcc62337,remotefirst,BI / Analytics Engineer,Sol de Janeiro,United States,United States,True,Disclosed,120000,150000,,,SAP module/technical requirement,Technical / Development,Mid / Unspecified,S/4HANA; TM / GTS / Supply Chain,S/4HANA,,https://remotefirstjobs.com/companies/sol-de-janeiro/jobs/bi-analytics-engineer-784978,"Our Story Launched in 2015, Solde Janeiro is a globally recognized, award-winning beauty brand, drawing inspiration from Brazil’s beauty rituals, warmth, and spirit. Solde Janeirodelivers a sensory experience beloved by multi-generational consumers worldwide, with clinically proven results, transformative textures, and transportive fragrances. Headquartered in New York and launched as a digitally native brand, we hav"
9b03d7632df6827e,remotefirst,Director of Systems Integrations,Sol de Janeiro,United States,United States,True,Disclosed,150000,180000,,,SAP module/technical requirement,Technical / Development,Lead / Manager,S/4HANA; BTP / Integration,S/4HANA; SAP BTP,,https://remotefirstjobs.com/companies/sol-de-janeiro/jobs/director-of-systems-integrations-669218,"Our Story Launched in 2015, Solde Janeiro is a globally recognized, award-winning beauty brand, drawing inspiration from Brazil’s beauty rituals, warmth, and spirit. Solde Janeirodelivers a sensory experience beloved by multi-generational consumers worldwide, with clinically proven results, transformative textures, and transportive fragrances. Headquartered in New York and launched as a digitally native brand, we hav"
a0caeb1d0462becb,remotefirst,"Manager, Accounts Payable",Sol de Janeiro,Worldwide / Not specified,Worldwide / Not specified,True,Disclosed,100000,125000,,,SAP module/technical requirement,Functional Consulting,Lead / Manager,S/4HANA; MM / Procurement,S/4HANA; Ariba; Concur,,https://remotefirstjobs.com/companies/sol-de-janeiro/jobs/manager-accounts-payable-839930,"Our Story Launched in 2015, Solde Janeiro is a globally recognized, award-winning beauty brand, drawing inspiration from Brazil’s beauty rituals, warmth, and spirit. Solde Janeirodelivers a sensory experience beloved by multi-generational consumers worldwide, with clinically proven results, transformative textures, and transportive fragrances. Headquartered in New York and launched as a digitally native brand, we hav"
7aea89a2826d1f5e,remotefirst,"Senior Manager, Customer Supply Chain Collaboration - Americas",Sol de Janeiro,Worldwide / Not specified,Worldwide / Not specified,True,Disclosed,110000,130000,,,SAP mentioned,Data / Analytics,Lead / Manager,Unspecified SAP,,,https://remotefirstjobs.com/companies/sol-de-janeiro/jobs/senior-manager-customer-supply-chain-collaboration-americas-830202,"Our Story Launched in 2015, Solde Janeiro is a globally recognized, award-winning beauty brand, drawing inspiration from Brazil’s beauty rituals, warmth, and spirit. Solde Janeirodelivers a sensory experience beloved by multi-generational consumers worldwide, with clinically proven results, transformative textures, and transportive fragrances. Headquartered in New York and launched as a digitally native brand, we hav"
6c03902dd543e998,remotefirst,Anaplan Manager,Spaulding Ridge,Worldwide / Not specified,Worldwide / Not specified,True,Not disclosed,,,,,SAP mentioned,Technical / Development,Lead / Manager,Unspecified SAP,Agile / Scrum,,https://remotefirstjobs.com/companies/spaulding-ridge/jobs/anaplan-manager-837375,"Spaulding Ridge is an advisory and IT implementation firm. We help global organizations get financial clarity into the complex, daily sales, and operational decisions that impact profitable revenue generations, efficient operational performance, and reliable financial management. At Spaulding Ridge, we believe all business is personal. Core to our values is our relationships with our clients, our business partners, o"
4ad3d7a4bc8dae68,remotefirst,Anaplan Manager,Spaulding Ridge,Philippines,Philippines,True,Not disclosed,,,,,SAP mentioned,Technical / Development,Lead / Manager,Unspecified SAP,Agile / Scrum,,https://remotefirstjobs.com/companies/spaulding-ridge/jobs/anaplan-manager-728942,"Spaulding Ridge is an advisory and IT implementation firm. We help global organizations get financial clarity into the complex, daily sales, and operational decisions that impact profitable revenue generations, efficient operational performance, and reliable financial management. At Spaulding Ridge, we believe all business is personal. Core to our values is our relationships with our clients, our business partners, o"
a18c833bdacba88b,remotefirst,Senior Product Manager Financial Engineering Tax Solutions,Spotify,United Kingdom,United Kingdom; Sweden,True,Not disclosed,,,,,SAP mentioned,Data / Analytics,Lead / Manager,Unspecified SAP,,,https://remotefirstjobs.com/companies/spotify/jobs/senior-product-manager-financial-engineering-tax-solutions-804529,"The Platform team creates the technology that enables Spotify to learn quickly and scale easily, enabling rapid growth in our users and our business around the globe. Spanning many disciplines, we work to make the business work; creating the infrastructure, tooling, frameworks, and capabilities needed to welcome a billion customers. At Spotify, our Financial Engineering teams build and scale the internal systems that"
a80211cfc71f1062,remotefirst,Systems Manager Financial Systems Functional Analysis,Spotify,Canada,Canada,True,Disclosed,79602,113718,,,SAP mentioned,Data / Analytics,Lead / Manager,Unspecified SAP,Agile / Scrum,,https://remotefirstjobs.com/companies/spotify/jobs/systems-manager-financial-systems-functional-analysis-801727,"The Platform team creates the technology that enables Spotify to learn quickly and scale easily, enabling rapid growth in our users and our business around the globe. Spanning many disciplines, we work to make the business work; creating the infrastructure, tooling, frameworks, and capabilities needed to welcome a billion customers. Want to be part of a billion-dollar business running some of the biggest SaaS install"
63496471c82e3f72,remotefirst,Integration Solutions Consultant | Remote (UK),Spotted Zebra,United Kingdom,United Kingdom,True,Not disclosed,,,,,SAP module/technical requirement,Technical / Development,Mid / Unspecified,HCM / SuccessFactors,SuccessFactors,,https://remotefirstjobs.com/companies/spotted-zebra/jobs/integration-solutions-consultant-remote-uk-820694,"About Spotted Zebra At Spotted Zebra, we’re building something we genuinely believe in: an AI-native end-to-end hiring platform that helps the world’s leading organisations find the right people, faster and fairer than ever before. In short, we’re making hiring something everyone loves again - both talent teams and candidates alike. We’re a multi-award-winning Series A company giving talent leaders the solution they’"
6e243427e63dbedf,remotefirst,Procurement Specialist,Spreetail,Colombia,Colombia,True,Disclosed,8320,22880,,,SAP mentioned,Data / Analytics,Mid / Unspecified,Unspecified SAP,,,https://remotefirstjobs.com/companies/spreetail/jobs/procurement-specialist-769893,"Spreetail propels brands to increase their ecommerce market share across the globe while improving their operational costs. Learn how we are building one of the fastest-growing ecommerce companies in history: www.spreetail.com. Join our Procurement Operations team and play a key role in keeping our supply chain running smoothly! In this role, you’ll process purchase orders and invoices with accuracy, support vendor d"
41a7527ec7f723b3,remotefirst,Assistant Manager Tax,Sprinto,India,India,True,Not disclosed,,,,,SAP module/technical requirement,Basis / Security,Lead / Manager,Basis / Security,GRC / Security,,https://remotefirstjobs.com/companies/sprinto/jobs/assistant-manager-tax-804899,"Sprinto is an AI-native GRC platform that helps organisations manage risks, audits, vendor oversight, and continuous monitoring from a single connected platform. With a team of 350+ employees serving 3,000+ customers across 75+ countries, Sprinto combines scale with expertise to deliver trust and compliance. Backed by top-tier investors such as Accel, Elevation, and Blume Ventures, we have raised $31.8M in funding to"
bd4468d8fafe3c7a,remotefirst,Accountant Specialist - Austria / Germany m/w/d,Storyblok,Worldwide / Not specified,Worldwide / Not specified,True,Disclosed,52708,52708,,,SAP mentioned,Data / Analytics,Mid / Unspecified,Unspecified SAP,Concur; English; German,,https://remotefirstjobs.com/companies/storyblok/jobs/accountant-specialist-austria-germany-mwd-826165,"Storyblok is a headless CMS that enables marketers and developers to create with joy and succeed in the AI-driven content era. It empowers you to deliver structured and consistent content everywhere: websites, apps, AI search, and beyond. Marketers get a visual editor with reusable components, in-context preview, and workflows to launch fast and stay on brand. Developers have freedom to use their favorite frameworks "
e250db229462cf97,remotefirst,"Director, Strategic Partnerships & Ecosystem",Syndio,United States,United States,True,Disclosed,180000,210000,,,SAP module/technical requirement,Data / Analytics,Lead / Manager,HCM / SuccessFactors,SuccessFactors,,https://remotefirstjobs.com/companies/syndio/jobs/director-strategic-partnerships-ecosystem-835764,"Do you want to empower organizations to build smarter compensation strategies while ensuring fair pay for all employees? Syndio is the leading pay governance and compensation intelligence platform. We help organizations make better pay decisions at every stage of the compensation lifecycle, from leveling and offers to promotions and merit. Our platform gives HR, compensation, and finance leaders the data and decision"
4fe65cddc9c6f17e,remotefirst,Strategic Partner Marketing Manager,Syndio,United States,United States,True,Disclosed,146000,172000,,,SAP mentioned,Data / Analytics,Lead / Manager,Unspecified SAP,,,https://remotefirstjobs.com/companies/syndio/jobs/strategic-partner-marketing-manager-833829,"Do you want to empower organizations to build smarter compensation strategies while ensuring fair pay for all employees? Syndio is the leading pay governance and compensation intelligence platform. We help organizations make better pay decisions at every stage of the compensation lifecycle, from leveling and offers to promotions and merit. Our platform gives HR, compensation, and finance leaders the data and decision"
bb321277ed4d1840,remotefirst,Finance Operations Assistant,Syntegon,Spain,Spain,True,Not disclosed,,,,,SAP mentioned,Data / Analytics,Mid / Unspecified,Unspecified SAP,English,,https://remotefirstjobs.com/companies/syntegon/jobs/finance-operations-assistant-802593,"Descripción de la empresa Syntegon Telstar S.R.U is a company belonging to the Syntegon Group, which operates worldwide with 7,300 colleagues at 49 locations in over 20 countries.is a company belonging to the Syntegon Group, which operates worldwide. As a brand specialising in the development of GMP consulting, engineering, construction and integrated process equipment projects, we serve companies linked to the life "
f6321e5e94e6864d,remotefirst,Tosca Automation Engineer,TTC Global,United States,United States,True,Not disclosed,,,,,SAP mentioned,Technical / Development,Senior,Unspecified SAP,Agile / Scrum,,https://remotefirstjobs.com/companies/ttc/jobs/tosca-automation-engineer-783980,"About TTC The Testing Consultancy is a global specialist software testing and quality engineering company focused on helping organizations deliver reliable, scalable, and high quality software. We partner with clients to strengthen testing practices, improve delivery confidence, and reduce risk across complex enterprise environments. Perks of Working for TTC • Competitive Base Salary • Work Life Balance • Collaborati"
16a22b4453bda17e,remotefirst,Data Science AI/ML Lead | Fulltime | Bangalore/Remote,"TWO95 International, Inc",India,India,True,Disclosed,42014,52518,,,SAP mentioned,Technical / Development,Lead / Manager,Unspecified SAP,,,https://remotefirstjobs.com/companies/two95-international-inc/jobs/data-science-aiml-lead-fulltime-bangaloreremote-822820,"Title: Data Science AI/ML Lead Location: Bangalore/remote Type: Full-time Salary: 40-50LPA Notice Period: Candidates who can join within 30 days preferred What You’ll Do ✅ Lead the architecture, development, and deployment of enterprise-scale AI/ML solutions ✅ Build AI Agents, intelligent automation workflows, and LLM integrations ✅ Drive MLOps, CI/CD, and ML infrastructure best practices ✅ Design and optimize scalab"
9edee91945755aef,remotefirst,Mid Level Business Analyst,Talan,Spain,Spain,True,Not disclosed,,,,,SAP mentioned,Technical / Development,Mid / Unspecified,Unspecified SAP,Agile / Scrum; English,,https://remotefirstjobs.com/companies/talan/jobs/mid-level-business-analyst-838536,"Company Description Talan – Positive Innovation Talan is an international consulting group specializing in innovation and business transformation through technology. With over 7,200 consultants in 21 countries and a turnover of €850M, we are committed to delivering impactful, future-ready solutions. Talan at a Glance Headquartered in Paris and operating globally, Talan combines technology, innovation, and empowerment"
d8ef0dc4d9a39011,remotefirst,Senior Account Executive Microsoft Dynamics 365,Talan,Canada,Canada,True,Not disclosed,,,,,SAP mentioned,Data / Analytics,Senior,Unspecified SAP,English,,https://remotefirstjobs.com/companies/talan/jobs/senior-account-executive-microsoft-dynamics-365-758040,"Company Description Talan is an international group that supports its clients in their end-to-end Data & AI transformation by combining management consulting with technological expertise. With over 6,000 employees across five continents, we accelerate our clients’ transformations through long-term partnerships, creating measurable and sustainable impact. Our value proposition is built on a structured innovation ecosy"
557af872b7bd4b68,remotefirst,Senior Data Engineer,Talan,Spain,Spain,True,Not disclosed,,,,,SAP mentioned,Technical / Development,Senior,Unspecified SAP,Agile / Scrum,,https://remotefirstjobs.com/companies/talan/jobs/senior-data-engineer-840076,"Company Description Talan – Positive Innovation Talan is an international consulting group specializing in innovation and business transformation through technology. With over 7,200 consultants in 21 countries and a turnover of €850M, we are committed to delivering impactful, future-ready solutions. Talan at a Glance Headquartered in Paris and operating globally, Talan combines technology, innovation, and empowerment"
b33d5d88a5c627b2,remotefirst,Senior Data Tester,Talan,Spain,Spain,True,Not disclosed,,,,,SAP mentioned,Technical / Development,Senior,Unspecified SAP,Agile / Scrum,,https://remotefirstjobs.com/companies/talan/jobs/senior-data-tester-840077,"Company Description Talan – Positive Innovation Talan is an international consulting group specializing in innovation and business transformation through technology. With over 7,200 consultants in 21 countries and a turnover of €850M, we are committed to delivering impactful, future-ready solutions. Talan at a Glance Headquartered in Paris and operating globally, Talan combines technology, innovation, and empowerment"
44e3a66307e0f73e,remotefirst,Sneior Data Analyst,Talan,Spain,Spain,True,Not disclosed,,,,,SAP mentioned,Technical / Development,Mid / Unspecified,Unspecified SAP,Agile / Scrum,,https://remotefirstjobs.com/companies/talan/jobs/sneior-data-analyst-840078,"Company Description Talan – Positive Innovation Talan is an international consulting group specializing in innovation and business transformation through technology. With over 7,200 consultants in 21 countries and a turnover of €850M, we are committed to delivering impactful, future-ready solutions. Talan at a Glance Headquartered in Paris and operating globally, Talan combines technology, innovation, and empowerment"
bca2597cc224f522,remotefirst,FP&A Manager,Tide,India,India,True,Not disclosed,,,,,SAP module/technical requirement,Data / Analytics,Lead / Manager,S/4HANA,S/4HANA; German,,https://remotefirstjobs.com/companies/tide/jobs/fpa-manager-825445,"A BOUT TIDE At Tide, we help SMEs save time and money in the running of their businesses by not only offering business accounts and related banking services, but also a comprehensive set of highly usable and connected administrative solutions, from invoicing to accounting. Tide is transforming the small business banking market and now supports over 2 million members globally across the UK, India, Germany and France. "
9216b31b57dfa4a7,remotefirst,CX Specialist (German & English) – Saturday to Wednesday,Too Good To Go,Portugal,Portugal,True,Not disclosed,,,,,SAP mentioned,Functional Consulting,Mid / Unspecified,Unspecified SAP,English; German,,https://remotefirstjobs.com/companies/too-good-to-go/jobs/cx-specialist-german-english-saturday-to-wednesday-827121,"🌏 Mission: At Too Good To Go, we have an ambitious mission: to inspire and empower everyone to fight food waste together. More than 1 ⁄ 3 of all food produced in the world is wasted, which has a huge impact on our planet - 10% of greenhouse gas emissions, to be exact. 🌱Product: Too Good To Go operates the world’s largest marketplace for surplus food, where we connect food businesses with consumers who can buy and enj"
382e639e29a8fb48,remotefirst,Procurement Associate,Tower Research Capital,Singapore,Singapore,True,Not disclosed,,,,,SAP module/technical requirement,Data / Analytics,Junior,MM / Procurement,Ariba,,https://remotefirstjobs.com/companies/tower-research-capital/jobs/procurement-associate-827158,Tower Research Capital is a leading quantitative trading firm founded in 1998. Tower has built its business on a high-performance platform and independent trading teams. We have a 25+ year track record of innovation and a reputation for discovering unique market opportunities. Tower is home to some of the world’s best systematic trading and engineering talent. We empower portfolio managers to build their teams and st
1281dea5d075d132,remotefirst,"Global Mobility, Payroll & Shared Services Professionals - Gulf (Saudi Nationals Only)",Trendyol Group,Saudi Arabia,Saudi Arabia,True,Not disclosed,,,,,SAP module/technical requirement,Data / Analytics,Mid / Unspecified,HCM / SuccessFactors,SuccessFactors; Agile / Scrum,,https://remotefirstjobs.com/companies/trendyol-group/jobs/global-mobility-payroll-shared-services-professionals-gulf-saudi-nationals-only-831420,"About the Team At Trendyol HR, we put people at the heart of everything we do. We expand our global talent network, support talent development, and foster an inclusive culture. Working closely with all teams, we shape and sustain a work environment where people can thrive, while understanding needs and turning them into effective solutions. Through data- and autonomy-driven processes, we continuously improve how we w"
89c0c83badd1ed6b,remotefirst,SAP Business Analysis Professionals,Trendyol Group,Turkey,Turkey,True,Not disclosed,,,,,SAP-titled role,Basis / Security,Lead / Manager,S/4HANA; BTP / Integration; Fiori / UI5; Basis / Security; HANA / Data; FI / CO / FICO,S/4HANA; SAP HANA; SAP Fiori; SAPUI5 / UI5; OData; FICO; SAP Analytics Cloud; GRC / Security; Agile / Scrum,,https://remotefirstjobs.com/companies/trendyol-group/jobs/sap-business-analysis-professionals-761874,"About the Team At Trendyol Finance, we drive financial clarity, sustainability, and smart decision-making at every level of the business. As a strategic partner to commercial teams, we bridge data with action—ensuring efficiency, compliance, and long-term value creation. From budgeting to forecasting, we turn numbers into insights that shape Trendyol’s growth journey in a fast-moving ecosystem. About the Role As an S"
0548fdf1f73c1b14,remotefirst,SAP Consultant,Trimetis,Worldwide / Not specified,Worldwide / Not specified,True,Not disclosed,,,,,Core SAP delivery role,Technical / Development,Mid / Unspecified,ABAP / Development; FI / CO / FICO; MM / Procurement; EWM / WM / Logistics,ABAP; FICO; SAP MM; German,,https://remotefirstjobs.com/companies/trimetis-ag/jobs/sap-consultant-719585,Description 🔎 Open Roles (1–4 Years Experience): • SAP FICO (Finance & Controlling) • SAP MM / SD / PP / LE / EWM (Logistics) • SAP ABAP Developers (Technical Consultants) Requirements ✔ University Degree ✔ 1–4 years of SAP experience ✔ Hands-on experience with SAP ERP ✔ German language level B1 or higher (mandatory) ✔ Strong communication & teamwork skills 🌍 Location: Cairo 🇪🇬 This opportunity is open for Egyptian n
8ae644099c6fbc2d,remotefirst,"Director, Revenue & CoGS Accounting",Twilio,United States,United States,True,Disclosed,188240,253300,,,SAP mentioned,Technical / Development,Lead / Manager,Unspecified SAP,Agile / Scrum,,https://remotefirstjobs.com/companies/twilio/jobs/director-revenue-cogs-accounting-839091,"Who we are At Twilio, we’re shaping the future of communications, all from the comfort of our homes. We deliver innovative solutions to hundreds of thousands of businesses and empower millions of developers worldwide to craft personalized customer experiences. Our dedication to remote-first work, and strong culture of connection and global inclusion means that no matter your location, you’re part of a vibrant team wi"
99e6d15fa66a48c7,remotefirst,"Senior Software Engineer - .NET, Node.js, Python (531)","Ubiminds: You, International.",Worldwide / Not specified,Worldwide / Not specified,True,Not disclosed,,,,,SAP module/technical requirement,Technical / Development,Senior,HCM / SuccessFactors,SuccessFactors; English,,https://remotefirstjobs.com/companies/ubiminds-you-international/jobs/senior-software-engineer-net-nodejs-python-531-826687,"Want to get to the next step in your international career? Ready to take the next step in your international career? We can support you! Ubiminds is a GPTW-certified, people-first company that partners with American software product companies to scale their global teams. We connect top LATAM talent with international product companies while providing full employer-of-record support and long-term career development. I"
0aaf33da6d8169ea,remotefirst,Accountant Internship,Veepee,Spain,Spain,True,Not disclosed,,,,,SAP module/technical requirement,Data / Analytics,Entry / Intern,S/4HANA,S/4HANA; English,,https://remotefirstjobs.com/companies/veepee/jobs/accountant-internship-793532,"We are looking to someone available full time as soon as possible. 📄 JOB DESCRIPTION At Veepee we are looking for students who want to grow and start their professional career in a great team like this one. 🎯 TASKS You will ensure the maintenance of supplier accounts, from the receipt of invoices to the reconciliation of accounts. You will also need to work collaboratively with all cross-functional areas. What will y"
4061909ad032a434,remotefirst,Oracle ERP Test Manager – Contract,Version 1,Ireland,Ireland,True,Not disclosed,,,,,SAP mentioned,Technical / Development,Lead / Manager,Unspecified SAP,,,https://remotefirstjobs.com/companies/version-1/jobs/oracle-erp-test-manager-contract-818170,"Company Description For over 30 years, Version 1 has been a leading Oracle partner specialising in Enterprise Applications, delivering ERP, HCM and EPM solutions that enable organisations to transform and modernise their core systems. Combining deep domain expertise with end-to-end delivery and managed services, we support some of the UK and Ireland’s largest organisations in driving business value through Oracle tec"
db9140a575e08c45,remotefirst,Oracle ERP Test Manager – Outside IR35 Contract,Version 1,United Kingdom,United Kingdom,True,Not disclosed,,,,,SAP mentioned,Technical / Development,Lead / Manager,Unspecified SAP,,,https://remotefirstjobs.com/companies/version-1/jobs/oracle-erp-test-manager-outside-ir35-contract-816850,"Company Description For over 30 years, Version 1 has been a leading Oracle partner specialising in Enterprise Applications, delivering ERP, HCM and EPM solutions that enable organisations to transform and modernise their core systems. Combining deep domain expertise with end-to-end delivery and managed services, we support some of the UK and Ireland’s largest organisations in driving business value through Oracle tec"
bb791664e7864dd7,remotefirst,Global Senior Accountant,Viroclinics-DDL,Worldwide / Not specified,Worldwide / Not specified,True,Not disclosed,,,,,SAP module/technical requirement,Data / Analytics,Lead / Manager,S/4HANA; HANA / Data,S/4HANA; SAP HANA; English,,https://remotefirstjobs.com/companies/viroclinics-ddl/jobs/global-senior-accountant-821199,"Description Global Senior Accountant – Europe Location: Rotterdam, Netherlands (or Remote/Hybrid) Are you a qualified accountant who’s ready to own the close and not just support it? Do you want a role where your work actually lands somewhere, in a business that’s actively being built rather than just maintained? Do you know your way around SAP and feel at home working across multiple entities? The Role Cerba Researc"
fd4a9f325f5a853c,remotefirst,DevOps Engineer,WalkMe,United States,United States,True,Disclosed,100000,150000,,,SAP mentioned,Technical / Development,Mid / Unspecified,Unspecified SAP,,,https://remotefirstjobs.com/companies/walkme/jobs/devops-engineer-761560,"WalkMe, an SAP company, pioneered the Digital Adoption Platform (DAP) to enable business leaders to fully harness technology in today’s complex digital landscape. By leveraging WalkMe’s features—guidance, engagement, insights, and automation—employees boost efficiency, executives gain greater visibility into digital usage, and organizations maximize their digital assets, driving successful digital transformation. Tog"
595c6eb76ad280b0,remotefirst,DevOps Engineer,WalkMe,United States,United States,True,Disclosed,100000,150000,,,SAP mentioned,Technical / Development,Mid / Unspecified,Unspecified SAP,,,https://remotefirstjobs.com/companies/walkme/jobs/devops-engineer-726221,"WalkMe, an SAP company, pioneered the Digital Adoption Platform (DAP) to enable business leaders to fully harness technology in today’s complex digital landscape. By leveraging WalkMe’s features—guidance, engagement, insights, and automation—employees boost efficiency, executives gain greater visibility into digital usage, and organizations maximize their digital assets, driving successful digital transformation. Tog"
f756eff168617801,remotefirst,Pre-Sales AI Consultant,WalkMe,United States,United States,True,Disclosed,220000,300000,,,SAP mentioned,Data / Analytics,Senior,Unspecified SAP,,,https://remotefirstjobs.com/companies/walkme/jobs/presales-ai-consultant-800717,"Industry leader? Well, how about an industry creator?! At WalkMe, now an SAP company, we’re not just the leader in digital adoption, we started the digital adoption revolution - enabling organizations to pinpoint and resolve digital friction, regain control of their tech stack, and be better equipped to manage future change. With over 1,600 clients, including 55 Fortune 100 companies and 6 Fortune 10 companies workin"
62dc0e5cd10029f3,remotefirst,Senior Customer Business Executive,WalkMe,United States,United States,True,Disclosed,250000,260000,,,SAP mentioned,Data / Analytics,Senior,Unspecified SAP,,,https://remotefirstjobs.com/companies/walkme/jobs/senior-customer-business-executive-760071,"WalkMe, an SAP company, pioneered the Digital Adoption Platform (DAP) to enable business leaders to fully harness technology in today’s complex digital landscape. By leveraging WalkMe’s features—guidance, engagement, insights, and automation—employees boost efficiency, executives gain greater visibility into digital usage, and organizations maximize their digital assets, driving successful digital transformation. Tog"
16a9a7285b204d8a,remotefirst,Senior Customer Business Executive,WalkMe,United States,United States,True,Disclosed,250000,260000,,,SAP mentioned,Data / Analytics,Senior,Unspecified SAP,,,https://remotefirstjobs.com/companies/walkme/jobs/senior-customer-business-executive-760053,"WalkMe, an SAP company, pioneered the Digital Adoption Platform (DAP) to enable business leaders to fully harness technology in today’s complex digital landscape. By leveraging WalkMe’s features—guidance, engagement, insights, and automation—employees boost efficiency, executives gain greater visibility into digital usage, and organizations maximize their digital assets, driving successful digital transformation. Tog"
6c8143be63282bb6,remotefirst,Senior Customer Business Executive,WalkMe,United States,United States,True,Disclosed,250000,260000,,,SAP mentioned,Data / Analytics,Senior,Unspecified SAP,,,https://remotefirstjobs.com/companies/walkme/jobs/senior-customer-business-executive-760027,"WalkMe, an SAP company, pioneered the Digital Adoption Platform (DAP) to enable business leaders to fully harness technology in today’s complex digital landscape. By leveraging WalkMe’s features—guidance, engagement, insights, and automation—employees boost efficiency, executives gain greater visibility into digital usage, and organizations maximize their digital assets, driving successful digital transformation. Tog"
be1f47d511854313,remotefirst,Senior Customer Success Manager French Speaking,WalkMe,United Kingdom,United Kingdom,True,Not disclosed,,,,,SAP mentioned,Data / Analytics,Lead / Manager,Unspecified SAP,English,,https://remotefirstjobs.com/companies/walkme/jobs/senior-customer-success-manager-french-speaking-800670,"Industry leader? Well, how about an industry creator?! At WalkMe, now an SAP company, we’re not just the leader in digital adoption, we started the digital adoption revolution - enabling organizations to pinpoint and resolve digital friction, regain control of their tech stack, and be better equipped to manage future change. With over 1,600 clients, including 55 Fortune 100 companies and 6 Fortune 10 companies workin"
349913c02f056d7e,remotefirst,Senior Operations Data Analyst Post Sales Delivery,WalkMe,United States,United States,True,Disclosed,145000,165000,,,SAP mentioned,Data / Analytics,Senior,Unspecified SAP,,,https://remotefirstjobs.com/companies/walkme/jobs/senior-operations-data-analyst-post-sales-delivery-785048,"Industry leader? Well, how about an industry creator?! At WalkMe, now an SAP company, we’re not just the leader in digital adoption, we started the digital adoption revolution - enabling organizations to pinpoint and resolve digital friction, regain control of their tech stack, and be better equipped to manage future change. With over 1,600 clients, including 55 Fortune 100 companies and 6 Fortune 10 companies workin"
03dc0f072142157e,remotefirst,Senior Consultant,Wavestone,Canada,Canada,True,Not disclosed,,,,,SAP mentioned,Technical / Development,Lead / Manager,Unspecified SAP,Agile / Scrum,,https://remotefirstjobs.com/companies/wavestone/jobs/senior-consultant-808160,"Company Description Be part of a global consulting powerhouse, partnering with clients on their most critical strategic transformations. We are Wavestone. Energetic, solution-driven experts who focus as much on people as on performance and growth. Hand in hand, we share a deep desire to make a positive impact. We are an ambitious firm with a worldwide reach and an ever-expanding portfolio of clients, topics, and proj"
6aa22562e14e8fc2,remotefirst,Corporate Accounting Analyst,Waymo,United States,United States,True,Disclosed,130000,160000,,,SAP mentioned,Data / Analytics,Mid / Unspecified,Unspecified SAP,,,https://remotefirstjobs.com/companies/waymo/jobs/corporate-accounting-analyst-743644,"Waymo is an autonomous driving technology company with the mission to be the world’s most trusted driver. Since its start as the Google Self-Driving Car Project in 2009, Waymo has focused on building the Waymo Driver—The World’s Most Experienced Driver™—to improve access to mobility while saving thousands of lives now lost to traffic crashes. The Waymo Driver powers Waymo’s fully autonomous ride-hail service and can "
0308de3a5e4b31d7,remotefirst,Finance Operations Manager Procure to Pay,Waymo,United States,United States,True,Disclosed,200000,247000,,,SAP module/technical requirement,Functional Consulting,Lead / Manager,MM / Procurement,Ariba,,https://remotefirstjobs.com/companies/waymo/jobs/finance-operations-manager-procure-to-pay-809188,"Waymo is an autonomous driving technology company with the mission to be the world’s most trusted driver. Since its start as the Google Self-Driving Car Project in 2009, Waymo has focused on building the Waymo Driver—The World’s Most Experienced Driver™—to improve access to mobility while saving thousands of lives now lost to traffic crashes. The Waymo Driver powers Waymo’s fully autonomous ride-hail service and can "
ef138f607a7bee88,remotefirst,Program Manager - ERP Implementation (FTC 12 Months),WildBrain,Canada,Canada,True,Disclosed,92192,106375,,,SAP module/technical requirement,Project / Program,Lead / Manager,S/4HANA,S/4HANA,,https://remotefirstjobs.com/companies/wildbrain/jobs/program-manager-erp-implementation-ftc-12-months-826913,"Company Description Location: 25 York Street, Toronto, Canada Employment Type: Fixed-term contract, approximately 12 months Vacancy: This posting is for an existing open role at WildBrain’s Toronto office. Hybrid work: Employees work in a hybrid model balancing collaboration in our office and remote work. Find a job that lets your imagination run wild! WildBrain is made up of a team of innovators and creators who bri"
05825e33e3b6d8f0,remotefirst,Accounting Lead,Wing,United States,United States,True,Disclosed,199000,212000,,,SAP mentioned,Data / Analytics,Lead / Manager,Unspecified SAP,,,https://remotefirstjobs.com/companies/wing/jobs/accounting-lead-742803,"About Wing: Wing offers drone delivery as a safe, fast, and sustainable solution for last mile logistics. Consumer appetites for on-demand services are increasing, but current delivery methods are inefficient, costly, and contribute to road accidents and air pollution. Wing’s fleet of highly automated delivery drones can transport small packages directly from businesses to homes on-demand, in minutes. We design, buil"
5abc97c3dc598d50,remotefirst,Supply Chain Systems Analyst,Wing,United States,United States,True,Disclosed,140000,185000,,,SAP module/technical requirement,Data / Analytics,Mid / Unspecified,S/4HANA; HANA / Data,S/4HANA; SAP HANA,,https://remotefirstjobs.com/companies/wing/jobs/supply-chain-systems-analyst-836526,"About Wing: Wing offers drone delivery as a safe, fast, and sustainable solution for last mile logistics. Consumer appetites for on-demand services are increasing, but current delivery methods are inefficient, costly, and contribute to road accidents and air pollution. Wing’s fleet of highly automated delivery drones can transport small packages directly from businesses to homes on-demand, in minutes. We design, buil"
d20dc7084051830f,remotefirst,International Accountant,WorkMotion,Portugal,Portugal,True,Not disclosed,,,,,SAP mentioned,Functional Consulting,Mid / Unspecified,Unspecified SAP,English,,https://remotefirstjobs.com/companies/workmotion/jobs/international-accountant-835223,"Location: Remote (Within +/- 2 hours of CET) Contract type: Full-time Not your typical workplace.… Tired of the 9-to-5 grind? Imagine a World without borders, where opportunities are endless. That’s the future of work, and what we are building at WorkMotion.Our remote-first team spans across the world, helping companies hire, onboard, and manage talent internationally through smart, flexible workforce solutions. Fast"
1c86d321914fbd02,remotefirst,Senior Technical Consultant,Workato,Mexico,Mexico; Costa Rica,True,Not disclosed,,,,,SAP module/technical requirement,Technical / Development,Senior,BTP / Integration,CPI / Integration Suite; English,,https://remotefirstjobs.com/companies/workato/jobs/senior-technical-consultant-799676,"About Workato Workato delivers enterprise infrastructure for the agentic era, redefining iPaaS and helping enterprises unify data, applications, processes, and AI into a single, governed platform. A leader in Enterprise MCP and trusted by 50% of the Fortune 500, Workato’s cloud-native architecture connects every application, data source, and process to power real-time orchestration at scale. With enterprise-grade sec"
e0b2273de22e1097,remotefirst,Technical Consultant II,Workato,South Korea,South Korea,True,Not disclosed,,,,,SAP module/technical requirement,Technical / Development,Mid / Unspecified,BTP / Integration,CPI / Integration Suite; English,,https://remotefirstjobs.com/companies/workato/jobs/technical-consultant-ii-799667,"About Workato Workato delivers enterprise infrastructure for the agentic era, redefining iPaaS and helping enterprises unify data, applications, processes, and AI into a single, governed platform. A leader in Enterprise MCP and trusted by 50% of the Fortune 500, Workato’s cloud-native architecture connects every application, data source, and process to power real-time orchestration at scale. With enterprise-grade sec"
bd42f432a95797b4,remotefirst,General Ledger Accountant,XP Power,Philippines,Philippines,True,Not disclosed,,,,,SAP module/technical requirement,Data / Analytics,Mid / Unspecified,S/4HANA,S/4HANA,,https://remotefirstjobs.com/companies/xp-power/jobs/general-ledger-accountant-801362,"Company Description ABOUT US XP Power is a global leader in providing essential power solutions to the Industrial Technology, Healthcare and Semiconductor Manufacturing Equipment sectors. We design and manufacture power controllers, the essential hardware component in every piece of electrical equipment that converts power from the electricity grid into the right form for equipment to function. Listed as a FTSE 250 c"
16e658c46c398d68,remotefirst,SAP Support Analyst - Finance,XP Power,Philippines,Philippines,True,Not disclosed,,,,,Core SAP delivery role,Data / Analytics,Mid / Unspecified,FI / CO / FICO,,,https://remotefirstjobs.com/companies/xp-power/jobs/sap-support-analyst-finance-785296,"Company Description XP Power is a global leader in providing essential power solutions to the Healthcare, Technology and Industrial markets. We are a fast-growing business, based in numerous locations across North America, Asia and Europe, and are listed as a FTSE 250 company on the London Stock Exchange. We are extremely proud and committed to our culture that values Customer Focus, Flexibility, Knowledge, Speed, an"
7d85e9ed993e6785,remotefirst,Logistics Coordinator International Freight,Xometry,India,India,True,Not disclosed,,,,,SAP mentioned,Data / Analytics,Lead / Manager,Unspecified SAP,,,https://remotefirstjobs.com/companies/xometry/jobs/logistics-coordinator-international-freight-795657,Xometry (NASDAQ: XMTR) powers the industries of today and tomorrow by connecting the people with big ideas to the manufacturers who can bring them to life. Xometry’s digital marketplace gives manufacturers the critical resources they need to grow their business while also making it easy for buyers at Fortune 1000 companies to tap into global manufacturing capacity. Xometry (NASDAQ: XMTR) powers the industries of toda
033379522d5cad59,remotefirst,SAP EPPM Consultant,Yopeso,Worldwide / Not specified,Worldwide / Not specified,True,Not disclosed,,,,,Core SAP delivery role,Technical / Development,Mid / Unspecified,S/4HANA; Fiori / UI5,S/4HANA; SAP Fiori; Agile / Scrum; English; German,,https://remotefirstjobs.com/companies/yopeso/jobs/sap-eppm-consultant-832908,"Description Yopeso has been developing a diverse range of software products, from large-scale applications to smaller solutions, for 20 years. With a growing team of over 300 employees across five locations, we are dedicated to fostering a culture of growth, transparency, and professionalism. At Yopeso, we value authenticity, curiosity, and ambition. These values drive us to build strong connections within our commun"
c60fbe43ddfb236a,remotefirst,SAP EPPM/PMM Consultant,Yopeso,Worldwide / Not specified,Worldwide / Not specified,True,Not disclosed,,,,,Core SAP delivery role,Technical / Development,Mid / Unspecified,S/4HANA; Fiori / UI5,S/4HANA; SAP Fiori; Agile / Scrum; English; German,,https://remotefirstjobs.com/companies/yopeso/jobs/sap-eppmpmm-consultant-835810,"Description Yopeso has been developing a diverse range of software products, from large-scale applications to smaller solutions, for 20 years. With a growing team of over 300 employees across five locations, we are dedicated to fostering a culture of growth, transparency, and professionalism. At Yopeso, we value authenticity, curiosity, and ambition. These values drive us to build strong connections within our commun"
3f56e5fff5fbb4bf,remotefirst,SAP EPPM/PMM Consultant,Yopeso,Worldwide / Not specified,Worldwide / Not specified,True,Not disclosed,,,,,Core SAP delivery role,Technical / Development,Mid / Unspecified,S/4HANA; Fiori / UI5,S/4HANA; SAP Fiori; Agile / Scrum; English; German,,https://remotefirstjobs.com/companies/yopeso/jobs/sap-eppmpmm-consultant-835802,"Description Yopeso has been developing a diverse range of software products, from large-scale applications to smaller solutions, for 20 years. With a growing team of over 300 employees across five locations, we are dedicated to fostering a culture of growth, transparency, and professionalism. At Yopeso, we value authenticity, curiosity, and ambition. These values drive us to build strong connections within our commun"
7b10510dc15bae39,remotefirst,SAP EPPM/PMM Consultant,Yopeso,Worldwide / Not specified,Worldwide / Not specified,True,Not disclosed,,,,,Core SAP delivery role,Technical / Development,Mid / Unspecified,S/4HANA; Fiori / UI5,S/4HANA; SAP Fiori; Agile / Scrum; English; German,,https://remotefirstjobs.com/companies/yopeso/jobs/sap-eppmpmm-consultant-835800,"Description Yopeso has been developing a diverse range of software products, from large-scale applications to smaller solutions, for 20 years. With a growing team of over 300 employees across five locations, we are dedicated to fostering a culture of growth, transparency, and professionalism. At Yopeso, we value authenticity, curiosity, and ambition. These values drive us to build strong connections within our commun"
a030f2c1d7051401,remotefirst,Director Client Partner,Zaelab,Canada,Canada,True,Not disclosed,,,,,SAP mentioned,Functional Consulting,Lead / Manager,Unspecified SAP,Agile / Scrum,,https://remotefirstjobs.com/companies/zaelab/jobs/director-client-partner-787877,"The Director of Client Partner acts as the strategic lead across a portfolio of roughly $10M+ of complex enterprise B2B accounts, reporting directly to the SVP of Client Experience. This role is responsible for shaping and driving strategic account plans, delivering exceptional consulting solutions, and ensuring the long-term success of client relationships. The Director of Client Partner is the trusted advisor and a"
c1819c40dd75d288,remotefirst,Senior Project Manager,Zaelab,United States,United States,True,Not disclosed,,,,,SAP mentioned,Project / Program,Lead / Manager,Unspecified SAP,Agile / Scrum,,https://remotefirstjobs.com/companies/zaelab/jobs/senior-project-manager-824157,"We are looking for a Senior Project Manager to lead complex enterprise delivery initiatives within one of our key strategic accounts. This role will oversee multiple Agile delivery teams, manage project financials, and ensure successful execution of large-scale digital transformation programs. The ideal candidate brings a strong consulting and implementation background, excels at leading cross-functional teams, and h"
78f0c883deaaeb1b,remotefirst,Data & Reporting Analyst,Zelh,Worldwide / Not specified,Worldwide / Not specified,True,Not disclosed,,,,,SAP mentioned,Data / Analytics,Mid / Unspecified,Unspecified SAP,,,https://remotefirstjobs.com/companies/zelh/jobs/data-reporting-analyst-782886,"Description Zelh is a fast-growing, passionate outsourcing company. Our mission is to be the most reliable company by offering and maintaining consistently high-quality services. We achieve the mission by fostering long-term relationships with customers, employees, and vendors. Personal attention, timely communication, and respect for all people are the basis of our business philosophy! At this point, Zelh is looking"
1e3310ebe81d29f2,remotefirst,Staff Software Developer - Integration(Remote First),Zensurance,Canada,Canada,True,Disclosed,109160,126767,,,SAP mentioned,Technical / Development,Lead / Manager,Unspecified SAP,,,https://remotefirstjobs.com/companies/zensurance/jobs/staff-software-developer-integrationremote-first-833437,"About Us: Zensurance is redefining commercial insurance for Canadian businesses. As a leading InsurTech, we make getting the right coverage simple, fast, and accessible through a digital-first experience. Our platform combines advanced technology with deep industry expertise to deliver tailored insurance solutions that help businesses thrive. Zensurance has been recognized for its rapid growth and industry impact: ✅ "
2bcfd94842246a7b,remotefirst,"Enterprise Solution Architect - Billing, CPQ",Zuora,United States,United States,True,Disclosed,150500,194800,,,SAP mentioned,Architecture,Lead / Manager,Unspecified SAP,,,https://remotefirstjobs.com/companies/zuora/jobs/enterprise-solution-architect-billing-cpq-830421,"About Zuora At Zuora, we help businesses grow smarter and adapt faster. Our platform powers modern business models — from subscriptions and usage-based pricing to AI-driven and outcome-based offerings — helping companies launch new products, automate complex billing, and unlock predictable, recurring revenue. We’ve led the Subscription Economy for more than a decade. Now we’re evolving again by building the definitiv"
8072287228ea31e7,remotefirst,Implementation Consultant Billing,Zuora,Costa Rica,Costa Rica,True,Not disclosed,,,,,SAP mentioned,Technical / Development,Mid / Unspecified,Unspecified SAP,,,https://remotefirstjobs.com/companies/zuora/jobs/implementation-consultant-billing-809363,"Costa Rica Company Overview At Zuora, we do Modern Business. We’re helping people subscribe to new ways of doing business that are better for people, companies and ultimately the planet. It’s an approach resulting from the shift to the Subscription Economy that puts customers first by building recurring relationships instead of one-time product sales and focuses on sustainable growth. Through our leading expertise an"
cee99306e8bf185d,remotefirst,Sr. Software Engineer,Zuora,India,India,True,Not disclosed,,,,,SAP mentioned,Technical / Development,Senior,Unspecified SAP,CPI / Integration Suite,,https://remotefirstjobs.com/companies/zuora/jobs/sr-software-engineer-824144,"Company Overview At Zuora, we do Modern Business. We’re helping people subscribe to new ways of doing business that are better for people, companies and ultimately the planet. It’s an approach resulting from the shift to the Subscription Economy that puts customers first by building recurring relationships instead of one-time product sales and focuses on sustainable growth. Through our leading expertise and multi-pro"
03771c604ba2bd20,remotefirst,Technical Account Manager Revenue Advisory,Zuora,Costa Rica,Costa Rica,True,Not disclosed,,,,,SAP module/technical requirement,Technical / Development,Lead / Manager,BTP / Integration,CPI / Integration Suite,,https://remotefirstjobs.com/companies/zuora/jobs/technical-account-manager-revenue-advisory-786281,"About Zuora At Zuora, we’re redefining how modern businesses grow. We help companies thrive in the Subscription Economy, where success is built on recurring relationships rather than one-time transactions. Our platform empowers the world’s most innovative organizations to monetize new business models, manage subscriber relationships, and optimize digital experiences. From media and SaaS to manufacturing and fintech, "
a379efaaf83ab73a,remotefirst,Junior SAP Support Specialist (Ariba and Concur),accesa.eu,Romania,Romania,True,Not disclosed,,,,,Core SAP delivery role,Functional Consulting,Junior,MM / Procurement,Ariba; Concur; English; German,,https://remotefirstjobs.com/companies/accesa-eu/jobs/junior-sap-support-specialist-ariba-and-concur-831479,"Company Description Accesa is a leading technology company headquartered in Cluj-Napoca, with offices in Oradea and 20 years of experience in turning business challenges into opportunities and growth. A value-driven organisation, it has established itself as a partner of choice for major brands in Retail, Manufacturing, Finance, and Banking. It covers the complete digital evolution journey of its customers, from idea"
ac06a207cd3cde5b,remotefirst,SAP FI CO Consultant,accesa.eu,Romania,Romania,True,Not disclosed,,,,,Core SAP delivery role,Functional Consulting,Mid / Unspecified,S/4HANA; FI / CO / FICO; SD / Sales,S/4HANA; FICO; SAP SD; English; German,,https://remotefirstjobs.com/companies/accesa-eu/jobs/sap-fi-co-consultant-832534,"Company Description Accesa is a leading technology company headquartered in Cluj-Napoca, with offices in Oradea and 20 years of experience in turning business challenges into opportunities and growth. A value-driven organisation, it has established itself as a partner of choice for major brands in Retail, Manufacturing, Finance, and Banking. It covers the complete digital evolution journey of its customers, from idea"
99a24619eb94a466,remotefirst,Innovation Architect,apiphani,Worldwide / Not specified,Worldwide / Not specified,True,Disclosed,110334,150984,,,SAP module/technical requirement,Architecture,Mid / Unspecified,S/4HANA; ABAP / Development; Basis / Security,ABAP; S/4HANA; GRC / Security,,https://remotefirstjobs.com/companies/apiphani/jobs/innovation-architect-802700,"Apiphani is a technology-enabled managed services company dedicated to redefining what it means to support mission-critical enterprise workloads. We’re a small but rapidly growing company, which means there’s lots of room for growth and learning opportunities abound! Apiphani is dedicated to creating a diverse and inclusive work environment for all as a fundamental component of our business. Diversity and inclusion a"
64ffbda3cd4b0e74,remotefirst,IT Internal Audit Manager,dLocal,Argentina,Argentina,True,Not disclosed,,,,,SAP module/technical requirement,Data / Analytics,Lead / Manager,FI / CO / FICO,FICO; English,,https://remotefirstjobs.com/companies/dlocal/jobs/it-internal-audit-manager-805361,"Why should you join dLocal? dLocal enables the biggest companies in the world to collect payments in 40 countries in emerging markets. Global brands rely on us to increase conversion rates and simplify payment expansion effortlessly. As both a payments processor and a merchant of record where we operate, we make it possible for our merchants to make inroads into the world’s fastest-growing, emerging markets. By joini"
03ab25aa6a37a673,remotefirst,Part-Time Brand & Digital Marketing Lead (B2B / Consulting),humani,Greece,Greece,True,Not disclosed,,,,,SAP mentioned,Data / Analytics,Lead / Manager,Unspecified SAP,,,https://remotefirstjobs.com/companies/humani/jobs/parttime-brand-digital-marketing-lead-b2b-consulting-816370,"About Noema Consulting Noema stands as a reliable partner, delivering cutting-edge IT solutions and outstanding service to organizations across diverse industries, with a special emphasis on banking. Leveraging deep expertise in digital transformation, data analytics & AI, SAP solutions, and quality assurance & support, Noema empowers clients to streamline processes, make smarter decisions, and drive sustainable busi"
87126105270a0ee2,remotefirst,Senior Frontend Software Engineer,humani,Worldwide / Not specified,Worldwide / Not specified,True,Not disclosed,,,,,SAP mentioned,Technical / Development,Junior,Unspecified SAP,Agile / Scrum,,https://remotefirstjobs.com/companies/humani/jobs/senior-frontend-software-engineer-823872,"About Noema Consulting Noema stands as a reliable partner, delivering cutting-edge IT solutions and outstanding service to organizations across diverse industries, with a special emphasis on banking. Leveraging deep expertise in digital transformation, data analytics & AI, SAP solutions, and quality assurance & support, Noema empowers clients to streamline processes, make smarter decisions, and drive sustainable busi"
d01178d77b62b6b7,remotefirst,"Corporate Finance, FP&A - Associate",iCapital,United States,United States,True,Disclosed,85000,115000,,,SAP mentioned,Data / Analytics,Junior,Unspecified SAP,,,https://remotefirstjobs.com/companies/icapital/jobs/corporate-finance-fpa-associate-818460,"About the Role iCapital is looking to hire a Financial Planning and Analysis (FP&A) Associate to join the Corporate Finance team. This role will involve large-scale responsibilities across financial and managerial reporting, budgeting, forecasting, analysis of key financial and performance indicators, monthly and quarterly management and board reporting duties (including support during the financial close), financial"
adcda26abababe58,remotefirst,SAP IBP Analyst,iHerb,United States,United States,True,Disclosed,115850,184307,,,Core SAP delivery role,Technical / Development,Mid / Unspecified,S/4HANA; BTP / Integration; TM / GTS / Supply Chain,S/4HANA; CPI / Integration Suite,,https://remotefirstjobs.com/companies/iherb-llc/jobs/sap-ibp-analyst-730254,"Job Summary: The SAP IBP (Integrated Business Planning) Analyst will support, configure, and optimize end-to-end supply chain planning processes within our industry domain of e-commerce digital operation, focusing on modules like Demand, Supply, Forecasting and S&OP. This role will translate business requirements into technical solutions, manage system enhancements, and ensure data integrity within SAP IBP and integr"
aaa09a070ece675e,remotefirst,Software Development Intern,iHerb,United States,United States,True,Not disclosed,,,,,SAP mentioned,Technical / Development,Entry / Intern,Unspecified SAP,Agile / Scrum,,https://remotefirstjobs.com/companies/iherb-llc/jobs/software-development-intern-824984,"Job Summary: Software development intern is part of an agile engineering team responsible for building and maintaining enterprise-grade Internet-of-Things (IOT), Warehouse Execution and Control Systems that support high-volume, mission-critical warehouse operations. This role focuses on developing, and supporting scalable software solutions on the Microsoft .NET stack for facilitating warehouse fulfillment. The engin"
029b8af18822bb68,remotefirst,Transportation Management TM Analyst,iHerb,United States,United States,True,Disclosed,115850,184307,,,SAP module/technical requirement,Technical / Development,Mid / Unspecified,S/4HANA; TM / GTS / Supply Chain,S/4HANA; SAP TM,,https://remotefirstjobs.com/companies/iherb-llc/jobs/transportation-management-tm-analyst-730266,"Job Summary: The SAP TM (Transportation Management) Analyst will support, configure, and optimize end-to-end Transportation planning processes within our industry domain of e-commerce digital operation, focusing on transportation planning, carrier selection, freight cost management, and settlement. The SAP Analyst will translate business requirements into technical solutions, manage system enhancements, and ensure da"
7acbf24d37c74f95,remotefirst,Global Payroll & HR Systems Manager,lastminute.com,Switzerland,Switzerland,True,Not disclosed,,,,,SAP mentioned,Technical / Development,Lead / Manager,Unspecified SAP,English,,https://remotefirstjobs.com/companies/lastminute-com/jobs/global-payroll-hr-systems-manager-729134,"Company Description At lastminute.com, we live for the holidays. We are the European Travel-Tech leader in Dynamic Holiday Packages. With technology, we turn spontaneous thoughts into meaningful experiences, helping people travel the world. Job Description We are looking for a Global Payroll & HR Systems Manager to join our team of around 1,700 people worldwide to help us power up the traveller’s journey for millions"
8646a5039ed16d02,remotefirst,Clinical Data Manager II/Senior Clinical Data Manager,"pfm medical, inc.",Poland,Poland,True,Disclosed,52188,78310,,,SAP mentioned,Data / Analytics,Lead / Manager,Unspecified SAP,English,,https://remotefirstjobs.com/companies/pfm-medical-inc/jobs/clinical-data-manager-iisenior-clinical-data-manager-812788,"We are hiring a Clinical Data Manager II or Senior Clinical Data Manager to join our global team. We can consider candidates based in the UK, Poland, Hungary, Romania, Serbia or Slovakia. Position Summary: The Clinical Data Manager II/Senior Clinical Data Manager is responsible and manages all aspects of the clinical trial data management process from study start up to post database lock for assigned projects. Standa"
332e250285340e40,remotefirst,Clinical Data Manager II/Senior Clinical Data Manager,"pfm medical, inc.",Slovakia,Slovakia,True,Not disclosed,,,,,SAP mentioned,Data / Analytics,Lead / Manager,Unspecified SAP,English,,https://remotefirstjobs.com/companies/pfm-medical-inc/jobs/clinical-data-manager-iisenior-clinical-data-manager-812756,"We are hiring a Clinical Data Manager II or Senior Clinical Data Manager to join our global team. We can consider candidates based in the UK, Poland, Hungary, Romania, Serbia or Slovakia. Position Summary: The Clinical Data Manager II/Senior Clinical Data Manager is responsible and manages all aspects of the clinical trial data management process from study start up to post database lock for assigned projects. Standa"
93fa3e06f778b54f,remotefirst,Clinical Data Manager II/Senior Clinical Data Manager,"pfm medical, inc.",Serbia,Serbia,True,Not disclosed,,,,,SAP mentioned,Data / Analytics,Lead / Manager,Unspecified SAP,English,,https://remotefirstjobs.com/companies/pfm-medical-inc/jobs/clinical-data-manager-iisenior-clinical-data-manager-812748,"We are hiring a Clinical Data Manager II or Senior Clinical Data Manager to join our global team. We can consider candidates based in the UK, Poland, Hungary, Romania, Serbia or Slovakia. Position Summary: The Clinical Data Manager II/Senior Clinical Data Manager is responsible and manages all aspects of the clinical trial data management process from study start up to post database lock for assigned projects. Standa"
b24196a89bb49600,remotefirst,Clinical Data Manager II/Senior Clinical Data Manager,"pfm medical, inc.",Hungary,Hungary,True,Not disclosed,,,,,SAP mentioned,Data / Analytics,Lead / Manager,Unspecified SAP,English,,https://remotefirstjobs.com/companies/pfm-medical-inc/jobs/clinical-data-manager-iisenior-clinical-data-manager-812727,"We are hiring a Clinical Data Manager II or Senior Clinical Data Manager to join our global team. We can consider candidates based in the UK, Poland, Hungary, Romania, Serbia or Slovakia. Position Summary: The Clinical Data Manager II/Senior Clinical Data Manager is responsible and manages all aspects of the clinical trial data management process from study start up to post database lock for assigned projects. Standa"
1b57dc3b140df5e5,remotefirst,Senior Clinical Data Manager,"pfm medical, inc.",Taiwan,Taiwan,True,Not disclosed,,,,,SAP mentioned,Data / Analytics,Lead / Manager,Unspecified SAP,English,,https://remotefirstjobs.com/companies/pfm-medical-inc/jobs/senior-clinical-data-manager-739857,"Precision for Medicine is not your typical CRO. At Precision for Medicine we have brought together new technologies, expertise and operational scale to help the life sciences improve the speed, cost and success rate of bringing life-changing therapies to patients. What sets us apart is the way we integrate clinical trial execution with deep scientific knowledge, laboratory expertise and advanced data sciences. As our"
54348fd9c6362e49,remotefirst,Senior Clinical Data Manager,"pfm medical, inc.",China,China,True,Not disclosed,,,,,SAP mentioned,Data / Analytics,Lead / Manager,Unspecified SAP,English,,https://remotefirstjobs.com/companies/pfm-medical-inc/jobs/senior-clinical-data-manager-739835,"Precision for Medicine is not your typical CRO. At Precision for Medicine we have brought together new technologies, expertise and operational scale to help the life sciences improve the speed, cost and success rate of bringing life-changing therapies to patients. What sets us apart is the way we integrate clinical trial execution with deep scientific knowledge, laboratory expertise and advanced data sciences. As our"
78d3fa6f4aeb3d98,remotefirst,Senior Clinical Data Manager (Mexico),"pfm medical, inc.",Mexico,Mexico,True,Not disclosed,,,,,SAP mentioned,Data / Analytics,Lead / Manager,Unspecified SAP,English,,https://remotefirstjobs.com/companies/pfm-medical-inc/jobs/senior-clinical-data-manager-mexico-817253,"We’re expanding our capabilities across Mexico, Brazil, Argentina, Colombia, Chile, and Peru, and we’re hiring a Senior Clinical Data Manager to help build the foundation of our clinical data operations in Mexico. The Senior Clinical Data Manager is responsible and manages all aspects of the clinical trial data management process from study start up to post database lock for assigned projects. Standard Operating Proc"
a4c6f8b95bd90be2,remotefirst,Avionics Production Engineer,true,United States,United States,True,Disclosed,70000,95000,,,SAP mentioned,Technical / Development,Mid / Unspecified,Unspecified SAP,,,https://remotefirstjobs.com/companies/true/jobs/avionics-production-engineer-762315,"A new space race has begun. True Anomaly seeks those with the talent and ambition to build innovative technology that solves the next generation of engineering, manufacturing, and operational challenges for space security and sustainability. OUR MISSION The peaceful use of space is essential for continued prosperity on Earth—from communications and finance to navigation and logistics. True Anomaly builds innovative t"
f64cd419460e7535,remotefirst,Spacecraft Mechanical Production Engineer,true,United States,United States,True,Disclosed,70000,95000,,,SAP mentioned,Technical / Development,Mid / Unspecified,Unspecified SAP,,,https://remotefirstjobs.com/companies/true/jobs/spacecraft-mechanical-production-engineer-762090,"A new space race has begun. True Anomaly seeks those with the talent and ambition to build innovative technology that solves the next generation of engineering, manufacturing, and operational challenges for space security and sustainability. OUR MISSION The peaceful use of space is essential for continued prosperity on Earth—from communications and finance to navigation and logistics. True Anomaly builds innovative t"
